date,extent_pct,invalid_pct,usable_month,reference_median_pct,anomaly_pct,condition_percentile,quality_state,hy_year,confidence,phase,is_hy_peak,is_hy_trough,in_wet_event,wet_event_id,in_low_spell,low_spell_id,regime,route
2005-01-01,0.7144900900834145,2.3143246328936504,True,0.232649004359559,0.4818410857238555,95.0,usable,2005,medium,rising,True,False,True,1,False,,seasonal,per_year_detection
2005-02-01,0.29249374095038644,3.1990797253323944,True,0.4426915538200854,-0.15019781286969897,35.0,usable,2005,medium,receding,False,False,True,1,False,,seasonal,per_year_detection
2005-03-01,0.16026515360502508,3.5702412718676277,True,0.28602827636449013,-0.12576312275946505,5.0,usable,2005,medium,receding,False,False,False,,False,,seasonal,per_year_detection
2005-04-01,0.16333032349703935,1.9311570718353837,True,0.2576491219675146,-0.09431879847047525,0.0,usable,2005,medium,receding,False,False,False,,False,,seasonal,per_year_detection
2005-05-01,0.1627170767459537,1.9336132214219675,True,0.1958005994452056,-0.03308352269925188,20.0,usable,2005,medium,receding,False,False,False,,False,,seasonal,per_year_detection
2005-06-01,0.16131796833869547,2.034552250346296,True,0.21484823243422593,-0.053530264095530466,5.0,usable,2005,medium,receding,False,False,False,,False,,seasonal,per_year_detection
2005-07-01,0.14757424829367274,1.9271857757188309,True,0.18575497885730766,-0.03818073056363491,10.0,usable,2005,medium,receding,False,False,False,,True,1,seasonal,per_year_detection
2005-08-01,0.13186201426079044,1.9261789682526627,True,0.16221048413985423,-0.030348469879063783,0.0,usable,2005,medium,receding,False,False,False,,True,1,seasonal,per_year_detection
2005-09-01,0.11877962834635046,2.063142621187046,True,0.14329607411635592,-0.02451644577000546,0.0,usable,2005,medium,receding,False,True,False,,True,1,seasonal,per_year_detection
2005-10-01,0.11937650599751097,2.333707321727629,True,0.13388042442049009,-0.014503918422979115,15.0,usable,2006,high,rising,False,False,False,,True,1,seasonal,per_year_detection
2005-11-01,0.1218057520813508,3.0200637644728574,True,0.1264014363178788,-0.004595684236528008,35.0,usable,2006,high,rising,False,False,False,,True,1,seasonal,per_year_detection
2005-12-01,0.1745680624755694,41.03283475525695,True,0.1581930372706162,0.01637502520495321,65.0,low,2006,high,rising,False,False,False,,False,,seasonal,per_year_detection
2006-01-01,0.016761867043436893,60.98696414646746,True,0.30903726397108355,-0.29227539692764665,0.0,low,2006,high,rising,False,False,False,,False,,seasonal,per_year_detection
2006-02-01,0.19635081635562854,2.3293691660278157,True,0.4426915538200854,-0.24634073746445687,15.0,usable,2006,high,rising,False,False,False,,False,,seasonal,per_year_detection
2006-03-01,0.12278220279394078,47.257731195567416,True,0.28602827636449013,-0.16324607357054935,0.0,low,2006,high,rising,False,False,False,,False,,seasonal,per_year_detection
2006-04-01,0.9383397513796209,3.2972829359295366,True,0.23959810593757241,0.6987416454420485,100.0,usable,2006,high,rising,True,False,True,2,False,,seasonal,per_year_detection
2006-05-01,0.30602795594582355,1.9292076162023617,True,0.19187893472040796,0.11414902122541559,95.0,usable,2006,high,receding,False,False,True,2,False,,seasonal,per_year_detection
2006-06-01,0.2549691919075856,1.925387670227782,True,0.2043228575118748,0.05064633439571081,95.0,usable,2006,high,receding,False,False,True,2,False,,seasonal,per_year_detection
2006-07-01,0.21496120166631627,1.9344982907304618,True,0.18456184249633817,0.030399359169978102,85.0,usable,2006,high,receding,False,False,True,2,False,,seasonal,per_year_detection
2006-08-01,0.18318352216936315,1.9338089895403892,True,0.16116000491049343,0.022023517258869724,85.0,usable,2006,high,receding,False,False,False,,False,,seasonal,per_year_detection
2006-09-01,0.15580004865165312,1.945969644425873,True,0.1429758473226877,0.012824201328965418,95.0,usable,2006,high,receding,False,False,False,,False,,seasonal,per_year_detection
2006-10-01,0.12574842533877242,1.9410441843707946,True,0.13388042442049009,-0.008131999081717661,25.0,usable,2006,high,receding,False,False,False,,True,2,seasonal,per_year_detection
2006-11-01,0.12852209356390873,2.4457327485514804,True,0.12535472621550858,0.0031673673484001463,65.0,usable,2006,high,receding,False,False,False,,True,2,seasonal,per_year_detection
2006-12-01,0.1140192712165744,5.309608101838904,True,0.16338322933607363,-0.04936395811949923,10.0,usable,2006,high,receding,False,True,False,,True,2,seasonal,per_year_detection
2007-01-01,0.4099819138364696,49.861248112236,True,0.232649004359559,0.1773329094769106,60.0,low,2007,high,rising,False,False,True,3,False,,seasonal,per_year_detection
2007-02-01,0.1396572761352884,8.379260424241028,True,0.4426915538200854,-0.303034277684797,5.0,usable,2007,high,rising,False,False,False,,False,,seasonal,per_year_detection
2007-03-01,0.43774238011263084,18.360899348865367,True,0.2765672652532488,0.16117511485938202,75.0,usable,2007,high,rising,True,False,True,4,False,,seasonal,per_year_detection
2007-04-01,0.29699340537458574,1.927649696806183,True,0.23959810593757241,0.057395299437013325,75.0,usable,2007,high,receding,False,False,True,4,False,,seasonal,per_year_detection
2007-05-01,0.21202951643445603,2.1357742382317038,True,0.19187893472040796,0.02015058171404807,70.0,usable,2007,high,receding,False,False,True,4,False,,seasonal,per_year_detection
2007-06-01,0.19508239144474307,8.698681608654596,True,0.21484823243422593,-0.019765840989482863,35.0,usable,2007,high,receding,False,False,False,,False,,seasonal,per_year_detection
2007-07-01,0.183283196954129,1.9261049382919149,True,0.18575497885730766,-0.002471781903178649,35.0,usable,2007,high,receding,False,False,False,,False,,seasonal,per_year_detection
2007-08-01,0.14701946103455024,1.9319582405216973,True,0.16221048413985423,-0.015191023105303986,20.0,usable,2007,high,receding,False,False,False,,True,3,seasonal,per_year_detection
2007-09-01,0.13917419075195897,1.9263911874734725,True,0.14329607411635592,-0.00412188336439695,30.0,usable,2007,high,receding,False,False,False,,True,3,seasonal,per_year_detection
2007-10-01,0.11278798710509237,9.325517962958697,True,0.13388042442049009,-0.021092437315397713,5.0,usable,2007,high,receding,False,True,False,,True,3,seasonal,per_year_detection
2007-11-01,0.13349586391298898,16.836176632196125,True,0.12535472621550858,0.0081411376974804,95.0,usable,2008,high,rising,False,False,False,,True,3,seasonal,per_year_detection
2007-12-01,0.15173681677562692,38.3130348664664,True,0.16338322933607363,-0.011646412560446712,40.0,low,2008,high,rising,False,False,False,,False,,seasonal,per_year_detection
2008-01-01,0.2693046347204301,20.368382955341836,True,0.27238163361021245,-0.0030769988897823564,50.0,low,2008,high,rising,False,False,False,,False,,seasonal,per_year_detection
2008-02-01,0.08067032490080203,39.18398419378082,True,0.4426915538200854,-0.36202122891928334,0.0,low,2008,high,rising,False,False,False,,False,,seasonal,per_year_detection
2008-03-01,1.084287751430856,2.143738216897914,True,0.2765672652532488,0.8077204861776072,85.0,usable,2008,high,rising,True,False,True,5,False,,seasonal,per_year_detection
2008-04-01,0.30529664620553126,1.9259963610161517,True,0.23959810593757241,0.06569854026795885,80.0,usable,2008,high,receding,False,False,True,5,False,,seasonal,per_year_detection
2008-05-01,0.26470237714335365,1.9232243502637112,True,0.19187893472040796,0.0728234424229457,90.0,usable,2008,high,receding,False,False,True,5,False,,seasonal,per_year_detection
2008-06-01,0.22782100416365206,2.696873632502114,True,0.2043228575118748,0.02349814665177727,65.0,usable,2008,high,receding,False,False,True,5,False,,seasonal,per_year_detection
2008-07-01,0.18543179351272543,1.9260111670083013,True,0.18488502784092042,0.0005467656718050051,50.0,usable,2008,high,receding,False,False,False,,False,,seasonal,per_year_detection
2008-08-01,0.14402737848683794,1.9243792176513748,True,0.16221048413985423,-0.018183105653016285,10.0,usable,2008,high,receding,False,False,False,,True,4,seasonal,per_year_detection
2008-09-01,0.14297452838166477,1.9719327742152002,True,0.14329607411635592,-0.00032154573469114767,45.0,usable,2008,high,receding,False,False,False,,True,4,seasonal,per_year_detection
2008-10-01,0.11195166118742948,2.2073990478101937,True,0.13388042442049009,-0.021928763233060602,0.0,usable,2008,high,receding,False,True,False,,True,4,seasonal,per_year_detection
2008-11-01,0.11484580061617326,6.237463437424942,True,0.1264014363178788,-0.01155563570170555,25.0,usable,2009,high,rising,False,False,False,,True,4,seasonal,per_year_detection
2008-12-01,0.1928763766511032,5.720823147359105,True,0.1581930372706162,0.03468333938048698,80.0,usable,2009,high,rising,False,False,False,,False,,seasonal,per_year_detection
2009-01-01,0.49887105776099555,19.595312751907507,True,0.232649004359559,0.26622205340143656,70.0,usable,2009,high,rising,False,False,True,6,False,,seasonal,per_year_detection
2009-02-01,1.587771388693991,8.972103865680038,True,0.3751912466847388,1.2125801420092523,95.0,usable,2009,high,rising,True,False,True,6,False,,seasonal,per_year_detection
2009-03-01,0.33897909873249377,1.9317953746080525,True,0.2765672652532488,0.06241183347924495,70.0,usable,2009,high,receding,False,False,True,6,False,,seasonal,per_year_detection
2009-04-01,0.2361402148015503,1.9378921531531828,True,0.2576491219675146,-0.02150890716596429,45.0,usable,2009,high,receding,False,False,True,6,False,,seasonal,per_year_detection
2009-05-01,0.18642151229941656,1.9269159776396616,True,0.1958005994452056,-0.009379087145789028,35.0,usable,2009,high,receding,False,False,False,,False,,seasonal,per_year_detection
2009-06-01,0.1854796616905452,1.9238264606111255,True,0.21484823243422593,-0.02936857074368074,30.0,usable,2009,high,receding,False,False,False,,False,,seasonal,per_year_detection
2009-07-01,0.18369189147995094,1.9311603620558613,True,0.18575497885730766,-0.0020630873773567204,45.0,usable,2009,high,receding,False,False,False,,False,,seasonal,per_year_detection
2009-08-01,0.15450292649014466,2.1694364839387887,True,0.16221048413985423,-0.007707557649709568,35.0,usable,2009,high,receding,False,False,False,,False,,seasonal,per_year_detection
2009-09-01,0.14025322154237405,1.947817103224087,True,0.14329607411635592,-0.0030428525739818746,35.0,usable,2009,high,receding,False,False,False,,True,5,seasonal,per_year_detection
2009-10-01,0.11816687458810313,1.957635121129467,True,0.13388042442049009,-0.015713549832386958,10.0,usable,2009,high,receding,False,False,False,,True,5,seasonal,per_year_detection
2009-11-01,0.09753920291363906,4.051880196491967,True,0.1264014363178788,-0.028862233404239754,15.0,usable,2009,high,receding,False,True,False,,True,5,seasonal,per_year_detection
2009-12-01,0.12779743628303866,9.148959796795983,True,0.16338322933607363,-0.03558579305303497,20.0,usable,2010,high,rising,False,False,False,,True,5,seasonal,per_year_detection
2010-01-01,0.760123932392482,47.85872451312962,True,0.232649004359559,0.527474928032923,100.0,low,2010,high,rising,True,False,True,7,False,,seasonal,per_year_detection
2010-02-01,0.47864666098870595,6.639299709473532,True,0.3751912466847388,0.10345541430396715,55.0,usable,2010,high,receding,False,False,True,7,False,,seasonal,per_year_detection
2010-03-01,0.2702446558489255,4.0429768598793805,True,0.28602827636449013,-0.015783620515564645,40.0,usable,2010,high,receding,False,False,True,7,False,,seasonal,per_year_detection
2010-04-01,0.23564689760482246,1.986720670152107,True,0.2576491219675146,-0.02200222436269214,40.0,usable,2010,high,receding,False,False,True,7,False,,seasonal,per_year_detection
2010-05-01,0.1966600470941533,7.975570112953269,True,0.19187893472040796,0.004781112373745344,55.0,usable,2010,high,receding,False,False,False,,False,,seasonal,per_year_detection
2010-06-01,0.22964723232930226,8.387782095278205,True,0.2043228575118748,0.02532437481742747,75.0,usable,2010,high,receding,False,False,False,,False,,seasonal,per_year_detection
2010-07-01,0.13694697401733427,4.452961362940931,True,0.18575497885730766,-0.048808004839973385,0.0,usable,2010,high,receding,False,False,False,,False,,seasonal,per_year_detection
2010-08-01,0.19671617876904152,29.04529811042638,True,0.16116000491049343,0.03555617385854809,100.0,low,2010,high,receding,False,False,False,,False,,seasonal,per_year_detection
2010-09-01,0.13540906247040738,10.549169054818364,True,0.14329607411635592,-0.007887011645948544,15.0,usable,2010,high,receding,False,False,False,,False,,seasonal,per_year_detection
2010-10-01,0.1574899705434233,18.244826950853977,True,0.13290794829441155,0.024582022249011765,90.0,usable,2010,high,receding,False,False,False,,False,,seasonal,per_year_detection
2010-11-01,0.12325976713475716,3.4593674222109625,True,0.1264014363178788,-0.0031416691831216564,40.0,usable,2010,high,receding,False,True,False,,False,,seasonal,per_year_detection
2010-12-01,0.16392706352304512,8.500205638779855,True,0.1581930372706162,0.005734026252428914,55.0,usable,2011,low,rising,False,False,False,,False,,seasonal,per_year_detection
2011-01-01,0.19122444574851016,81.18086506476799,True,0.30903726397108355,-0.11781281822257339,35.0,low,2011,low,rising,False,False,False,,False,,seasonal,per_year_detection
2011-02-01,1.4356248401771976,45.53537151524524,True,0.3751912466847388,1.060433593492459,90.0,low,2011,low,rising,False,False,True,8,False,,seasonal,per_year_detection
2011-03-01,5.2072032029114,87.22335990734739,True,0.2765672652532488,4.930635937658152,100.0,low,2011,low,rising,True,False,True,8,False,,seasonal,per_year_detection
2011-04-01,0.6579768115802843,48.610745531058036,True,0.23959810593757241,0.4183787056427119,95.0,low,2011,low,receding,False,False,True,8,False,,seasonal,per_year_detection
2011-05-01,0.35288891359662233,2.226847541053726,True,0.19187893472040796,0.16100997887621438,100.0,usable,2011,low,receding,False,False,True,8,False,,seasonal,per_year_detection
2011-06-01,0.2825236949641679,2.274090171782411,True,0.2043228575118748,0.07820083745229311,100.0,usable,2011,low,receding,False,False,True,8,False,,seasonal,per_year_detection
2011-07-01,0.2503613844619024,1.9332841993742,True,0.18456184249633817,0.06579954196556426,100.0,usable,2011,low,receding,False,False,True,8,False,,seasonal,per_year_detection
2011-08-01,0.19667271859948385,1.9338139248711057,True,0.16116000491049343,0.03551271368899042,95.0,usable,2011,low,receding,False,False,False,,False,,seasonal,per_year_detection
2011-09-01,0.1688816011096999,1.9284738970358404,True,0.1429758473226877,0.02590575378701221,100.0,usable,2011,low,receding,False,True,False,,False,,seasonal,per_year_detection
2011-10-01,0.1691311241411557,10.90707101282857,True,0.13290794829441155,0.03622317584674414,95.0,usable,2012,low,rising,False,False,False,,False,,seasonal,per_year_detection
2011-11-01,0.09736258647976262,20.50760040930343,True,0.1264014363178788,-0.029038849838116193,10.0,low,2012,low,rising,False,False,False,,False,,seasonal,per_year_detection
2011-12-01,0.8284133441302107,84.5700915668359,True,0.1581930372706162,0.6702203068595946,100.0,low,2012,low,rising,False,False,True,9,False,,seasonal,per_year_detection
2012-01-01,0.05821624126856786,46.749469451947974,True,0.30903726397108355,-0.2508210227025157,5.0,low,2012,low,rising,False,False,False,,False,,seasonal,per_year_detection
2012-02-01,0.34364604671801274,14.913335592618061,True,0.4426915538200854,-0.09904550710207266,45.0,usable,2012,low,rising,False,False,True,10,False,,seasonal,per_year_detection
2012-03-01,1.0994226113282024,58.33635265899168,True,0.2765672652532488,0.8228553460749536,90.0,low,2012,low,rising,True,False,True,10,False,,seasonal,per_year_detection
2012-04-01,0.2722422468614347,10.14692808565102,True,0.23959810593757241,0.03264414092386231,55.0,usable,2012,low,receding,False,False,True,10,False,,seasonal,per_year_detection
2012-05-01,0.1543242175639465,10.708943806324461,True,0.1958005994452056,-0.0414763818812591,0.0,usable,2012,low,receding,False,False,False,,False,,seasonal,per_year_detection
2012-06-01,0.2509189382178228,4.075479302868085,True,0.2043228575118748,0.046596080705948006,90.0,usable,2012,low,receding,False,False,False,,False,,seasonal,per_year_detection
2012-07-01,0.22434330024863275,6.167618637124874,True,0.18456184249633817,0.03978145775229458,95.0,usable,2012,low,receding,False,False,False,,False,,seasonal,per_year_detection
2012-08-01,0.19065851527633604,8.12903257647295,True,0.16116000491049343,0.029498510365842612,90.0,usable,2012,low,receding,False,False,False,,False,,seasonal,per_year_detection
2012-09-01,0.15412322355147126,5.583193224777992,True,0.1429758473226877,0.011147376228783562,85.0,usable,2012,low,receding,False,False,False,,False,,seasonal,per_year_detection
2012-10-01,0.19126520619723378,6.9272779018922055,True,0.13290794829441155,0.05835725790282223,100.0,usable,2012,low,receding,False,False,False,,False,,seasonal,per_year_detection
2012-11-01,0.12507192492917293,17.958837696714056,True,0.1264014363178788,-0.0013295113887058785,45.0,usable,2012,low,receding,False,True,False,,False,,seasonal,per_year_detection
2012-12-01,0.15354667939213024,6.079369988582935,True,0.16338322933607363,-0.009836549943943396,45.0,usable,2013,high,rising,False,False,False,,False,,seasonal,per_year_detection
2013-01-01,0.16797756664708308,39.163925364638686,True,0.30903726397108355,-0.14105969732400048,25.0,low,2013,high,rising,False,False,False,,False,,seasonal,per_year_detection
2013-02-01,0.3338634082197203,57.973888810289175,True,0.4426915538200854,-0.10882814560036508,40.0,low,2013,high,rising,False,False,True,11,False,,seasonal,per_year_detection
2013-03-01,0.24259054304203923,27.260371597500747,True,0.28602827636449013,-0.043437733322450905,30.0,low,2013,high,rising,False,False,True,11,False,,seasonal,per_year_detection
2013-04-01,0.4160011568588932,1.9354886470942418,True,0.23959810593757241,0.1764030509213208,90.0,usable,2013,high,rising,True,False,True,11,False,,seasonal,per_year_detection
2013-05-01,0.20257991921828922,2.4464993699227784,True,0.19187893472040796,0.01070098449788126,65.0,usable,2013,high,receding,False,False,False,,False,,seasonal,per_year_detection
2013-06-01,0.22421455788669217,2.53024535174102,True,0.2043228575118748,0.019891700374817384,60.0,usable,2013,high,receding,False,False,False,,False,,seasonal,per_year_detection
2013-07-01,0.2120306056260259,1.929891982061718,True,0.18456184249633817,0.02746876312968774,80.0,usable,2013,high,receding,False,False,False,,False,,seasonal,per_year_detection
2013-08-01,0.17109014376949885,1.926165807370752,True,0.16116000491049343,0.009930138859005427,65.0,usable,2013,high,receding,False,False,False,,False,,seasonal,per_year_detection
2013-09-01,0.1429771662637106,2.0508322612698278,True,0.14329475517533302,-0.000317588911622424,50.0,usable,2013,high,receding,False,False,False,,True,6,seasonal,per_year_detection
2013-10-01,0.13357115011328602,2.2955555701787578,True,0.13321722260161564,0.0003539275116703766,50.0,usable,2013,high,receding,False,False,False,,True,6,seasonal,per_year_detection
2013-11-01,0.09694534183025454,7.265287186894394,True,0.1264014363178788,-0.029456094487624276,5.0,usable,2013,high,receding,False,True,False,,True,6,seasonal,per_year_detection
2013-12-01,0.18137379044297602,3.8269623697483968,True,0.1581930372706162,0.02318075317235982,70.0,usable,2014,high,rising,False,False,False,,False,,seasonal,per_year_detection
2014-01-01,0.19156821310654756,4.7962037436128595,True,0.30903726397108355,-0.11746905086453599,40.0,usable,2014,high,rising,False,False,False,,False,,seasonal,per_year_detection
2014-02-01,0.5550569139168234,22.652477042486616,True,0.3751912466847388,0.17986566723208464,75.0,low,2014,high,rising,True,False,True,12,False,,seasonal,per_year_detection
2014-03-01,0.27873218844404274,2.151738387989379,True,0.28386335317369615,-0.005131164729653415,50.0,usable,2014,high,receding,False,False,True,12,False,,seasonal,per_year_detection
2014-04-01,0.16352117311530925,4.9229282304207205,True,0.2576491219675146,-0.09412794885220535,5.0,usable,2014,high,receding,False,False,False,,False,,seasonal,per_year_detection
2014-05-01,0.19494115179625787,2.131962517808318,True,0.19273838236935567,0.0022027694269022013,50.0,usable,2014,high,receding,False,False,False,,False,,seasonal,per_year_detection
2014-06-01,0.1991876226093535,1.9265063451901911,True,0.21484823243422593,-0.01566060982487244,40.0,usable,2014,high,receding,False,False,False,,False,,seasonal,per_year_detection
2014-07-01,0.18607816420188988,1.9263089319615307,True,0.18456184249633817,0.0015163217055517153,55.0,usable,2014,high,receding,False,False,False,,False,,seasonal,per_year_detection
2014-08-01,0.16044097843785102,1.926639599119537,True,0.16221048413985423,-0.0017695057020032101,40.0,usable,2014,high,receding,False,False,False,,False,,seasonal,per_year_detection
2014-09-01,0.1404867375393526,1.9269505249546772,True,0.14329607411635592,-0.0028093365770033296,40.0,usable,2014,high,receding,False,False,False,,True,7,seasonal,per_year_detection
2014-10-01,0.12730039862674672,1.9359706643942212,True,0.13388042442049009,-0.006580025793743366,30.0,usable,2014,high,receding,False,True,False,,True,7,seasonal,per_year_detection
2014-11-01,0.1329052668223266,3.728349526701784,True,0.12535472621550858,0.007550540606818007,85.0,usable,2015,high,rising,False,False,False,,True,7,seasonal,per_year_detection
2014-12-01,0.16283939514910217,23.733036445772232,True,0.1587368714575877,0.004102523691514481,50.0,low,2015,high,rising,False,False,False,,False,,seasonal,per_year_detection
2015-01-01,0.6476532561200272,19.858018760837165,True,0.232649004359559,0.41500425176046823,90.0,usable,2015,high,rising,True,False,True,13,False,,seasonal,per_year_detection
2015-02-01,0.28748574184953174,2.7906218845724853,True,0.4426915538200854,-0.15520581197055366,30.0,usable,2015,high,receding,False,False,True,13,False,,seasonal,per_year_detection
2015-03-01,0.20960310856221048,12.052266797398094,True,0.28602827636449013,-0.07642516780227965,20.0,usable,2015,high,receding,False,False,False,,False,,seasonal,per_year_detection
2015-04-01,0.21525395533189806,1.9287749522095476,True,0.2576491219675146,-0.042395166635616544,35.0,usable,2015,high,receding,False,False,False,,False,,seasonal,per_year_detection
2015-05-01,0.1865864265466055,1.9271923561597863,True,0.1958005994452056,-0.009214172898600076,40.0,usable,2015,high,receding,False,False,False,,False,,seasonal,per_year_detection
2015-06-01,0.17036859962339007,1.9337448302410745,True,0.21484823243422593,-0.04447963281083586,20.0,usable,2015,high,receding,False,False,False,,False,,seasonal,per_year_detection
2015-07-01,0.16426924166350668,1.92686168900178,True,0.18575497885730766,-0.02148573719380098,25.0,usable,2015,high,receding,False,False,False,,False,,seasonal,per_year_detection
2015-08-01,0.149373390178081,1.9333022955868273,True,0.16221048413985423,-0.012837093961773238,25.0,usable,2015,high,receding,False,False,False,,True,8,seasonal,per_year_detection
2015-09-01,0.1366188610860045,1.9765259220020333,True,0.14329607411635592,-0.006677213030351431,20.0,usable,2015,high,receding,False,False,False,,True,8,seasonal,per_year_detection
2015-10-01,0.12852846339019114,1.9808229499458758,True,0.13388042442049009,-0.005351961030298946,35.0,usable,2015,high,receding,False,True,False,,True,8,seasonal,per_year_detection
2015-11-01,0.13097251775746838,2.1293155354340296,True,0.12535472621550858,0.0056177915419597935,80.0,usable,2016,high,rising,False,False,False,,True,8,seasonal,per_year_detection
2015-12-01,0.3337508632302039,12.037230489815123,True,0.1581930372706162,0.17555782595958772,95.0,usable,2016,high,rising,False,False,True,14,False,,seasonal,per_year_detection
2016-01-01,0.5638438177669607,5.80535549187151,True,0.232649004359559,0.3311948134074017,80.0,usable,2016,high,rising,True,False,True,14,False,,seasonal,per_year_detection
2016-02-01,0.5075583849223205,2.5483974981163486,True,0.3751912466847388,0.13236713823758173,65.0,usable,2016,high,receding,False,False,True,14,False,,seasonal,per_year_detection
2016-03-01,0.2744023420624549,4.262475693496222,True,0.28602827636449013,-0.011625934302035235,45.0,usable,2016,high,receding,False,False,True,14,False,,seasonal,per_year_detection
2016-04-01,0.21088368629991097,1.9277747251843347,True,0.2576491219675146,-0.04676543566760363,25.0,usable,2016,high,receding,False,False,False,,False,,seasonal,per_year_detection
2016-05-01,0.1810169815873333,1.9288193701859961,True,0.1958005994452056,-0.0147836178578723,30.0,usable,2016,high,receding,False,False,False,,False,,seasonal,per_year_detection
2016-06-01,0.18303592862966941,3.2047158730106506,True,0.21484823243422593,-0.03181230380455652,25.0,usable,2016,high,receding,False,False,False,,False,,seasonal,per_year_detection
2016-07-01,0.16357767594564082,1.9265836653714166,True,0.18575497885730766,-0.022177302911666835,20.0,usable,2016,high,receding,False,False,False,,False,,seasonal,per_year_detection
2016-08-01,0.1610819230152201,1.9257199824960272,True,0.16221048413985423,-0.0011285611246341365,45.0,usable,2016,high,receding,False,False,False,,False,,seasonal,per_year_detection
2016-09-01,0.14361498196900124,3.6336306595904992,True,0.1429758473226877,0.0006391346463135439,55.0,usable,2016,high,receding,False,False,False,,True,9,seasonal,per_year_detection
2016-10-01,0.13418969872769418,2.0373209708782585,True,0.13290794829441155,0.0012817504332826302,55.0,usable,2016,high,receding,False,False,False,,True,9,seasonal,per_year_detection
2016-11-01,0.1275782362069293,3.855529709045803,True,0.12535472621550858,0.002223509991420708,60.0,usable,2016,high,receding,False,True,False,,True,9,seasonal,per_year_detection
2016-12-01,0.24491383043420042,8.421098867835134,True,0.1581930372706162,0.08672079316358422,90.0,usable,2017,medium,rising,False,False,False,,False,,seasonal,per_year_detection
2017-01-01,0.14993002465815336,64.34260078767878,True,0.30903726397108355,-0.1591072393129302,15.0,low,2017,medium,rising,False,False,False,,False,,seasonal,per_year_detection
2017-02-01,0.5090450615894012,9.916050024512142,True,0.3751912466847388,0.13385381490466242,70.0,usable,2017,medium,rising,True,False,True,15,False,,seasonal,per_year_detection
2017-03-01,0.2569826521285955,10.672165721825019,True,0.28602827636449013,-0.02904562423589463,35.0,usable,2017,medium,receding,False,False,True,15,False,,seasonal,per_year_detection
2017-04-01,0.2880933391390119,2.020884674482037,True,0.23959810593757241,0.0484952332014395,60.0,usable,2017,medium,receding,False,False,True,15,False,,seasonal,per_year_detection
2017-05-01,0.18881671764455804,3.181462239784688,True,0.1958005994452056,-0.006983881800647546,45.0,usable,2017,medium,receding,False,False,False,,False,,seasonal,per_year_detection
2017-06-01,0.22168094281455822,2.9078886326172717,True,0.2043228575118748,0.01735808530268343,55.0,usable,2017,medium,receding,False,False,False,,False,,seasonal,per_year_detection
2017-07-01,0.20976820525255693,1.9254320882042306,True,0.18456184249633817,0.025206362756218764,75.0,usable,2017,medium,receding,False,False,False,,False,,seasonal,per_year_detection
2017-08-01,0.17602888471303227,1.9273321905300875,True,0.16116000491049343,0.014868879802538842,70.0,usable,2017,medium,receding,False,False,False,,False,,seasonal,per_year_detection
2017-09-01,0.1509121970094724,2.2181465530005164,True,0.1429758473226877,0.007936349686784694,80.0,usable,2017,medium,receding,False,False,False,,False,,seasonal,per_year_detection
2017-10-01,0.13606180019319272,1.9572731968769228,True,0.13290794829441155,0.0031538518987811737,60.0,usable,2017,medium,receding,False,False,False,,True,10,seasonal,per_year_detection
2017-11-01,0.09582812216151727,8.635622888089731,True,0.1264014363178788,-0.03057331415636154,0.0,usable,2017,medium,receding,False,False,False,,True,10,seasonal,per_year_detection
2017-12-01,0.02505734929138568,15.943437819768302,True,0.16338322933607363,-0.13832588004468796,0.0,usable,2017,medium,receding,False,True,False,,True,10,seasonal,per_year_detection
2018-01-01,0.6385332783404684,36.79962721801988,True,0.232649004359559,0.40588427398090937,85.0,low,2018,high,rising,False,False,True,16,False,,seasonal,per_year_detection
2018-02-01,1.1352523474298117,11.289289345279027,True,0.3751912466847388,0.7600611007450729,85.0,usable,2018,high,rising,True,False,True,16,False,,seasonal,per_year_detection
2018-03-01,0.29332436428493747,2.777181333921186,True,0.2765672652532488,0.01675709903168865,55.0,usable,2018,high,receding,False,False,True,16,False,,seasonal,per_year_detection
2018-04-01,0.2942621751954717,2.189733854065561,True,0.23959810593757241,0.054664069257899295,70.0,usable,2018,high,receding,False,False,True,16,False,,seasonal,per_year_detection
2018-05-01,0.24985178752912374,1.9288226604064738,True,0.19187893472040796,0.05797285280871578,85.0,usable,2018,high,receding,False,False,True,16,False,,seasonal,per_year_detection
2018-06-01,0.2404086038759771,1.9285248954532443,True,0.2043228575118748,0.036085746364102306,85.0,usable,2018,high,receding,False,False,True,16,False,,seasonal,per_year_detection
2018-07-01,0.2163478127374521,1.9273223198686544,True,0.18456184249633817,0.03178597024111393,90.0,usable,2018,high,receding,False,False,True,16,False,,seasonal,per_year_detection
2018-08-01,0.17800968763879224,1.9271923561597863,True,0.16116000491049343,0.016849682728298815,75.0,usable,2018,high,receding,False,False,False,,False,,seasonal,per_year_detection
2018-09-01,0.15521799480806422,1.9778469455238195,True,0.1429758473226877,0.012242147485376526,90.0,usable,2018,high,receding,False,False,False,,False,,seasonal,per_year_detection
2018-10-01,0.14179738118942228,1.963309106343216,True,0.13290794829441155,0.008889432895010735,75.0,usable,2018,high,receding,False,False,False,,True,11,seasonal,per_year_detection
2018-11-01,0.12888737165616548,4.1300722861438945,True,0.12535472621550858,0.0035326454406569008,75.0,usable,2018,high,receding,False,True,False,,True,11,seasonal,per_year_detection
2018-12-01,0.1413574473943019,4.671262556303898,True,0.16338322933607363,-0.022025781941771738,30.0,usable,2019,high,rising,False,False,False,,True,11,seasonal,per_year_detection
2019-01-01,0.1703520013150755,27.083892396629498,True,0.30903726397108355,-0.13868526265600806,30.0,low,2019,high,rising,False,False,False,,False,,seasonal,per_year_detection
2019-02-01,0.1910070232393821,11.082046582941523,True,0.4426915538200854,-0.2516845305807033,10.0,usable,2019,high,rising,False,False,False,,False,,seasonal,per_year_detection
2019-03-01,0.16840218370184137,2.3331035662699757,True,0.28602827636449013,-0.11762609266264876,10.0,usable,2019,high,rising,False,False,False,,False,,seasonal,per_year_detection
2019-04-01,0.19394112602546243,1.9360858221109396,True,0.2576491219675146,-0.06370799594205218,20.0,usable,2019,high,rising,True,False,False,,False,,seasonal,per_year_detection
2019-05-01,0.15484867902715058,1.9310452043391428,True,0.1958005994452056,-0.04095192041805501,5.0,usable,2019,high,receding,False,False,False,,False,,seasonal,per_year_detection
2019-06-01,0.1618792547739987,1.9321572988605966,True,0.21484823243422593,-0.052968977660227234,10.0,usable,2019,high,receding,False,False,False,,False,,seasonal,per_year_detection
2019-07-01,0.14727013554891225,1.9268551085608248,True,0.18575497885730766,-0.03848484330839541,5.0,usable,2019,high,receding,False,False,False,,True,12,seasonal,per_year_detection
2019-08-01,0.13560067458453004,1.981762307892252,True,0.16221048413985423,-0.026609809555324188,5.0,usable,2019,high,receding,False,False,False,,True,12,seasonal,per_year_detection
2019-09-01,0.13532476358130086,1.9241489022179377,True,0.14329607411635592,-0.007971310535055065,10.0,usable,2019,high,receding,False,False,False,,True,12,seasonal,per_year_detection
2019-10-01,0.12549537460264482,1.9255307948185607,True,0.13388042442049009,-0.00838504981784527,20.0,usable,2019,high,receding,False,False,False,,True,12,seasonal,per_year_detection
2019-11-01,0.11730773451391897,2.030538181363533,True,0.1264014363178788,-0.009093701803959839,30.0,usable,2019,high,receding,False,True,False,,True,12,seasonal,per_year_detection
2019-12-01,0.11779047092200413,2.4096966087697536,True,0.16338322933607363,-0.0455927584140695,15.0,usable,2020,high,rising,False,False,False,,True,12,seasonal,per_year_detection
2020-01-01,0.5116385044371546,8.302295586827274,True,0.232649004359559,0.27898950007759565,75.0,usable,2020,high,rising,True,False,True,17,False,,seasonal,per_year_detection
2020-02-01,0.2443656716603915,33.99649920541175,True,0.4426915538200854,-0.1983258821596939,20.0,low,2020,high,receding,False,False,True,17,False,,seasonal,per_year_detection
2020-03-01,0.2124090012594287,1.985325616669573,True,0.28602827636449013,-0.07361927510506144,25.0,usable,2020,high,receding,False,False,True,17,False,,seasonal,per_year_detection
2020-04-01,0.17515076716167355,2.2997588268389864,True,0.2576491219675146,-0.08249835480584106,15.0,usable,2020,high,receding,False,False,False,,False,,seasonal,per_year_detection
2020-05-01,0.15968962279642335,1.929811371660015,True,0.1958005994452056,-0.03611097664878224,15.0,usable,2020,high,receding,False,False,False,,False,,seasonal,per_year_detection
2020-06-01,0.15049094740373425,1.9236685300281973,True,0.21484823243422593,-0.06435728503049168,0.0,usable,2020,high,receding,False,False,False,,False,,seasonal,per_year_detection
2020-07-01,0.15018528471043854,1.9245157618011983,True,0.18575497885730766,-0.03556969414686911,15.0,usable,2020,high,receding,False,False,False,,False,,seasonal,per_year_detection
2020-08-01,0.14414427833482846,1.9240271640602638,True,0.16221048413985423,-0.01806620580502577,15.0,usable,2020,high,receding,False,False,False,,True,13,seasonal,per_year_detection
2020-09-01,0.13139898178202974,1.9336428334062665,True,0.14329607411635592,-0.011897092334326176,5.0,usable,2020,high,receding,False,False,False,,True,13,seasonal,per_year_detection
2020-10-01,0.1322447464755371,4.27255034859886,True,0.13388042442049009,-0.001635677944952979,45.0,usable,2020,high,receding,False,False,False,,True,13,seasonal,per_year_detection
2020-11-01,0.12871238222898537,2.1157713428376836,True,0.12535472621550858,0.0033576560134767897,70.0,usable,2020,high,receding,False,True,False,,True,13,seasonal,per_year_detection
2020-12-01,0.22384948989968448,15.067729188532924,True,0.1581930372706162,0.06565645262906827,85.0,usable,2021,medium,rising,False,False,False,,False,,seasonal,per_year_detection
2021-01-01,0.08929691632023187,24.2762584270772,True,0.30903726397108355,-0.21974034765085168,10.0,low,2021,medium,rising,False,False,False,,False,,seasonal,per_year_detection
2021-02-01,2.7687761996866587,81.05510461256009,True,0.3751912466847388,2.3935849530019198,100.0,low,2021,medium,rising,True,False,True,18,False,,seasonal,per_year_detection
2021-03-01,0.5011214925537346,5.97798842500436,True,0.2765672652532488,0.2245542273004858,80.0,usable,2021,medium,receding,False,False,True,18,False,,seasonal,per_year_detection
2021-04-01,0.21413336697192117,2.123894897197061,True,0.2576491219675146,-0.04351575499559343,30.0,usable,2021,medium,receding,False,False,True,18,False,,seasonal,per_year_detection
2021-05-01,0.2138393938438355,1.9224100206954868,True,0.19187893472040796,0.021960459123427534,75.0,usable,2021,medium,receding,False,False,True,18,False,,seasonal,per_year_detection
2021-06-01,0.22782824012438316,1.9222800569866187,True,0.2043228575118748,0.02350538261250837,70.0,usable,2021,medium,receding,False,False,True,18,False,,seasonal,per_year_detection
2021-07-01,0.2000939479257228,2.3838848291223993,True,0.18456184249633817,0.01553210542938463,70.0,usable,2021,medium,receding,False,False,False,,False,,seasonal,per_year_detection
2021-08-01,0.16123808680576676,1.931941789419309,True,0.1621324022445809,-0.0008943154388141306,50.0,usable,2021,medium,receding,False,False,False,,False,,seasonal,per_year_detection
2021-09-01,0.14592358827766058,2.1334546327949435,True,0.1429758473226877,0.002947740954972883,65.0,usable,2021,medium,receding,False,False,False,,True,14,seasonal,per_year_detection
2021-10-01,0.14504559709730291,2.683189605535467,True,0.13290794829441155,0.012137648802891365,80.0,usable,2021,medium,receding,False,False,False,,True,14,seasonal,per_year_detection
2021-11-01,0.12563752750184426,3.167827566125206,True,0.12611863503154314,-0.0004811075296988765,50.0,usable,2021,medium,receding,False,True,False,,True,14,seasonal,per_year_detection
2021-12-01,0.16875037507819654,13.759369725365296,True,0.1581930372706162,0.010557337807580336,60.0,usable,2022,high,rising,False,False,False,,False,,seasonal,per_year_detection
2022-01-01,0.19599337399868785,16.04030355574127,True,0.30903726397108355,-0.1130438899723957,45.0,usable,2022,high,rising,False,False,False,,False,,seasonal,per_year_detection
2022-02-01,0.26975331886008846,5.204395076514078,True,0.4426915538200854,-0.17293823495999694,25.0,usable,2022,high,rising,True,False,False,,False,,seasonal,per_year_detection
2022-03-01,0.20551672813351157,2.054667013236557,True,0.28602827636449013,-0.08051154823097856,15.0,usable,2022,high,receding,False,False,False,,False,,seasonal,per_year_detection
2022-04-01,0.17367098499130057,2.029964037890179,True,0.2576491219675146,-0.08397813697621404,10.0,usable,2022,high,receding,False,False,False,,False,,seasonal,per_year_detection
2022-05-01,0.15858726126632153,1.9535124748709412,True,0.1958005994452056,-0.03721333817888406,10.0,usable,2022,high,receding,False,False,False,,False,,seasonal,per_year_detection
2022-06-01,0.16383068428816053,1.952522118507161,True,0.21484823243422593,-0.051017548146065406,15.0,usable,2022,high,receding,False,False,False,,False,,seasonal,per_year_detection
2022-07-01,0.17786761549976995,1.953370995390401,True,0.18575497885730766,-0.007887363357537702,30.0,usable,2022,high,receding,False,False,False,,False,,seasonal,per_year_detection
2022-08-01,0.15121702066998952,1.9528922683108996,True,0.16221048413985423,-0.010993463469864712,30.0,usable,2022,high,receding,False,False,False,,False,,seasonal,per_year_detection
2022-09-01,0.13734816561975982,1.9532344512405777,True,0.14329607411635592,-0.005947908496596099,25.0,usable,2022,high,receding,False,False,False,,True,15,seasonal,per_year_detection
2022-10-01,0.13789344619304106,1.95082600985092,True,0.13290794829441155,0.0049854978986295095,65.0,usable,2022,high,receding,False,False,False,,True,15,seasonal,per_year_detection
2022-11-01,0.1331592918772832,3.2288035771277035,True,0.12535472621550858,0.007804565661774621,90.0,usable,2022,high,receding,False,False,False,,True,15,seasonal,per_year_detection
2022-12-01,0.13313527349733237,3.9811667779857927,True,0.16338322933607363,-0.030247955838741264,25.0,usable,2022,high,receding,False,True,False,,True,15,seasonal,per_year_detection
2023-01-01,0.49404864266668963,31.56216049037446,True,0.232649004359559,0.26139963830713064,65.0,low,2023,high,rising,True,False,True,19,False,,seasonal,per_year_detection
2023-02-01,0.4794603215351603,51.05331966795095,True,0.3751912466847388,0.10426907485042153,60.0,low,2023,high,receding,False,False,True,19,False,,seasonal,per_year_detection
2023-03-01,0.304904550765285,2.799661765334895,True,0.2765672652532488,0.02833728551203618,60.0,usable,2023,high,receding,False,False,True,19,False,,seasonal,per_year_detection
2023-04-01,0.24305599707359452,2.579794427024555,True,0.25419123083149253,-0.011135233757898017,50.0,usable,2023,high,receding,False,False,True,19,False,,seasonal,per_year_detection
2023-05-01,0.19967085124035833,1.9537592414067666,True,0.19187893472040796,0.00779191651995037,60.0,usable,2023,high,receding,False,False,False,,False,,seasonal,per_year_detection
2023-06-01,0.20801552205389365,1.950837525622592,True,0.21115556789220707,-0.0031400458383134267,50.0,usable,2023,high,receding,False,False,False,,False,,seasonal,per_year_detection
2023-07-01,0.18367005925854363,1.9508523316147415,True,0.18575497885730766,-0.002084919598764029,40.0,usable,2023,high,receding,False,False,False,,False,,seasonal,per_year_detection
2023-08-01,0.1631828814739417,1.95344338024091,True,0.16116000491049343,0.002022876563448267,55.0,usable,2023,high,receding,False,False,False,,False,,seasonal,per_year_detection
2023-09-01,0.14627802035244677,1.9510925177096117,True,0.1429758473226877,0.0033021730297590757,70.0,usable,2023,high,receding,False,False,False,,True,16,seasonal,per_year_detection
2023-10-01,0.13884287901968198,1.9601455593539323,True,0.13290794829441155,0.005934930725270432,70.0,usable,2023,high,receding,False,False,False,,True,16,seasonal,per_year_detection
2023-11-01,0.12716534513391334,3.588638539668543,True,0.12535472621550858,0.001810618918404755,55.0,usable,2023,high,receding,False,True,False,,True,16,seasonal,per_year_detection
2023-12-01,0.142760872334076,6.060123843898779,True,0.16338322933607363,-0.020622357001997632,35.0,usable,2024,high,rising,False,False,False,,True,16,seasonal,per_year_detection
2024-01-01,0.1657848147551061,26.547732873579857,True,0.30903726397108355,-0.14325244921597746,20.0,low,2024,high,rising,False,False,False,,False,,seasonal,per_year_detection
2024-02-01,0.8125930362187056,16.021524622364943,True,0.3751912466847388,0.4374017895339668,80.0,usable,2024,high,rising,False,False,True,20,False,,seasonal,per_year_detection
2024-03-01,1.2728859747306895,28.33113107909361,True,0.2765672652532488,0.9963187094774407,95.0,low,2024,high,rising,True,False,True,20,False,,seasonal,per_year_detection
2024-04-01,0.3598611311468376,1.959765538888761,True,0.23959810593757241,0.12026302520926518,85.0,usable,2024,high,receding,False,False,True,20,False,,seasonal,per_year_detection
2024-05-01,0.22342265854792134,1.9535684086190617,True,0.19187893472040796,0.03154372382751339,80.0,usable,2024,high,receding,False,False,True,20,False,,seasonal,per_year_detection
2024-06-01,0.23384456396078607,1.9516831122853542,True,0.2043228575118748,0.029521706448911278,80.0,usable,2024,high,receding,False,False,True,20,False,,seasonal,per_year_detection
2024-07-01,0.19921517947419728,1.950807913638293,True,0.18456184249633817,0.014653336977859116,65.0,usable,2024,high,receding,False,False,False,,False,,seasonal,per_year_detection
2024-08-01,0.18251193455033235,1.9506302417324985,True,0.16116000491049343,0.021351929639838924,80.0,usable,2024,high,receding,False,False,False,,False,,seasonal,per_year_detection
2024-09-01,0.1481431414539679,2.301579963873379,True,0.1429758473226877,0.005167294131280198,75.0,usable,2024,high,receding,False,True,False,,True,17,seasonal,per_year_detection
2024-10-01,0.1484891514547223,1.9697480678180246,True,0.13290794829441155,0.015581203160310753,85.0,usable,2025,medium,rising,False,False,False,,True,17,seasonal,per_year_detection
2024-11-01,0.15036834416743444,2.3250852989658837,True,0.12535472621550858,0.02501361795192586,100.0,usable,2025,medium,rising,False,False,False,,False,,seasonal,per_year_detection
2024-12-01,0.18338736084177007,6.022207343114062,True,0.1581930372706162,0.025194323571153865,75.0,usable,2025,medium,rising,False,False,False,,False,,seasonal,per_year_detection
2025-01-01,0.34876989322173707,39.13085535861758,True,0.232649004359559,0.11612088886217808,55.0,low,2025,medium,rising,False,False,True,21,False,,seasonal,per_year_detection
2025-02-01,0.4067364466514648,4.25038248813053,True,0.41114635385335935,-0.004409907201894547,50.0,usable,2025,medium,rising,True,False,True,21,False,,seasonal,per_year_detection
2025-03-01,0.3140963566945693,6.550264698237429,True,0.2765672652532488,0.037529091441320495,65.0,usable,2025,medium,receding,False,False,True,21,False,,seasonal,per_year_detection
2025-04-01,0.2917490145007284,5.435304394747492,True,0.23959810593757241,0.05215090856315596,65.0,usable,2025,medium,receding,False,False,True,21,False,,seasonal,per_year_detection
2025-05-01,0.1794556487379421,1.9528659465470781,True,0.1958005994452056,-0.016344950707263495,25.0,usable,2025,medium,receding,False,False,False,,False,,seasonal,per_year_detection
2025-06-01,0.2006301929698559,1.9527376279484487,True,0.21484823243422593,-0.01421803946437003,45.0,usable,2025,medium,receding,False,False,False,,False,,seasonal,per_year_detection
2025-07-01,0.18881062472919766,2.166756599359723,True,0.18456184249633817,0.004248782232859488,60.0,usable,2025,medium,receding,False,False,False,,False,,seasonal,per_year_detection
2025-08-01,0.16764522916469937,1.9519759419078673,True,0.16116000491049343,0.006485224254205946,60.0,usable,2025,medium,receding,False,False,False,,False,,seasonal,per_year_detection
2025-09-01,0.14588354410602192,1.9520976800655412,True,0.1429758473226877,0.002907696783334218,60.0,usable,2025,medium,receding,False,False,False,,True,18,seasonal,per_year_detection
2025-10-01,0.1314993723050052,2.044789771362579,True,0.13388042442049009,-0.002381052115484894,40.0,usable,2025,medium,receding,False,False,False,,True,18,seasonal,per_year_detection
2025-11-01,0.11168713982391153,41.629422467599554,True,0.1264014363178788,-0.014714296493967285,20.0,low,2025,medium,receding,False,False,False,,True,18,seasonal,per_year_detection
2025-12-01,0.0811461680341347,11.607894555014132,True,0.16338322933607363,-0.08223706130193893,5.0,usable,2025,medium,receding,False,True,False,,True,18,seasonal,per_year_detection
