date,extent_pct,invalid_pct,max_invalid_pct,baseline_extent_pct,usable_month,quality_state,hy_year,phase,phase_status,is_hy_peak,is_hy_mid_dry,is_hy_trough,in_wet_event,wet_event_id,in_low_spell,low_spell_id,regime,route
2005-01-01,0.03374953300400356,3.7952626255202273,20.0,0.073039,True,usable,2005,recovery,provisional,False,False,False,False,,False,,seasonal,per_year_detection
2005-02-01,0.08430837702658184,2.87591352954053,20.0,0.073039,True,usable,2005,recovery,provisional,False,False,False,False,,False,,seasonal,per_year_detection
2005-03-01,0.1193405802163906,5.260772627816955,20.0,0.073039,True,usable,2005,wet,provisional,True,False,False,False,,False,,seasonal,per_year_detection
2005-04-01,0.05956490464354107,4.1353315895427425,20.0,0.073039,True,usable,2005,recession,provisional,False,False,False,False,,False,,seasonal,per_year_detection
2005-05-01,0.04878160267921009,2.780109497038824,20.0,0.073039,True,usable,2005,dry,provisional,False,False,False,False,,True,1,seasonal,per_year_detection
2005-06-01,0.04469802414740542,2.794684066296864,20.0,0.073039,True,usable,2005,dry,provisional,False,True,False,False,,True,1,seasonal,per_year_detection
2005-07-01,0.03739269214225432,2.8011454062269956,20.0,0.073039,True,usable,2005,dry,provisional,False,False,False,False,,True,1,seasonal,per_year_detection
2005-08-01,0.03314900476212684,2.7838463762479146,20.0,0.073039,True,usable,2005,dry,provisional,False,False,False,False,,True,1,seasonal,per_year_detection
2005-09-01,0.03242448495582534,2.7921021215238673,20.0,0.073039,True,usable,2005,dry,provisional,False,False,False,False,,True,1,seasonal,per_year_detection
2005-10-01,0.02487210109444671,2.799176094944939,20.0,0.073039,True,usable,2005,dry,provisional,False,False,True,False,,True,1,seasonal,per_year_detection
2005-11-01,0.028002823309308235,2.823308487004239,20.0,0.073039,True,usable,2006,recovery,provisional,False,False,False,False,,True,1,seasonal,per_year_detection
2005-12-01,0.08307578165491161,29.118935314805977,20.0,0.073039,True,low,2006,wet,provisional,False,False,False,False,,False,,seasonal,per_year_detection
2006-01-01,0.7029518145170444,58.41869930654516,20.0,0.073039,True,low,2006,wet,provisional,True,False,False,True,1,False,,seasonal,per_year_detection
2006-02-01,0.2759548088178454,5.4798594333739885,20.0,0.073039,True,usable,2006,recession,provisional,False,False,False,True,1,False,,seasonal,per_year_detection
2006-03-01,0.6101999769847499,8.974074701788618,20.0,0.073039,True,usable,2006,recession,provisional,False,False,False,True,1,False,,seasonal,per_year_detection
2006-04-01,0.13188249827870901,2.795387391754742,20.0,0.073039,True,usable,2006,dry,provisional,False,False,False,True,1,False,,seasonal,per_year_detection
2006-05-01,0.08900720287956347,2.8171044161231733,20.0,0.073039,True,usable,2006,dry,provisional,False,False,False,False,,False,,seasonal,per_year_detection
2006-06-01,0.06845899908929214,2.8029305572904764,20.0,0.073039,True,usable,2006,dry,provisional,False,True,False,False,,False,,seasonal,per_year_detection
2006-07-01,0.055282291968354325,2.788865898989397,20.0,0.073039,True,usable,2006,dry,provisional,False,False,False,False,,False,,seasonal,per_year_detection
2006-08-01,0.046308830045565685,2.780618482567551,20.0,0.073039,True,usable,2006,dry,provisional,False,False,False,False,,True,2,seasonal,per_year_detection
2006-09-01,0.03307894495976366,2.7849716969805183,20.0,0.073039,True,usable,2006,dry,provisional,False,False,False,False,,True,2,seasonal,per_year_detection
2006-10-01,0.01911905623212349,2.801037131123612,20.0,0.073039,True,usable,2006,dry,provisional,False,False,True,False,,True,2,seasonal,per_year_detection
2006-11-01,0.026302733728016663,4.416365635658793,20.0,0.073039,True,usable,2007,recovery,provisional,False,False,False,False,,True,2,seasonal,per_year_detection
2006-12-01,0.027187617526025158,3.0853194303411753,20.0,0.073039,True,usable,2007,recovery,provisional,False,False,False,False,,True,2,seasonal,per_year_detection
2007-01-01,0.1273648369494828,10.31258170952914,20.0,0.073039,True,usable,2007,recovery,provisional,False,False,False,False,,False,,seasonal,per_year_detection
2007-02-01,0.09805301291466081,2.8618072269689185,20.0,0.073039,True,usable,2007,recovery,provisional,False,False,False,False,,False,,seasonal,per_year_detection
2007-03-01,0.2858799995626491,34.4890815293205,20.0,0.073039,True,low,2007,wet,provisional,True,False,False,True,2,False,,seasonal,per_year_detection
2007-04-01,0.24219360994471312,2.7728310039780273,20.0,0.073039,True,usable,2007,wet,provisional,False,False,False,True,2,False,,seasonal,per_year_detection
2007-05-01,0.08987607976315287,2.771224460563718,20.0,0.073039,True,usable,2007,recession,provisional,False,False,False,False,,False,,seasonal,per_year_detection
2007-06-01,0.06687114268551016,2.839307290314481,20.0,0.073039,True,usable,2007,dry,provisional,False,True,False,False,,False,,seasonal,per_year_detection
2007-07-01,0.058767972913943034,2.7755054915744295,20.0,0.073039,True,usable,2007,dry,provisional,False,False,False,False,,False,,seasonal,per_year_detection
2007-08-01,0.0475254047521293,2.770985700079333,20.0,0.073039,True,usable,2007,dry,provisional,False,False,False,False,,True,3,seasonal,per_year_detection
2007-09-01,0.041177943751033556,2.7892249651442085,20.0,0.073039,True,usable,2007,dry,provisional,False,False,False,False,,True,3,seasonal,per_year_detection
2007-10-01,0.02620454170383599,4.065263716229944,20.0,0.073039,True,usable,2007,dry,provisional,False,False,True,False,,True,3,seasonal,per_year_detection
2007-11-01,0.03232922169595448,6.264143204022444,20.0,0.073039,True,usable,2008,wet,provisional,False,False,False,False,,True,3,seasonal,per_year_detection
2007-12-01,0.07527193966700543,20.542101607911196,20.0,0.073039,True,low,2008,wet,provisional,False,False,False,False,,False,,seasonal,per_year_detection
2008-01-01,0.09413520150486727,9.166958006898549,20.0,0.073039,True,usable,2008,wet,provisional,False,False,False,False,,False,,seasonal,per_year_detection
2008-02-01,0.2751062888417283,29.08542648387929,20.0,0.073039,True,low,2008,wet,provisional,True,False,False,True,3,False,,seasonal,per_year_detection
2008-03-01,0.2015422400029433,2.9578472436703067,20.0,0.073039,True,usable,2008,recession,provisional,False,False,False,True,3,False,,seasonal,per_year_detection
2008-04-01,0.13589784342805644,2.77401555211761,20.0,0.073039,True,usable,2008,dry,provisional,False,False,False,True,3,False,,seasonal,per_year_detection
2008-05-01,0.07825075738375993,2.7748003152600837,20.0,0.073039,True,usable,2008,dry,provisional,False,False,False,False,,False,,seasonal,per_year_detection
2008-06-01,0.10048650500590049,8.837221449109194,20.0,0.073039,True,usable,2008,dry,provisional,False,False,False,False,,False,,seasonal,per_year_detection
2008-07-01,0.056446664794548636,10.112574457873498,20.0,0.073039,True,usable,2008,dry,provisional,False,True,False,False,,False,,seasonal,per_year_detection
2008-08-01,0.039419219689064484,2.778811121226453,20.0,0.073039,True,usable,2008,dry,provisional,False,False,False,False,,True,4,seasonal,per_year_detection
2008-09-01,0.03714444712943221,2.826720540903178,20.0,0.073039,True,usable,2008,dry,provisional,False,False,False,False,,True,4,seasonal,per_year_detection
2008-10-01,0.02839512330035867,2.7872741624268325,20.0,0.073039,True,usable,2008,dry,provisional,False,False,False,False,,True,4,seasonal,per_year_detection
2008-11-01,0.024948181013192648,2.8062583972201174,20.0,0.073039,True,usable,2008,dry,provisional,False,False,True,False,,True,4,seasonal,per_year_detection
2008-12-01,0.03911999912451731,4.01993716675445,20.0,0.073039,True,usable,2009,recovery,ok,False,False,False,False,,True,4,seasonal,per_year_detection
2009-01-01,0.1997233191784742,4.673950255752272,20.0,0.073039,True,usable,2009,wet,ok,False,False,False,True,4,False,,seasonal,per_year_detection
2009-02-01,1.1675291954089002,7.186664667988462,20.0,0.073039,True,usable,2009,wet,ok,True,False,False,True,4,False,,seasonal,per_year_detection
2009-03-01,0.26018644104274125,2.777666366500934,20.0,0.073039,True,usable,2009,recession,ok,False,False,False,True,4,False,,seasonal,per_year_detection
2009-04-01,0.14950234372351873,2.7777052344867643,20.0,0.073039,True,usable,2009,dry,ok,False,False,False,True,4,False,,seasonal,per_year_detection
2009-05-01,0.09530439869203677,2.8626799057936267,20.0,0.073039,True,usable,2009,dry,ok,False,False,False,True,4,False,,seasonal,per_year_detection
2009-06-01,0.049102676259173056,3.670244674526057,20.0,0.073039,True,usable,2009,dry,ok,False,False,False,False,,False,,seasonal,per_year_detection
2009-07-01,0.0617420038422222,2.861667487305577,20.0,0.073039,True,usable,2009,dry,ok,False,True,False,False,,False,,seasonal,per_year_detection
2009-08-01,0.05888083745290732,2.7795514638136924,20.0,0.073039,True,usable,2009,dry,ok,False,False,False,False,,False,,seasonal,per_year_detection
2009-09-01,0.03858889681742314,2.7828913343103756,20.0,0.073039,True,usable,2009,dry,ok,False,False,False,False,,True,5,seasonal,per_year_detection
2009-10-01,0.03736534750658616,2.799361180591749,20.0,0.073039,True,usable,2009,dry,ok,False,False,False,False,,True,5,seasonal,per_year_detection
2009-11-01,0.028368388170554433,2.7837371757162965,20.0,0.073039,True,usable,2009,dry,ok,False,False,True,False,,True,5,seasonal,per_year_detection
2009-12-01,0.048890469925769904,5.366455606717135,20.0,0.073039,True,usable,2010,recovery,provisional,False,False,False,False,,True,5,seasonal,per_year_detection
2010-01-01,0.1615174357272246,9.554455167916084,20.0,0.073039,True,usable,2010,wet,provisional,True,False,False,True,5,False,,seasonal,per_year_detection
2010-02-01,0.12179637249005801,2.7959889201068737,20.0,0.073039,True,usable,2010,recession,provisional,False,False,False,True,5,False,,seasonal,per_year_detection
2010-03-01,0.10121700883866794,9.678936370534506,20.0,0.073039,True,usable,2010,dry,provisional,False,False,False,True,5,False,,seasonal,per_year_detection
2010-04-01,0.08204390843886468,2.9553569162924807,20.0,0.073039,True,usable,2010,dry,provisional,False,False,False,False,,False,,seasonal,per_year_detection
2010-05-01,0.06704675683999202,9.335392423493136,20.0,0.073039,True,usable,2010,dry,provisional,False,True,False,False,,False,,seasonal,per_year_detection
2010-06-01,0.05129905591858473,4.758513111494983,20.0,0.073039,True,usable,2010,dry,provisional,False,False,False,False,,False,,seasonal,per_year_detection
2010-07-01,0.06862367038242552,14.84411873977182,20.0,0.073039,True,usable,2010,dry,provisional,False,False,False,False,,False,,seasonal,per_year_detection
2010-08-01,0.045320531909621084,11.717796360664629,20.0,0.073039,True,usable,2010,dry,provisional,False,False,False,False,,True,6,seasonal,per_year_detection
2010-09-01,0.03703579386604272,34.023266302283616,20.0,0.073039,True,low,2010,dry,provisional,False,False,True,False,,True,6,seasonal,per_year_detection
2010-10-01,0.11809830011310886,30.779949434971464,20.0,0.073039,True,low,2011,wet,provisional,False,False,False,False,,False,,seasonal,per_year_detection
2010-11-01,0.053108277480452507,2.9845828653519875,20.0,0.073039,True,usable,2011,wet,provisional,False,False,False,False,,False,,seasonal,per_year_detection
2010-12-01,0.04551695831818483,2.8662381773535457,20.0,0.073039,True,usable,2011,wet,provisional,False,False,False,False,,False,,seasonal,per_year_detection
2011-01-01,0.24633391253986076,6.901136742367869,20.0,0.073039,True,usable,2011,wet,provisional,False,False,False,True,6,False,,seasonal,per_year_detection
2011-02-01,0.564473592127368,28.18275360467716,20.0,0.073039,True,low,2011,wet,provisional,False,False,False,True,6,False,,seasonal,per_year_detection
2011-03-01,3.728342680952061,63.35971149293581,20.0,0.073039,True,low,2011,wet,provisional,True,False,False,True,6,False,,seasonal,per_year_detection
2011-04-01,0.4141980197681991,4.524931323508037,20.0,0.073039,True,usable,2011,recession,provisional,False,False,False,True,6,False,,seasonal,per_year_detection
2011-05-01,0.19661594753783707,4.742751217812658,20.0,0.073039,True,usable,2011,recession,provisional,False,False,False,True,6,False,,seasonal,per_year_detection
2011-06-01,0.13472885120141517,2.7945193400712034,20.0,0.073039,True,usable,2011,recession,provisional,False,True,False,True,6,False,,seasonal,per_year_detection
2011-07-01,0.12479338579530888,10.58317322345218,20.0,0.073039,True,usable,2011,recession,provisional,False,False,False,True,6,False,,seasonal,per_year_detection
2011-08-01,0.09780041046358819,3.4019732091857784,20.0,0.073039,True,usable,2011,recession,provisional,False,False,False,True,6,False,,seasonal,per_year_detection
2011-09-01,0.05214257361924784,3.965381321500783,20.0,0.073039,True,usable,2011,dry,provisional,False,False,True,False,,False,,seasonal,per_year_detection
2011-10-01,0.06808106218984644,15.787072733717409,20.0,0.073039,True,usable,2012,wet,provisional,False,False,False,False,,False,,seasonal,per_year_detection
2011-11-01,0.06965154429517094,9.36584734124746,20.0,0.073039,True,usable,2012,wet,provisional,False,False,False,False,,False,,seasonal,per_year_detection
2011-12-01,0.0906619060501945,16.86428045243298,20.0,0.073039,True,usable,2012,wet,provisional,False,False,False,False,,False,,seasonal,per_year_detection
2012-01-01,0.2064781354851089,30.303168808789334,20.0,0.073039,True,low,2012,wet,provisional,False,False,False,True,7,False,,seasonal,per_year_detection
2012-02-01,0.13473921802140712,12.380517729344854,20.0,0.073039,True,usable,2012,wet,provisional,False,False,False,True,7,False,,seasonal,per_year_detection
2012-03-01,0.3019034221144441,22.074247070200634,20.0,0.073039,True,low,2012,wet,provisional,True,False,False,True,7,False,,seasonal,per_year_detection
2012-04-01,0.18328684159074274,7.910503168101762,20.0,0.073039,True,usable,2012,wet,provisional,False,False,False,True,7,False,,seasonal,per_year_detection
2012-05-01,0.08982800215587206,11.539950338929762,20.0,0.073039,True,usable,2012,recession,provisional,False,False,False,False,,False,,seasonal,per_year_detection
2012-06-01,0.07623050592949325,9.27148697679087,20.0,0.073039,True,usable,2012,dry,provisional,False,False,False,False,,False,,seasonal,per_year_detection
2012-07-01,0.0691283886375457,8.57418050414776,20.0,0.073039,True,usable,2012,dry,provisional,False,True,False,False,,False,,seasonal,per_year_detection
2012-08-01,0.058017458139887554,5.467240293974494,20.0,0.073039,True,usable,2012,dry,provisional,False,False,False,False,,False,,seasonal,per_year_detection
2012-09-01,0.03689587350509789,4.652673735223248,20.0,0.073039,True,usable,2012,dry,provisional,False,False,False,False,,True,7,seasonal,per_year_detection
2012-10-01,0.032718986816790536,6.300318193691426,20.0,0.073039,True,usable,2012,dry,provisional,False,False,False,False,,True,7,seasonal,per_year_detection
2012-11-01,0.026212281029085023,42.42437877066891,20.0,0.073039,True,low,2012,dry,provisional,False,False,False,False,,True,7,seasonal,per_year_detection
2012-12-01,0.01968934533764871,21.051625735870456,20.0,0.073039,True,low,2012,dry,provisional,False,False,True,False,,True,7,seasonal,per_year_detection
2013-01-01,0.034634335393416274,33.421862882963254,20.0,0.073039,True,low,2013,recovery,ok,False,False,False,False,,True,7,seasonal,per_year_detection
2013-02-01,0.1094807577544005,13.450912445401354,20.0,0.073039,True,usable,2013,recovery,ok,False,False,False,False,,False,,seasonal,per_year_detection
2013-03-01,0.1945817754905184,8.452022126396802,20.0,0.073039,True,usable,2013,wet,ok,True,False,False,True,8,False,,seasonal,per_year_detection
2013-04-01,0.08318414154018573,3.3121381887936896,20.0,0.073039,True,usable,2013,recession,ok,False,False,False,False,,False,,seasonal,per_year_detection
2013-05-01,0.08490281952007007,4.043145981436169,20.0,0.073039,True,usable,2013,dry,ok,False,False,False,False,,False,,seasonal,per_year_detection
2013-06-01,0.07921444409690298,4.284709587941789,20.0,0.073039,True,usable,2013,dry,ok,False,False,False,False,,False,,seasonal,per_year_detection
2013-07-01,0.05134274177780298,2.782953338002057,20.0,0.073039,True,usable,2013,dry,ok,False,True,False,False,,True,8,seasonal,per_year_detection
2013-08-01,0.03916931167726513,2.786981727104873,20.0,0.073039,True,usable,2013,dry,ok,False,False,False,False,,True,8,seasonal,per_year_detection
2013-09-01,0.0366094014580395,2.7917930284936947,20.0,0.073039,True,usable,2013,dry,ok,False,False,False,False,,True,8,seasonal,per_year_detection
2013-10-01,0.0325113909665242,2.8583877696441067,20.0,0.073039,True,usable,2013,dry,ok,False,False,False,False,,True,8,seasonal,per_year_detection
2013-11-01,0.02993453786963711,2.793755861778113,20.0,0.073039,True,usable,2013,dry,ok,False,False,True,False,,True,8,seasonal,per_year_detection
2013-12-01,0.10380210390309445,42.56309676123994,20.0,0.073039,True,low,2014,wet,ok,False,False,False,False,,False,,seasonal,per_year_detection
2014-01-01,0.1312335436997358,9.0907489918246,20.0,0.073039,True,usable,2014,wet,ok,False,False,False,False,,False,,seasonal,per_year_detection
2014-02-01,0.8168978959305887,10.035773168729758,20.0,0.073039,True,usable,2014,wet,ok,True,False,False,True,9,False,,seasonal,per_year_detection
2014-03-01,0.1885772904191177,4.25130070326438,20.0,0.073039,True,usable,2014,recession,ok,False,False,False,True,9,False,,seasonal,per_year_detection
2014-04-01,0.10820565810222534,2.801761741430872,20.0,0.073039,True,usable,2014,dry,ok,False,False,False,True,9,False,,seasonal,per_year_detection
2014-05-01,0.08573588812490322,3.0477303863305663,20.0,0.073039,True,usable,2014,dry,ok,False,False,False,False,,False,,seasonal,per_year_detection
2014-06-01,0.07100647105150786,2.7984885017670402,20.0,0.073039,True,usable,2014,dry,ok,False,False,False,False,,False,,seasonal,per_year_detection
2014-07-01,0.06862636698109431,2.785110511215626,20.0,0.073039,True,usable,2014,dry,ok,False,True,False,False,,False,,seasonal,per_year_detection
2014-08-01,0.055739920578537674,2.780089137617675,20.0,0.073039,True,usable,2014,dry,ok,False,False,False,False,,False,,seasonal,per_year_detection
2014-09-01,0.041920095939209055,2.783898200229021,20.0,0.073039,True,usable,2014,dry,ok,False,False,False,False,,True,9,seasonal,per_year_detection
2014-10-01,0.04203705715088324,2.783606690335296,20.0,0.073039,True,usable,2014,dry,ok,False,False,False,False,,True,9,seasonal,per_year_detection
2014-11-01,0.028910333206577616,3.67462657721428,20.0,0.073039,True,usable,2014,dry,ok,False,False,True,False,,True,9,seasonal,per_year_detection
2014-12-01,0.09376873666962417,6.388075627698075,20.0,0.073039,True,usable,2015,wet,provisional,False,False,False,False,,False,,seasonal,per_year_detection
2015-01-01,0.3184574854410838,30.107327835043378,20.0,0.073039,True,low,2015,wet,provisional,True,False,False,True,10,False,,seasonal,per_year_detection
2015-02-01,0.21482883682530637,3.0666507665757012,20.0,0.073039,True,usable,2015,recession,provisional,False,False,False,True,10,False,,seasonal,per_year_detection
2015-03-01,0.16426650784362865,3.26598985904636,20.0,0.073039,True,usable,2015,dry,provisional,False,False,False,True,10,False,,seasonal,per_year_detection
2015-04-01,0.09970516256296044,3.2183987866821475,20.0,0.073039,True,usable,2015,dry,provisional,False,False,False,True,10,False,,seasonal,per_year_detection
2015-05-01,0.07953502407860126,2.850717820440307,20.0,0.073039,True,usable,2015,dry,provisional,False,False,False,False,,False,,seasonal,per_year_detection
2015-06-01,0.06995579420974814,2.7897987306493186,20.0,0.073039,True,usable,2015,dry,provisional,False,True,False,False,,False,,seasonal,per_year_detection
2015-07-01,0.04502370069765318,2.7825257901579263,20.0,0.073039,True,usable,2015,dry,provisional,False,False,False,False,,True,10,seasonal,per_year_detection
2015-08-01,0.046178596884770454,2.780990504717639,20.0,0.073039,True,usable,2015,dry,provisional,False,False,False,False,,True,10,seasonal,per_year_detection
2015-09-01,0.037511695036754195,2.783851928817319,20.0,0.073039,True,usable,2015,dry,provisional,False,False,False,False,,True,10,seasonal,per_year_detection
2015-10-01,0.034036782056618774,2.782783984635226,20.0,0.073039,True,usable,2015,dry,provisional,False,False,True,False,,True,10,seasonal,per_year_detection
2015-11-01,0.03406631218737123,2.796425722233345,20.0,0.073039,True,usable,2016,wet,ok,False,False,False,False,,True,10,seasonal,per_year_detection
2015-12-01,0.04465809235557482,4.506481060805799,20.0,0.073039,True,usable,2016,wet,ok,False,False,False,False,,True,10,seasonal,per_year_detection
2016-01-01,0.07947584193249073,3.075300744279359,20.0,0.073039,True,usable,2016,wet,ok,False,False,False,False,,False,,seasonal,per_year_detection
2016-02-01,0.13229574664402893,4.870893414524978,20.0,0.073039,True,usable,2016,wet,ok,True,False,False,False,,False,,seasonal,per_year_detection
2016-03-01,0.12465678467690589,2.8579666997976143,20.0,0.073039,True,usable,2016,recession,ok,False,False,False,False,,False,,seasonal,per_year_detection
2016-04-01,0.06743374828197925,2.7894628002003587,20.0,0.073039,True,usable,2016,dry,ok,False,False,False,False,,False,,seasonal,per_year_detection
2016-05-01,0.08846052505358737,2.7950431324516756,20.0,0.073039,True,usable,2016,dry,ok,False,False,False,False,,False,,seasonal,per_year_detection
2016-06-01,0.06460657546141987,2.802682542523751,20.0,0.073039,True,usable,2016,dry,ok,False,False,False,False,,False,,seasonal,per_year_detection
2016-07-01,0.04929307733604145,2.7863505850492514,20.0,0.073039,True,usable,2016,dry,ok,False,True,False,False,,True,11,seasonal,per_year_detection
2016-08-01,0.04952314399492635,2.7857499821253535,20.0,0.073039,True,usable,2016,dry,ok,False,False,False,False,,True,11,seasonal,per_year_detection
2016-09-01,0.03626975325801659,2.7821713511442856,20.0,0.073039,True,usable,2016,dry,ok,False,False,False,False,,True,11,seasonal,per_year_detection
2016-10-01,0.034542272492565806,2.9757422494321157,20.0,0.073039,True,usable,2016,dry,ok,False,False,False,False,,True,11,seasonal,per_year_detection
2016-11-01,0.03079362470865367,2.7918864967453336,20.0,0.073039,True,usable,2016,dry,ok,False,False,True,False,,True,11,seasonal,per_year_detection
2016-12-01,0.06242535728224299,11.730143424163312,20.0,0.073039,True,usable,2017,wet,ok,False,False,False,False,,False,,seasonal,per_year_detection
2017-01-01,1.359566708886303,9.23842512770123,20.0,0.073039,True,usable,2017,wet,ok,False,False,False,True,11,False,,seasonal,per_year_detection
2017-02-01,2.371210516188255,15.264252978319567,20.0,0.073039,True,usable,2017,wet,ok,True,False,False,True,11,False,,seasonal,per_year_detection
2017-03-01,0.6002876705158956,4.8219984137789895,20.0,0.073039,True,usable,2017,recession,ok,False,False,False,True,11,False,,seasonal,per_year_detection
2017-04-01,0.2705902357346106,2.9657244887985335,20.0,0.073039,True,usable,2017,recession,ok,False,False,False,True,11,False,,seasonal,per_year_detection
2017-05-01,0.18301158892859176,2.777531253978763,20.0,0.073039,True,usable,2017,recession,ok,False,False,False,True,11,False,,seasonal,per_year_detection
2017-06-01,0.1471854340014379,3.337251534781082,20.0,0.073039,True,usable,2017,recession,ok,False,False,False,True,11,False,,seasonal,per_year_detection
2017-07-01,0.11354848664995568,2.795732576486042,20.0,0.073039,True,usable,2017,recession,ok,False,True,False,True,11,False,,seasonal,per_year_detection
2017-08-01,0.09243749608125118,2.778347481681194,20.0,0.073039,True,usable,2017,recession,ok,False,False,False,False,,False,,seasonal,per_year_detection
2017-09-01,0.07226006220771333,2.7763300481309674,20.0,0.073039,True,usable,2017,recession,ok,False,False,False,False,,False,,seasonal,per_year_detection
2017-10-01,0.05335864383568789,2.775535105277919,20.0,0.073039,True,usable,2017,recession,ok,False,False,False,False,,False,,seasonal,per_year_detection
2017-11-01,0.04394578372342267,2.87019993562351,20.0,0.073039,True,usable,2017,dry,ok,False,False,True,False,,False,,seasonal,per_year_detection
2017-12-01,0.08988650151910142,3.44449941282504,20.0,0.073039,True,usable,2018,wet,ok,False,False,False,False,,False,,seasonal,per_year_detection
2018-01-01,0.28829393473362597,16.764597950202372,20.0,0.073039,True,usable,2018,wet,ok,False,False,False,True,12,False,,seasonal,per_year_detection
2018-02-01,0.7345733078681227,7.551701685765623,20.0,0.073039,True,usable,2018,wet,ok,True,False,False,True,12,False,,seasonal,per_year_detection
2018-03-01,0.22224911608072465,2.7944638143771607,20.0,0.073039,True,usable,2018,recession,ok,False,False,False,True,12,False,,seasonal,per_year_detection
2018-04-01,0.15851155312735782,2.7834058724085073,20.0,0.073039,True,usable,2018,recession,ok,False,False,False,True,12,False,,seasonal,per_year_detection
2018-05-01,0.10546282227049028,2.780863721049574,20.0,0.073039,True,usable,2018,recession,ok,False,False,False,True,12,False,,seasonal,per_year_detection
2018-06-01,0.09476209337308827,2.7804232172101666,20.0,0.073039,True,usable,2018,recession,ok,False,False,False,True,12,False,,seasonal,per_year_detection
2018-07-01,0.07886425497133179,2.7789527117462627,20.0,0.073039,True,usable,2018,recession,ok,False,True,False,False,,False,,seasonal,per_year_detection
2018-08-01,0.0622128248959125,2.7756905772212392,20.0,0.073039,True,usable,2018,recession,ok,False,False,False,False,,False,,seasonal,per_year_detection
2018-09-01,0.052617859140470964,2.7768362573749923,20.0,0.073039,True,usable,2018,recession,ok,False,False,False,False,,False,,seasonal,per_year_detection
2018-10-01,0.041490785711762984,2.7883819000229897,20.0,0.073039,True,usable,2018,recession,ok,False,False,False,False,,True,12,seasonal,per_year_detection
2018-11-01,0.03510586751664133,2.8989983368388863,20.0,0.073039,True,usable,2018,dry,ok,False,False,True,False,,True,12,seasonal,per_year_detection
2018-12-01,0.03681874294774281,2.7865023552796355,20.0,0.073039,True,usable,2019,recovery,ok,False,False,False,False,,True,12,seasonal,per_year_detection
2019-01-01,0.07343807798941467,3.3050882765067033,20.0,0.073039,True,usable,2019,recovery,ok,False,False,False,False,,False,,seasonal,per_year_detection
2019-02-01,0.0884686636484982,4.158622767337292,20.0,0.073039,True,usable,2019,wet,ok,True,False,False,False,,False,,seasonal,per_year_detection
2019-03-01,0.07264064133688114,3.0856896016347948,20.0,0.073039,True,usable,2019,recession,ok,False,False,False,False,,False,,seasonal,per_year_detection
2019-04-01,0.06451916025528835,3.072609598974744,20.0,0.073039,True,usable,2019,dry,ok,False,False,False,False,,False,,seasonal,per_year_detection
2019-05-01,0.045011236246815245,2.7761643964770726,20.0,0.073039,True,usable,2019,dry,ok,False,False,False,False,,True,13,seasonal,per_year_detection
2019-06-01,0.04725107478769511,2.8136396128148933,20.0,0.073039,True,usable,2019,dry,ok,False,False,False,False,,True,13,seasonal,per_year_detection
2019-07-01,0.04424456644447522,2.802415093764111,20.0,0.073039,True,usable,2019,dry,ok,False,True,False,False,,True,13,seasonal,per_year_detection
2019-08-01,0.03672375581247237,2.7971336748323923,20.0,0.073039,True,usable,2019,dry,ok,False,False,False,False,,True,13,seasonal,per_year_detection
2019-09-01,0.03734690726390772,2.8703082107268942,20.0,0.073039,True,usable,2019,dry,ok,False,False,False,False,,True,13,seasonal,per_year_detection
2019-10-01,0.03566190688485262,2.7781411111850014,20.0,0.073039,True,usable,2019,dry,ok,False,False,False,False,,True,13,seasonal,per_year_detection
2019-11-01,0.03020400952633832,2.784719980500857,20.0,0.073039,True,usable,2019,dry,ok,False,False,False,False,,True,13,seasonal,per_year_detection
2019-12-01,0.029463771417477642,3.291622370273054,20.0,0.073039,True,usable,2019,dry,ok,False,False,True,False,,True,13,seasonal,per_year_detection
2020-01-01,0.16294670205790485,7.209388558275539,20.0,0.073039,True,usable,2020,wet,ok,False,False,False,True,13,False,,seasonal,per_year_detection
2020-02-01,0.19315144449956864,5.057953925186272,20.0,0.073039,True,usable,2020,wet,ok,False,False,False,True,13,False,,seasonal,per_year_detection
2020-03-01,0.38111378863008993,2.804898017716065,20.0,0.073039,True,usable,2020,wet,ok,True,False,False,True,13,False,,seasonal,per_year_detection
2020-04-01,0.17301406298968378,2.77909615312254,20.0,0.073039,True,usable,2020,recession,ok,False,False,False,True,13,False,,seasonal,per_year_detection
2020-05-01,0.10799293770625179,2.7876896797039206,20.0,0.073039,True,usable,2020,recession,ok,False,False,False,True,13,False,,seasonal,per_year_detection
2020-06-01,0.09955959400920353,2.797105911985371,20.0,0.073039,True,usable,2020,recession,ok,False,True,False,True,13,False,,seasonal,per_year_detection
2020-07-01,0.0723061407500773,2.785812911245269,20.0,0.073039,True,usable,2020,recession,ok,False,False,False,False,,False,,seasonal,per_year_detection
2020-08-01,0.06427449104542289,2.775633200670728,20.0,0.073039,True,usable,2020,recession,ok,False,False,False,False,,False,,seasonal,per_year_detection
2020-09-01,0.04653985292812543,2.7720628985437665,20.0,0.073039,True,usable,2020,recession,ok,False,False,False,False,,True,14,seasonal,per_year_detection
2020-10-01,0.0346018630930831,2.8967810107901046,20.0,0.073039,True,usable,2020,dry,ok,False,False,True,False,,True,14,seasonal,per_year_detection
2020-11-01,0.048898448222048974,12.039891657525441,20.0,0.073039,True,usable,2021,wet,ok,False,False,False,False,,True,14,seasonal,per_year_detection
2020-12-01,0.4034742767209054,13.915925326159314,20.0,0.073039,True,usable,2021,wet,ok,False,False,False,True,14,False,,seasonal,per_year_detection
2021-01-01,0.2490752862996936,3.4587093633588646,20.0,0.073039,True,usable,2021,wet,ok,False,False,False,True,14,False,,seasonal,per_year_detection
2021-02-01,0.993309831820118,9.54436152216731,20.0,0.073039,True,usable,2021,wet,ok,False,False,False,True,14,False,,seasonal,per_year_detection
2021-03-01,1.019775668890236,4.034396057483234,20.0,0.073039,True,usable,2021,wet,ok,True,False,False,True,14,False,,seasonal,per_year_detection
2021-04-01,0.2530000633813861,2.7868975131355747,20.0,0.073039,True,usable,2021,recession,ok,False,False,False,True,14,False,,seasonal,per_year_detection
2021-05-01,0.1470908695223247,2.7698964710478573,20.0,0.073039,True,usable,2021,recession,ok,False,False,False,True,14,False,,seasonal,per_year_detection
2021-06-01,0.10894774675056712,2.791075821612307,20.0,0.073039,True,usable,2021,recession,ok,False,True,False,True,14,False,,seasonal,per_year_detection
2021-07-01,0.10112733563071846,2.778516835048025,20.0,0.073039,True,usable,2021,recession,ok,False,False,False,True,14,False,,seasonal,per_year_detection
2021-08-01,0.07658083527641756,2.7755073424308976,20.0,0.073039,True,usable,2021,recession,ok,False,False,False,False,,False,,seasonal,per_year_detection
2021-09-01,0.057882247809961866,2.77785052671951,20.0,0.073039,True,usable,2021,recession,ok,False,False,False,False,,False,,seasonal,per_year_detection
2021-10-01,0.04569112347493372,2.76659917024994,20.0,0.073039,True,usable,2021,dry,ok,False,False,True,False,,False,,seasonal,per_year_detection
2021-11-01,0.0533192521849476,2.7748678715211694,20.0,0.073039,True,usable,2022,wet,ok,False,False,False,False,,False,,seasonal,per_year_detection
2021-12-01,0.04650433869335323,3.127648517766584,20.0,0.073039,True,usable,2022,wet,ok,False,False,False,False,,False,,seasonal,per_year_detection
2022-01-01,0.066061682900672,4.327222835585773,20.0,0.073039,True,usable,2022,wet,ok,False,False,False,False,,False,,seasonal,per_year_detection
2022-02-01,0.5547306317223554,2.8235565017709643,20.0,0.073039,True,usable,2022,wet,ok,True,False,False,True,15,False,,seasonal,per_year_detection
2022-03-01,0.2734172325433451,8.983404869244302,20.0,0.073039,True,usable,2022,recession,ok,False,False,False,True,15,False,,seasonal,per_year_detection
2022-04-01,0.15520994899267798,2.816588027168574,20.0,0.073039,True,usable,2022,dry,ok,False,False,False,True,15,False,,seasonal,per_year_detection
2022-05-01,0.0928343174358858,2.8201000273167907,20.0,0.073039,True,usable,2022,dry,ok,False,False,False,False,,False,,seasonal,per_year_detection
2022-06-01,0.08197287168018132,2.8249724069690596,20.0,0.073039,True,usable,2022,dry,ok,False,False,False,False,,False,,seasonal,per_year_detection
2022-07-01,0.06422799761672403,2.857984282934061,20.0,0.073039,True,usable,2022,dry,ok,False,True,False,False,,False,,seasonal,per_year_detection
2022-08-01,0.057477603247558864,2.822763409774384,20.0,0.073039,True,usable,2022,dry,ok,False,False,False,False,,False,,seasonal,per_year_detection
2022-09-01,0.04724620269144706,2.8192875013272953,20.0,0.073039,True,usable,2022,dry,ok,False,False,False,False,,False,,seasonal,per_year_detection
2022-10-01,0.05479965553141843,2.8192921284684656,20.0,0.073039,True,usable,2022,dry,ok,False,False,False,False,,False,,seasonal,per_year_detection
2022-11-01,0.04571932990032367,2.8205146191656447,20.0,0.073039,True,usable,2022,dry,ok,False,False,True,False,,False,,seasonal,per_year_detection
2022-12-01,0.2881491406605145,2.82701575250984,20.0,0.073039,True,usable,2023,wet,ok,False,False,False,True,16,False,,seasonal,per_year_detection
2023-01-01,1.3609078307255107,7.066092474230664,20.0,0.073039,True,usable,2023,wet,ok,True,False,False,True,16,False,,seasonal,per_year_detection
2023-02-01,0.8876629220201109,3.0147814394854797,20.0,0.073039,True,usable,2023,wet,ok,False,False,False,True,16,False,,seasonal,per_year_detection
2023-03-01,0.4208426881308849,2.8201009527450247,20.0,0.073039,True,usable,2023,recession,ok,False,False,False,True,16,False,,seasonal,per_year_detection
2023-04-01,0.31683788533564533,3.6425447566244977,20.0,0.073039,True,usable,2023,recession,ok,False,False,False,True,16,False,,seasonal,per_year_detection
2023-05-01,0.16018359810923966,2.827018528794542,20.0,0.073039,True,usable,2023,recession,ok,False,False,False,True,16,False,,seasonal,per_year_detection
2023-06-01,0.12745928848006968,2.915893880107922,20.0,0.073039,True,usable,2023,recession,ok,False,False,False,True,16,False,,seasonal,per_year_detection
2023-07-01,0.14426318666820442,2.819993603069875,20.0,0.073039,True,usable,2023,recession,ok,False,True,False,True,16,False,,seasonal,per_year_detection
2023-08-01,0.1002401407553999,2.8218629681026544,20.0,0.073039,True,usable,2023,recession,ok,False,False,False,True,16,False,,seasonal,per_year_detection
2023-09-01,0.06402218376809246,2.816004081952889,20.0,0.073039,True,usable,2023,recession,ok,False,False,False,False,,False,,seasonal,per_year_detection
2023-10-01,0.054656782223237964,2.817542143677879,20.0,0.073039,True,usable,2023,recession,ok,False,False,False,False,,False,,seasonal,per_year_detection
2023-11-01,0.04352960722476668,3.4361242873068947,20.0,0.073039,True,usable,2023,recession,ok,False,False,False,False,,True,15,seasonal,per_year_detection
2023-12-01,0.04353128405570385,2.8573494391655037,20.0,0.073039,True,usable,2023,dry,ok,False,False,False,False,,True,15,seasonal,per_year_detection
2024-01-01,0.04140042649722447,5.464232652213834,20.0,0.073039,True,usable,2023,dry,ok,False,False,True,False,,True,15,seasonal,per_year_detection
2024-02-01,0.1991095983398896,2.8235648306250707,20.0,0.073039,True,usable,2024,recovery,ok,False,False,False,True,17,False,,seasonal,per_year_detection
2024-03-01,0.443090654337045,2.948496716793474,20.0,0.073039,True,usable,2024,wet,ok,True,False,False,True,17,False,,seasonal,per_year_detection
2024-04-01,0.1665576358408379,2.813654419666638,20.0,0.073039,True,usable,2024,recession,ok,False,False,False,True,17,False,,seasonal,per_year_detection
2024-05-01,0.11009418028126287,2.8206960030995183,20.0,0.073039,True,usable,2024,recession,ok,False,False,False,True,17,False,,seasonal,per_year_detection
2024-06-01,0.09166977162283188,2.8212123920541177,20.0,0.073039,True,usable,2024,recession,ok,False,False,False,False,,False,,seasonal,per_year_detection
2024-07-01,0.07413177553729873,2.816758305963639,20.0,0.073039,True,usable,2024,recession,ok,False,True,False,False,,False,,seasonal,per_year_detection
2024-08-01,0.05230343461410774,2.8151841525375216,20.0,0.073039,True,usable,2024,dry,ok,False,False,False,False,,False,,seasonal,per_year_detection
2024-09-01,0.04488905794074675,2.8166574342861277,20.0,0.073039,True,usable,2024,dry,ok,False,False,False,False,,True,16,seasonal,per_year_detection
2024-10-01,0.039827128210387336,2.812572594061035,20.0,0.073039,True,usable,2024,dry,ok,False,False,False,False,,True,16,seasonal,per_year_detection
2024-11-01,0.037260306578010834,5.816222982747371,20.0,0.073039,True,usable,2024,dry,ok,False,False,True,False,,True,16,seasonal,per_year_detection
2024-12-01,0.06650017423344587,4.6519176603560295,20.0,0.073039,True,usable,2025,wet,provisional,False,False,False,False,,False,,seasonal,per_year_detection
2025-01-01,0.25970322038801685,3.7655656334895893,20.0,0.073039,True,usable,2025,wet,provisional,False,False,False,True,18,False,,seasonal,per_year_detection
2025-02-01,0.2666638136303789,6.23657469693012,20.0,0.073039,True,usable,2025,wet,provisional,True,False,False,True,18,False,,seasonal,per_year_detection
2025-03-01,0.2524892312968601,2.821126327228351,20.0,0.073039,True,usable,2025,recession,provisional,False,False,False,True,18,False,,seasonal,per_year_detection
2025-04-01,0.23144714176878553,2.820638626549007,20.0,0.073039,True,usable,2025,recession,provisional,False,False,False,True,18,False,,seasonal,per_year_detection
2025-05-01,0.11644525586386535,2.824884491286825,20.0,0.073039,True,usable,2025,recession,provisional,False,False,False,True,18,False,,seasonal,per_year_detection
2025-06-01,0.10021613010492549,2.8225894292663827,20.0,0.073039,True,usable,2025,recession,provisional,False,False,False,True,18,False,,seasonal,per_year_detection
2025-07-01,0.07823198122363881,2.8271730753096285,20.0,0.073039,True,usable,2025,recession,provisional,False,True,False,False,,False,,seasonal,per_year_detection
2025-08-01,0.06267523850415606,2.8197002423196813,20.0,0.073039,True,usable,2025,recession,provisional,False,False,False,False,,False,,seasonal,per_year_detection
2025-09-01,0.04840613392975729,2.821318816301033,20.0,0.073039,True,usable,2025,recession,provisional,False,False,False,False,,True,17,seasonal,per_year_detection
2025-10-01,0.04015881941717868,2.8225699952734677,20.0,0.073039,True,usable,2025,recession,provisional,False,False,False,False,,True,17,seasonal,per_year_detection
2025-11-01,0.03189852240166859,3.1330576457946013,20.0,0.073039,True,usable,2025,dry,provisional,False,False,True,False,,True,17,seasonal,per_year_detection
2025-12-01,0.06799602074900388,3.8573505311708196,20.0,0.073039,True,usable,,unspecified,outside_cycle,False,False,False,False,,False,,seasonal,per_year_detection
