date,extent_pct,invalid_pct,max_invalid_pct,baseline_extent_pct,usable_month,quality_state,hy_year,confidence,phase,phase_status,is_hy_peak,is_hy_mid_dry,is_hy_trough,in_wet_event,wet_event_id,in_low_spell,low_spell_id,regime,route
2005-01-01,0.18548302769581004,0.015256294401841352,20.0,0.148784,True,usable,,,unspecified,disabled,False,False,False,False,,False,,aseasonal,event_characterisation
2005-02-01,0.15610659577045205,0.015317613913102771,20.0,0.148784,True,usable,,,unspecified,disabled,False,False,False,False,,False,,aseasonal,event_characterisation
2005-03-01,0.1259202150824231,0.015084599770309374,20.0,0.148784,True,usable,,,unspecified,disabled,False,False,False,False,,False,,aseasonal,event_characterisation
2005-04-01,0.11155688208143186,0.014961960747786534,20.0,0.148784,True,usable,,,unspecified,disabled,False,False,False,False,,True,1,aseasonal,event_characterisation
2005-05-01,0.11921685705138976,0.01498035660116496,20.0,0.148784,True,usable,,,unspecified,disabled,False,False,False,False,,True,1,aseasonal,event_characterisation
2005-06-01,0.14800048943581753,0.9237416454465388,20.0,0.148784,True,usable,,,unspecified,disabled,False,False,False,False,,False,,aseasonal,event_characterisation
2005-07-01,0.303054741999613,0.016666643160854016,20.0,0.148784,True,usable,,,unspecified,disabled,False,False,False,True,1,False,,aseasonal,event_characterisation
2005-08-01,0.2356310792861386,0.015017148307921812,20.0,0.148784,True,usable,,,unspecified,disabled,False,False,False,True,1,False,,aseasonal,event_characterisation
2005-09-01,0.1900763733773854,0.015158183183823079,20.0,0.148784,True,usable,,,unspecified,disabled,False,False,False,True,1,False,,aseasonal,event_characterisation
2005-10-01,0.1454694756376503,0.02611597984623887,20.0,0.148784,True,usable,,,unspecified,disabled,False,False,False,False,,False,,aseasonal,event_characterisation
2005-11-01,0.1445572711569472,1.9446195286822934,20.0,0.148784,True,usable,,,unspecified,disabled,False,False,False,False,,False,,aseasonal,event_characterisation
2005-12-01,0.15106770961825747,6.543864943040613,20.0,0.148784,True,usable,,,unspecified,disabled,False,False,False,False,,False,,aseasonal,event_characterisation
2006-01-01,0.13273633249589367,3.246095495450307,20.0,0.148784,True,usable,,,unspecified,disabled,False,False,False,False,,False,,aseasonal,event_characterisation
2006-02-01,0.10011204249315296,0.7000664642182562,20.0,0.148784,True,usable,,,unspecified,disabled,False,False,False,False,,True,2,aseasonal,event_characterisation
2006-03-01,0.0857843783733319,0.033854502167430106,20.0,0.148784,True,usable,,,unspecified,disabled,False,False,False,False,,True,2,aseasonal,event_characterisation
2006-04-01,0.07919515205217742,0.016752490476620006,20.0,0.148784,True,usable,,,unspecified,disabled,False,False,False,False,,True,2,aseasonal,event_characterisation
2006-05-01,0.0705709420420423,0.014992620503417244,20.0,0.148784,True,usable,,,unspecified,disabled,False,False,False,False,,True,2,aseasonal,event_characterisation
2006-06-01,0.06641289650259347,0.015053940014678665,20.0,0.148784,True,usable,,,unspecified,disabled,False,False,False,False,,True,2,aseasonal,event_characterisation
2006-07-01,0.06217511082109416,0.0151029956236878,20.0,0.148784,True,usable,,,unspecified,disabled,False,False,False,False,,True,2,aseasonal,event_characterisation
2006-08-01,0.05606066302205918,0.015158183183823079,20.0,0.148784,True,usable,,,unspecified,disabled,False,False,False,False,,True,2,aseasonal,event_characterisation
2006-09-01,0.04909362617543357,0.014986488552291103,20.0,0.148784,True,usable,,,unspecified,disabled,False,False,False,False,,True,2,aseasonal,event_characterisation
2006-10-01,0.039342683420005804,0.01580203805206799,20.0,0.148784,True,usable,,,unspecified,disabled,False,False,False,False,,True,2,aseasonal,event_characterisation
2006-11-01,0.03592039936468055,0.015483176593508606,20.0,0.148784,True,usable,,,unspecified,disabled,False,False,False,False,,True,2,aseasonal,event_characterisation
2006-12-01,0.029975198805282145,0.5188305167340026,20.0,0.148784,True,usable,,,unspecified,disabled,False,False,False,False,,True,2,aseasonal,event_characterisation
2007-01-01,0.038625029890241254,0.015538364153643885,20.0,0.148784,True,usable,,,unspecified,disabled,False,False,False,False,,True,2,aseasonal,event_characterisation
2007-02-01,0.06755579188786218,0.18166518406308355,20.0,0.148784,True,usable,,,unspecified,disabled,False,False,False,False,,True,2,aseasonal,event_characterisation
2007-03-01,0.0972849727607022,0.8147094224726075,20.0,0.148784,True,usable,,,unspecified,disabled,False,False,False,False,,True,2,aseasonal,event_characterisation
2007-04-01,0.06644371572098545,0.015286954157472062,20.0,0.148784,True,usable,,,unspecified,disabled,False,False,False,False,,True,2,aseasonal,event_characterisation
2007-05-01,0.06006526102262548,0.014869981480894403,20.0,0.148784,True,usable,,,unspecified,disabled,False,False,False,False,,True,2,aseasonal,event_characterisation
2007-06-01,0.06948110231923461,4.827415315762064,20.0,0.148784,True,usable,,,unspecified,disabled,False,False,False,False,,True,2,aseasonal,event_characterisation
2007-07-01,0.054656092544441655,0.014900641236525115,20.0,0.148784,True,usable,,,unspecified,disabled,False,False,False,False,,True,2,aseasonal,event_characterisation
2007-08-01,0.05014229470667616,0.014882245383146689,20.0,0.148784,True,usable,,,unspecified,disabled,False,False,False,False,,True,2,aseasonal,event_characterisation
2007-09-01,0.06354872335570132,0.014863849529768262,20.0,0.148784,True,usable,,,unspecified,disabled,False,False,False,False,,True,2,aseasonal,event_characterisation
2007-10-01,0.05242705163217035,8.840139604904898,20.0,0.148784,True,usable,,,unspecified,disabled,False,False,False,False,,True,2,aseasonal,event_characterisation
2007-11-01,0.08413801463471451,31.50768183243303,20.0,0.148784,True,low,,,unspecified,disabled,False,False,False,False,,True,2,aseasonal,event_characterisation
2007-12-01,0.13328740135840994,17.44316279171301,20.0,0.148784,True,usable,,,unspecified,disabled,False,False,False,False,,False,,aseasonal,event_characterisation
2008-01-01,0.17945692081806916,3.3926062037072184,20.0,0.148784,True,usable,,,unspecified,disabled,False,False,False,False,,False,,aseasonal,event_characterisation
2008-02-01,0.4889531852717673,0.3870119633753276,20.0,0.148784,True,usable,,,unspecified,disabled,False,False,False,True,2,False,,aseasonal,event_characterisation
2008-03-01,0.20449411134969303,0.014833189774137551,20.0,0.148784,True,usable,,,unspecified,disabled,False,False,False,True,2,False,,aseasonal,event_characterisation
2008-04-01,0.17316432050775732,0.02364480354240364,20.0,0.148784,True,usable,,,unspecified,disabled,False,False,False,False,,False,,aseasonal,event_characterisation
2008-05-01,0.16552432450321633,0.31764733223640906,20.0,0.148784,True,usable,,,unspecified,disabled,False,False,False,False,,False,,aseasonal,event_characterisation
2008-06-01,0.17124655674457048,3.2904724257501967,20.0,0.148784,True,usable,,,unspecified,disabled,False,False,False,False,,False,,aseasonal,event_characterisation
2008-07-01,0.17111377174227216,12.636583845877578,20.0,0.148784,True,usable,,,unspecified,disabled,False,False,False,False,,False,,aseasonal,event_characterisation
2008-08-01,0.145030064915317,5.435318554554406,20.0,0.148784,True,usable,,,unspecified,disabled,False,False,False,False,,False,,aseasonal,event_characterisation
2008-09-01,0.15595272833560925,0.014968092698912677,20.0,0.148784,True,usable,,,unspecified,disabled,False,False,False,False,,False,,aseasonal,event_characterisation
2008-10-01,0.13776259634197777,0.014937432943281967,20.0,0.148784,True,usable,,,unspecified,disabled,False,False,False,False,,False,,aseasonal,event_characterisation
2008-11-01,0.11679746789173578,0.017629359487658314,20.0,0.148784,True,usable,,,unspecified,disabled,False,False,False,False,,False,,aseasonal,event_characterisation
2008-12-01,0.12727557695899827,0.03917090379379524,20.0,0.148784,True,usable,,,unspecified,disabled,False,False,False,False,,False,,aseasonal,event_characterisation
2009-01-01,0.11392848149266803,0.3578300079660177,20.0,0.148784,True,usable,,,unspecified,disabled,False,False,False,False,,False,,aseasonal,event_characterisation
2009-02-01,0.13636837104101254,1.924482201184043,20.0,0.148784,True,usable,,,unspecified,disabled,False,False,False,False,,False,,aseasonal,event_characterisation
2009-03-01,0.11155096129220281,0.015152051232696938,20.0,0.148784,True,usable,,,unspecified,disabled,False,False,False,False,,True,3,aseasonal,event_characterisation
2009-04-01,0.10367023543152307,0.015176579037201505,20.0,0.148784,True,usable,,,unspecified,disabled,False,False,False,False,,True,3,aseasonal,event_characterisation
2009-05-01,0.12176238635142633,0.015299218059724345,20.0,0.148784,True,usable,,,unspecified,disabled,False,False,False,False,,False,,aseasonal,event_characterisation
2009-06-01,0.2797712022218483,4.120867379203475,20.0,0.148784,True,usable,,,unspecified,disabled,False,False,False,True,3,False,,aseasonal,event_characterisation
2009-07-01,0.20539023961540448,0.015188842939453788,20.0,0.148784,True,usable,,,unspecified,disabled,False,False,False,True,3,False,,aseasonal,event_characterisation
2009-08-01,0.16060778282942856,0.01509686367256166,20.0,0.148784,True,usable,,,unspecified,disabled,False,False,False,False,,False,,aseasonal,event_characterisation
2009-09-01,0.1347402166306225,0.01577137829643728,20.0,0.148784,True,usable,,,unspecified,disabled,False,False,False,False,,False,,aseasonal,event_characterisation
2009-10-01,0.1119621938702416,0.015446384886751754,20.0,0.148784,True,usable,,,unspecified,disabled,False,False,False,False,,True,4,aseasonal,event_characterisation
2009-11-01,0.09948415123783264,4.899551588809999,20.0,0.148784,True,usable,,,unspecified,disabled,False,False,False,False,,True,4,aseasonal,event_characterisation
2009-12-01,0.07447334836466818,10.861396258761715,20.0,0.148784,True,usable,,,unspecified,disabled,False,False,False,False,,True,4,aseasonal,event_characterisation
2010-01-01,0.10065894103825715,0.015127523428192369,20.0,0.148784,True,usable,,,unspecified,disabled,False,False,False,False,,True,4,aseasonal,event_characterisation
2010-02-01,0.1368923629646701,0.0646736885274199,20.0,0.148784,True,usable,,,unspecified,disabled,False,False,False,False,,False,,aseasonal,event_characterisation
2010-03-01,0.7385354493751288,2.321918481473812,20.0,0.148784,True,usable,,,unspecified,disabled,False,False,False,True,4,False,,aseasonal,event_characterisation
2010-04-01,0.37246175579068896,0.4052422540733478,20.0,0.148784,True,usable,,,unspecified,disabled,False,False,False,True,4,False,,aseasonal,event_characterisation
2010-05-01,0.3078193976446869,2.8192810373151915,20.0,0.148784,True,usable,,,unspecified,disabled,False,False,False,True,4,False,,aseasonal,event_characterisation
2010-06-01,0.2867111376958216,6.137954306294516,20.0,0.148784,True,usable,,,unspecified,disabled,False,False,False,True,4,False,,aseasonal,event_characterisation
2010-07-01,0.2521457078108643,7.249468559125775,20.0,0.148784,True,usable,,,unspecified,disabled,False,False,False,True,4,False,,aseasonal,event_characterisation
2010-08-01,0.26078946416207055,0.015532232202517742,20.0,0.148784,True,usable,,,unspecified,disabled,False,False,False,True,4,False,,aseasonal,event_characterisation
2010-09-01,0.3161974037473924,57.78576593864259,20.0,0.148784,True,low,,,unspecified,disabled,False,False,False,True,4,False,,aseasonal,event_characterisation
2010-10-01,0.629712660223957,4.345627915781085,20.0,0.148784,True,usable,,,unspecified,disabled,False,False,False,True,4,False,,aseasonal,event_characterisation
2010-11-01,0.2792802929989926,2.8896513084387974,20.0,0.148784,True,usable,,,unspecified,disabled,False,False,False,True,4,False,,aseasonal,event_characterisation
2010-12-01,0.7200234776264904,0.019242062633833667,20.0,0.148784,True,usable,,,unspecified,disabled,False,False,False,True,4,False,,aseasonal,event_characterisation
2011-01-01,0.6253001197159568,0.242304048749502,20.0,0.148784,True,usable,,,unspecified,disabled,False,False,False,True,4,False,,aseasonal,event_characterisation
2011-02-01,0.22514968919784498,4.669339747681248,20.0,0.148784,True,usable,,,unspecified,disabled,False,False,False,True,4,False,,aseasonal,event_characterisation
2011-03-01,0.31882923395749424,1.8708521566348049,20.0,0.148784,True,usable,,,unspecified,disabled,False,False,False,True,4,False,,aseasonal,event_characterisation
2011-04-01,0.25309715756480167,0.014882245383146689,20.0,0.148784,True,usable,,,unspecified,disabled,False,False,False,True,4,False,,aseasonal,event_characterisation
2011-05-01,0.21839345955473843,0.23488438788687016,20.0,0.148784,True,usable,,,unspecified,disabled,False,False,False,True,4,False,,aseasonal,event_characterisation
2011-06-01,0.23266057449547994,0.01670956681873701,20.0,0.148784,True,usable,,,unspecified,disabled,False,False,False,True,4,False,,aseasonal,event_characterisation
2011-07-01,0.21856303561109988,0.2168993752338956,20.0,0.148784,True,usable,,,unspecified,disabled,False,False,False,True,4,False,,aseasonal,event_characterisation
2011-08-01,0.21409812308191367,0.040587384503934044,20.0,0.148784,True,usable,,,unspecified,disabled,False,False,False,True,4,False,,aseasonal,event_characterisation
2011-09-01,0.18822942351565092,0.021167495287442262,20.0,0.148784,True,usable,,,unspecified,disabled,False,False,False,True,4,False,,aseasonal,event_characterisation
2011-10-01,0.1987921309453398,2.400027274918609,20.0,0.148784,True,usable,,,unspecified,disabled,False,False,False,True,4,False,,aseasonal,event_characterisation
2011-11-01,0.17027890772877538,17.721565636742113,20.0,0.148784,True,usable,,,unspecified,disabled,False,False,False,False,,False,,aseasonal,event_characterisation
2011-12-01,0.401141651117716,42.35708399479201,20.0,0.148784,True,low,,,unspecified,disabled,False,False,False,True,5,False,,aseasonal,event_characterisation
2012-01-01,0.13443818763663318,35.537017577176584,20.0,0.148784,True,low,,,unspecified,disabled,False,False,False,False,,False,,aseasonal,event_characterisation
2012-02-01,1.0427994892702146,12.416784057761017,20.0,0.148784,True,usable,,,unspecified,disabled,False,False,False,True,6,False,,aseasonal,event_characterisation
2012-03-01,0.3022788813140753,14.077714999543476,20.0,0.148784,True,usable,,,unspecified,disabled,False,False,False,True,6,False,,aseasonal,event_characterisation
2012-04-01,0.23826025588581937,3.10261397104971,20.0,0.148784,True,usable,,,unspecified,disabled,False,False,False,True,6,False,,aseasonal,event_characterisation
2012-05-01,0.24731320031383777,10.39597503633641,20.0,0.148784,True,usable,,,unspecified,disabled,False,False,False,True,6,False,,aseasonal,event_characterisation
2012-06-01,0.26394049187440155,7.4517125711681915,20.0,0.148784,True,usable,,,unspecified,disabled,False,False,False,True,6,False,,aseasonal,event_characterisation
2012-07-01,0.2521616365806708,4.07216129140853,20.0,0.148784,True,usable,,,unspecified,disabled,False,False,False,True,6,False,,aseasonal,event_characterisation
2012-08-01,0.24425539605494165,4.998907592906877,20.0,0.148784,True,usable,,,unspecified,disabled,False,False,False,True,6,False,,aseasonal,event_characterisation
2012-09-01,0.19543172785740956,4.712901128481362,20.0,0.148784,True,usable,,,unspecified,disabled,False,False,False,True,6,False,,aseasonal,event_characterisation
2012-10-01,0.1411894864000524,2.8282643457149894,20.0,0.148784,True,usable,,,unspecified,disabled,False,False,False,False,,False,,aseasonal,event_characterisation
2012-11-01,0.08097614483123616,17.633480158815082,20.0,0.148784,True,usable,,,unspecified,disabled,False,False,False,False,,True,5,aseasonal,event_characterisation
2012-12-01,0.1050337486338586,11.424695685062499,20.0,0.148784,True,usable,,,unspecified,disabled,False,False,False,False,,True,5,aseasonal,event_characterisation
2013-01-01,0.11804860032186572,13.43483511152762,20.0,0.148784,True,usable,,,unspecified,disabled,False,False,False,False,,True,5,aseasonal,event_characterisation
2013-02-01,0.38547585543784535,9.874556836227175,20.0,0.148784,True,usable,,,unspecified,disabled,False,False,False,True,7,False,,aseasonal,event_characterisation
2013-03-01,0.3464562608497081,11.494066448152545,20.0,0.148784,True,usable,,,unspecified,disabled,False,False,False,True,7,False,,aseasonal,event_characterisation
2013-04-01,0.2613978166029661,0.6141762247943849,20.0,0.148784,True,usable,,,unspecified,disabled,False,False,False,True,7,False,,aseasonal,event_characterisation
2013-05-01,0.24947947171361898,0.015164315134949221,20.0,0.148784,True,usable,,,unspecified,disabled,False,False,False,True,7,False,,aseasonal,event_characterisation
2013-06-01,0.24123967145872177,4.975471275702763,20.0,0.148784,True,usable,,,unspecified,disabled,False,False,False,True,7,False,,aseasonal,event_characterisation
2013-07-01,0.20881227804418387,0.026882473737006626,20.0,0.148784,True,usable,,,unspecified,disabled,False,False,False,True,7,False,,aseasonal,event_characterisation
2013-08-01,0.1945222585948904,0.014925169041029682,20.0,0.148784,True,usable,,,unspecified,disabled,False,False,False,True,7,False,,aseasonal,event_characterisation
2013-09-01,0.17123207514304037,0.4460810485734537,20.0,0.148784,True,usable,,,unspecified,disabled,False,False,False,False,,False,,aseasonal,event_characterisation
2013-10-01,0.14985645764995728,0.1171325304115649,20.0,0.148784,True,usable,,,unspecified,disabled,False,False,False,False,,False,,aseasonal,event_characterisation
2013-11-01,0.11285394886092702,0.01764775534103674,20.0,0.148784,True,usable,,,unspecified,disabled,False,False,False,False,,True,6,aseasonal,event_characterisation
2013-12-01,0.0970357783708219,0.016537872187205035,20.0,0.148784,True,usable,,,unspecified,disabled,False,False,False,False,,True,6,aseasonal,event_characterisation
2014-01-01,0.06676414666859248,4.095481101541248,20.0,0.148784,True,usable,,,unspecified,disabled,False,False,False,False,,True,6,aseasonal,event_characterisation
2014-02-01,0.03920586752240505,3.1390561565923716,20.0,0.148784,True,usable,,,unspecified,disabled,False,False,False,False,,True,6,aseasonal,event_characterisation
2014-03-01,0.035446236544551875,0.563618287759344,20.0,0.148784,True,usable,,,unspecified,disabled,False,False,False,False,,True,6,aseasonal,event_characterisation
2014-04-01,0.17490965198928146,0.01509686367256166,20.0,0.148784,True,usable,,,unspecified,disabled,False,False,False,False,,False,,aseasonal,event_characterisation
2014-05-01,0.1457423135418861,7.635113097399973,20.0,0.148784,True,usable,,,unspecified,disabled,False,False,False,False,,False,,aseasonal,event_characterisation
2014-06-01,0.12930859384655805,0.5248336968864957,20.0,0.148784,True,usable,,,unspecified,disabled,False,False,False,False,,False,,aseasonal,event_characterisation
2014-07-01,0.12209129315574867,0.01846330484081363,20.0,0.148784,True,usable,,,unspecified,disabled,False,False,False,False,,False,,aseasonal,event_characterisation
2014-08-01,0.11174110114292993,0.015170447086075362,20.0,0.148784,True,usable,,,unspecified,disabled,False,False,False,False,,True,7,aseasonal,event_characterisation
2014-09-01,0.09773347389879655,0.015041676112426381,20.0,0.148784,True,usable,,,unspecified,disabled,False,False,False,False,,True,7,aseasonal,event_characterisation
2014-10-01,0.08032833917325716,0.014992620503417244,20.0,0.148784,True,usable,,,unspecified,disabled,False,False,False,False,,True,7,aseasonal,event_characterisation
2014-11-01,0.0692822768968765,0.1909060344101796,20.0,0.148784,True,usable,,,unspecified,disabled,False,False,False,False,,True,7,aseasonal,event_characterisation
2014-12-01,0.05451820928494851,3.3612351417458757,20.0,0.148784,True,usable,,,unspecified,disabled,False,False,False,False,,True,7,aseasonal,event_characterisation
2015-01-01,0.059589759332181955,0.16373535897024427,20.0,0.148784,True,usable,,,unspecified,disabled,False,False,False,False,,True,7,aseasonal,event_characterisation
2015-02-01,0.06686401006485262,2.4137321856855367,20.0,0.148784,True,usable,,,unspecified,disabled,False,False,False,False,,True,7,aseasonal,event_characterisation
2015-03-01,0.05688259783063785,0.14474470633258243,20.0,0.148784,True,usable,,,unspecified,disabled,False,False,False,False,,True,7,aseasonal,event_characterisation
2015-04-01,0.13812460492787523,0.015060071965804807,20.0,0.148784,True,usable,,,unspecified,disabled,False,False,False,False,,False,,aseasonal,event_characterisation
2015-05-01,0.11627060314901261,1.3840549525837682,20.0,0.148784,True,usable,,,unspecified,disabled,False,False,False,False,,False,,aseasonal,event_characterisation
2015-06-01,0.13216419702261215,0.21976912836093007,20.0,0.148784,True,usable,,,unspecified,disabled,False,False,False,False,,False,,aseasonal,event_characterisation
2015-07-01,0.1361809346323541,0.015391197326616476,20.0,0.148784,True,usable,,,unspecified,disabled,False,False,False,False,,False,,aseasonal,event_characterisation
2015-08-01,0.12161474203722417,0.014925169041029682,20.0,0.148784,True,usable,,,unspecified,disabled,False,False,False,False,,False,,aseasonal,event_characterisation
2015-09-01,0.10528922584821057,0.015090731721435517,20.0,0.148784,True,usable,,,unspecified,disabled,False,False,False,False,,True,8,aseasonal,event_characterisation
2015-10-01,0.08080731296649556,0.29651662865572365,20.0,0.148784,True,usable,,,unspecified,disabled,False,False,False,False,,True,8,aseasonal,event_characterisation
2015-11-01,0.06803239537357621,0.0697509440598655,20.0,0.148784,True,usable,,,unspecified,disabled,False,False,False,False,,True,8,aseasonal,event_characterisation
2015-12-01,0.05666143139234103,1.6596677598504737,20.0,0.148784,True,usable,,,unspecified,disabled,False,False,False,False,,True,8,aseasonal,event_characterisation
2016-01-01,0.06129426089686529,2.029657426899631,20.0,0.148784,True,usable,,,unspecified,disabled,False,False,False,False,,True,8,aseasonal,event_characterisation
2016-02-01,0.06604277159313694,0.2532005259006564,20.0,0.148784,True,usable,,,unspecified,disabled,False,False,False,False,,True,8,aseasonal,event_characterisation
2016-03-01,0.04169500991537522,1.2740661452341586,20.0,0.148784,True,usable,,,unspecified,disabled,False,False,False,False,,True,8,aseasonal,event_characterisation
2016-04-01,0.04268482128981509,0.015090731721435517,20.0,0.148784,True,usable,,,unspecified,disabled,False,False,False,False,,True,8,aseasonal,event_characterisation
2016-05-01,0.047238795584669376,0.24291724386211622,20.0,0.148784,True,usable,,,unspecified,disabled,False,False,False,False,,True,8,aseasonal,event_characterisation
2016-06-01,0.06511731108817746,0.8978525477919672,20.0,0.148784,True,usable,,,unspecified,disabled,False,False,False,False,,True,8,aseasonal,event_characterisation
2016-07-01,0.051169157266796474,1.6379054653037957,20.0,0.148784,True,usable,,,unspecified,disabled,False,False,False,False,,True,8,aseasonal,event_characterisation
2016-08-01,0.049866246323675555,0.039336466474201075,20.0,0.148784,True,usable,,,unspecified,disabled,False,False,False,False,,True,8,aseasonal,event_characterisation
2016-09-01,0.4477674211469112,14.314880473249271,20.0,0.148784,True,usable,,,unspecified,disabled,False,False,False,True,8,False,,aseasonal,event_characterisation
2016-10-01,0.22643490246499204,0.02723199495119672,20.0,0.148784,True,usable,,,unspecified,disabled,False,False,False,True,8,False,,aseasonal,event_characterisation
2016-11-01,0.16791281167577587,0.015556760007022311,20.0,0.148784,True,usable,,,unspecified,disabled,False,False,False,False,,False,,aseasonal,event_characterisation
2016-12-01,0.12295191806034764,0.01509686367256166,20.0,0.148784,True,usable,,,unspecified,disabled,False,False,False,False,,False,,aseasonal,event_characterisation
2017-01-01,0.09665415819246098,0.16103116852361565,20.0,0.148784,True,usable,,,unspecified,disabled,False,False,False,False,,True,9,aseasonal,event_characterisation
2017-02-01,0.08460933192603981,0.015286954157472062,20.0,0.148784,True,usable,,,unspecified,disabled,False,False,False,False,,True,9,aseasonal,event_characterisation
2017-03-01,0.09498313400797301,0.018536888254327335,20.0,0.148784,True,usable,,,unspecified,disabled,False,False,False,False,,True,9,aseasonal,event_characterisation
2017-04-01,0.2564505768252087,0.016783150232250715,20.0,0.148784,True,usable,,,unspecified,disabled,False,False,False,True,9,False,,aseasonal,event_characterisation
2017-05-01,0.2131965362600312,0.014784134165128415,20.0,0.148784,True,usable,,,unspecified,disabled,False,False,False,True,9,False,,aseasonal,event_characterisation
2017-06-01,0.18764793672823368,0.015256294401841352,20.0,0.148784,True,usable,,,unspecified,disabled,False,False,False,True,9,False,,aseasonal,event_characterisation
2017-07-01,0.1779513188826183,0.014961960747786534,20.0,0.148784,True,usable,,,unspecified,disabled,False,False,False,False,,False,,aseasonal,event_characterisation
2017-08-01,0.1515000609606366,0.014833189774137551,20.0,0.148784,True,usable,,,unspecified,disabled,False,False,False,False,,False,,aseasonal,event_characterisation
2017-09-01,0.13252532279934154,0.015084599770309374,20.0,0.148784,True,usable,,,unspecified,disabled,False,False,False,False,,False,,aseasonal,event_characterisation
2017-10-01,0.1581269090982588,0.7925301552493518,20.0,0.148784,True,usable,,,unspecified,disabled,False,False,False,False,,False,,aseasonal,event_characterisation
2017-11-01,0.14307159996535315,0.03921382745167823,20.0,0.148784,True,usable,,,unspecified,disabled,False,False,False,False,,False,,aseasonal,event_characterisation
2017-12-01,0.1464102622603262,0.01934630580297808,20.0,0.148784,True,usable,,,unspecified,disabled,False,False,False,False,,False,,aseasonal,event_characterisation
2018-01-01,0.11523938935699672,0.04398448542781672,20.0,0.148784,True,usable,,,unspecified,disabled,False,False,False,False,,True,10,aseasonal,event_characterisation
2018-02-01,0.1027321124171791,0.015378933424364192,20.0,0.148784,True,usable,,,unspecified,disabled,False,False,False,False,,True,10,aseasonal,event_characterisation
2018-03-01,0.16184716120853335,0.1897103039405819,20.0,0.148784,True,usable,,,unspecified,disabled,False,False,False,False,,False,,aseasonal,event_characterisation
2018-04-01,0.14014818714407162,0.014869981480894403,20.0,0.148784,True,usable,,,unspecified,disabled,False,False,False,False,,False,,aseasonal,event_characterisation
2018-05-01,0.13107142116819398,0.014771870262876132,20.0,0.148784,True,usable,,,unspecified,disabled,False,False,False,False,,False,,aseasonal,event_characterisation
2018-06-01,0.1215409911067418,0.0147963980673807,20.0,0.148784,True,usable,,,unspecified,disabled,False,False,False,False,,False,,aseasonal,event_characterisation
2018-07-01,0.12338723125222738,0.014998752454543386,20.0,0.148784,True,usable,,,unspecified,disabled,False,False,False,False,,False,,aseasonal,event_characterisation
2018-08-01,0.1124644156039133,0.014845453676389836,20.0,0.148784,True,usable,,,unspecified,disabled,False,False,False,False,,True,11,aseasonal,event_characterisation
2018-09-01,0.10431091671039537,0.04143359375934164,20.0,0.148784,True,usable,,,unspecified,disabled,False,False,False,False,,True,11,aseasonal,event_characterisation
2018-10-01,0.1021396013795348,0.02971543515728424,20.0,0.148784,True,usable,,,unspecified,disabled,False,False,False,False,,True,11,aseasonal,event_characterisation
2018-11-01,0.09692064926598877,1.1567987118978187,20.0,0.148784,True,usable,,,unspecified,disabled,False,False,False,False,,True,11,aseasonal,event_characterisation
2018-12-01,0.09999083131177557,0.015501572446887033,20.0,0.148784,True,usable,,,unspecified,disabled,False,False,False,False,,True,11,aseasonal,event_characterisation
2019-01-01,0.07389121919468876,0.034829482396486686,20.0,0.148784,True,usable,,,unspecified,disabled,False,False,False,False,,True,11,aseasonal,event_characterisation
2019-02-01,0.03949663858003168,0.12607904710460613,20.0,0.148784,True,usable,,,unspecified,disabled,False,False,False,False,,True,11,aseasonal,event_characterisation
2019-03-01,0.046289718153102864,2.0789399181004344,20.0,0.148784,True,usable,,,unspecified,disabled,False,False,False,False,,True,11,aseasonal,event_characterisation
2019-04-01,0.04411364086013566,0.014771870262876132,20.0,0.148784,True,usable,,,unspecified,disabled,False,False,False,False,,True,11,aseasonal,event_characterisation
2019-05-01,0.050381556731840714,0.015041676112426381,20.0,0.148784,True,usable,,,unspecified,disabled,False,False,False,False,,True,11,aseasonal,event_characterisation
2019-06-01,0.061015914672656275,0.014968092698912677,20.0,0.148784,True,usable,,,unspecified,disabled,False,False,False,False,,True,11,aseasonal,event_characterisation
2019-07-01,0.05246053653992281,0.01491903708990354,20.0,0.148784,True,usable,,,unspecified,disabled,False,False,False,False,,True,11,aseasonal,event_characterisation
2019-08-01,0.03859408843805008,0.014820925871885268,20.0,0.148784,True,usable,,,unspecified,disabled,False,False,False,False,,True,11,aseasonal,event_characterisation
2019-09-01,0.03707346427390624,0.015697794882923576,20.0,0.148784,True,usable,,,unspecified,disabled,False,False,False,False,,True,11,aseasonal,event_characterisation
2019-10-01,0.03277401427889717,0.014851585627515977,20.0,0.148784,True,usable,,,unspecified,disabled,False,False,False,False,,True,11,aseasonal,event_characterisation
2019-11-01,0.020072852249272567,0.01482705782301141,20.0,0.148784,True,usable,,,unspecified,disabled,False,False,False,False,,True,11,aseasonal,event_characterisation
2019-12-01,0.014645270751989884,0.01482705782301141,20.0,0.148784,True,usable,,,unspecified,disabled,False,False,False,False,,True,11,aseasonal,event_characterisation
2020-01-01,0.0132688470230762,0.040973697424880995,20.0,0.148784,True,usable,,,unspecified,disabled,False,False,False,False,,True,11,aseasonal,event_characterisation
2020-02-01,0.561219007008406,0.14283153758122613,20.0,0.148784,True,usable,,,unspecified,disabled,False,False,False,True,10,False,,aseasonal,event_characterisation
2020-03-01,0.36387032770591876,0.015262426352967493,20.0,0.148784,True,usable,,,unspecified,disabled,False,False,False,True,10,False,,aseasonal,event_characterisation
2020-04-01,0.25420807641738075,0.041758587169027174,20.0,0.148784,True,usable,,,unspecified,disabled,False,False,False,True,10,False,,aseasonal,event_characterisation
2020-05-01,0.24015017482530351,0.02999137295796063,20.0,0.148784,True,usable,,,unspecified,disabled,False,False,False,True,10,False,,aseasonal,event_characterisation
2020-06-01,0.227105829930722,0.014771870262876132,20.0,0.148784,True,usable,,,unspecified,disabled,False,False,False,True,10,False,,aseasonal,event_characterisation
2020-07-01,0.19323480714166025,0.3166232963983433,20.0,0.148784,True,usable,,,unspecified,disabled,False,False,False,True,10,False,,aseasonal,event_characterisation
2020-08-01,0.16775852192930274,0.01498035660116496,20.0,0.148784,True,usable,,,unspecified,disabled,False,False,False,False,,False,,aseasonal,event_characterisation
2020-09-01,0.14956832904738013,0.014912905138777398,20.0,0.148784,True,usable,,,unspecified,disabled,False,False,False,False,,False,,aseasonal,event_characterisation
2020-10-01,0.13465977845439864,0.015244030499589067,20.0,0.148784,True,usable,,,unspecified,disabled,False,False,False,False,,False,,aseasonal,event_characterisation
2020-11-01,0.11853599218329708,0.014882245383146689,20.0,0.148784,True,usable,,,unspecified,disabled,False,False,False,False,,True,12,aseasonal,event_characterisation
2020-12-01,0.08191733577486578,9.73941476535813,20.0,0.148784,True,usable,,,unspecified,disabled,False,False,False,False,,True,12,aseasonal,event_characterisation
2021-01-01,0.18812682108909332,0.015532232202517742,20.0,0.148784,True,usable,,,unspecified,disabled,False,False,False,False,,False,,aseasonal,event_characterisation
2021-02-01,0.173592348469037,0.19597715799149903,20.0,0.148784,True,usable,,,unspecified,disabled,False,False,False,False,,False,,aseasonal,event_characterisation
2021-03-01,0.2305462412380273,0.11578963311493981,20.0,0.148784,True,usable,,,unspecified,disabled,False,False,False,False,,False,,aseasonal,event_characterisation
2021-04-01,0.36348001624137644,1.3081168698376253,20.0,0.148784,True,usable,,,unspecified,disabled,False,False,False,True,11,False,,aseasonal,event_characterisation
2021-05-01,0.29815631385674357,0.0152195026950845,20.0,0.148784,True,usable,,,unspecified,disabled,False,False,False,True,11,False,,aseasonal,event_characterisation
2021-06-01,0.28735914298696796,0.6905190163148531,20.0,0.148784,True,usable,,,unspecified,disabled,False,False,False,True,11,False,,aseasonal,event_characterisation
2021-07-01,0.3146632639424798,0.01628646219103321,20.0,0.148784,True,usable,,,unspecified,disabled,False,False,False,True,11,False,,aseasonal,event_characterisation
2021-08-01,0.2841111196698654,0.014906773187651256,20.0,0.148784,True,usable,,,unspecified,disabled,False,False,False,True,11,False,,aseasonal,event_characterisation
2021-09-01,0.24407430147714754,0.019327909949599653,20.0,0.148784,True,usable,,,unspecified,disabled,False,False,False,True,11,False,,aseasonal,event_characterisation
2021-10-01,0.2032864613927444,0.015090731721435517,20.0,0.148784,True,usable,,,unspecified,disabled,False,False,False,True,11,False,,aseasonal,event_characterisation
2021-11-01,0.2729494123275553,3.654360801428843,20.0,0.148784,True,usable,,,unspecified,disabled,False,False,False,True,11,False,,aseasonal,event_characterisation
2021-12-01,0.3429810409525189,0.015066203916930948,20.0,0.148784,True,usable,,,unspecified,disabled,False,False,False,True,11,False,,aseasonal,event_characterisation
2022-01-01,0.24540704298281513,0.015084599770309374,20.0,0.148784,True,usable,,,unspecified,disabled,False,False,False,True,11,False,,aseasonal,event_characterisation
2022-02-01,0.22575143767052483,0.015201106841706074,20.0,0.148784,True,usable,,,unspecified,disabled,False,False,False,True,11,False,,aseasonal,event_characterisation
2022-03-01,0.46641389561934393,0.6953264659977485,20.0,0.148784,True,usable,,,unspecified,disabled,False,False,False,True,11,False,,aseasonal,event_characterisation
2022-04-01,0.29589970270813115,0.015317613913102771,20.0,0.148784,True,usable,,,unspecified,disabled,False,False,False,True,11,False,,aseasonal,event_characterisation
2022-05-01,0.5968569982114892,13.38521536301488,20.0,0.148784,True,usable,,,unspecified,disabled,False,False,False,True,11,False,,aseasonal,event_characterisation
2022-06-01,0.6302793639532456,0.015667135127292866,20.0,0.148784,True,usable,,,unspecified,disabled,False,False,False,True,11,False,,aseasonal,event_characterisation
2022-07-01,0.5035550655221998,0.01567939902954515,20.0,0.148784,True,usable,,,unspecified,disabled,False,False,False,True,11,False,,aseasonal,event_characterisation
2022-08-01,0.44650060577849204,0.015685530980671294,20.0,0.148784,True,usable,,,unspecified,disabled,False,False,False,True,11,False,,aseasonal,event_characterisation
2022-09-01,0.608915435539574,0.016182219021888797,20.0,0.148784,True,usable,,,unspecified,disabled,False,False,False,True,11,False,,aseasonal,event_characterisation
2022-10-01,0.5266514533680137,0.01564873927391444,20.0,0.148784,True,usable,,,unspecified,disabled,False,False,False,True,11,False,,aseasonal,event_characterisation
2022-11-01,0.40014214986117774,0.21496167867803473,20.0,0.148784,True,usable,,,unspecified,disabled,False,False,False,True,11,False,,aseasonal,event_characterisation
2022-12-01,0.3010221986009334,0.01582656585657256,20.0,0.148784,True,usable,,,unspecified,disabled,False,False,False,True,11,False,,aseasonal,event_characterisation
2023-01-01,0.22381523252557078,0.12558849101451475,20.0,0.148784,True,usable,,,unspecified,disabled,False,False,False,True,11,False,,aseasonal,event_characterisation
2023-02-01,0.16916877380293202,1.8815462793987965,20.0,0.148784,True,usable,,,unspecified,disabled,False,False,False,False,,False,,aseasonal,event_characterisation
2023-03-01,0.15247045559111694,0.015752982443058856,20.0,0.148784,True,usable,,,unspecified,disabled,False,False,False,False,,False,,aseasonal,event_characterisation
2023-04-01,0.1311582705482466,0.0155261002513916,20.0,0.148784,True,usable,,,unspecified,disabled,False,False,False,False,,False,,aseasonal,event_characterisation
2023-05-01,0.13079048083747122,0.015667135127292866,20.0,0.148784,True,usable,,,unspecified,disabled,False,False,False,False,,False,,aseasonal,event_characterisation
2023-06-01,0.1355495872796568,0.0156426073227883,20.0,0.148784,True,usable,,,unspecified,disabled,False,False,False,False,,False,,aseasonal,event_characterisation
2023-07-01,0.13203544577371887,0.015654871225040584,20.0,0.148784,True,usable,,,unspecified,disabled,False,False,False,False,,False,,aseasonal,event_characterisation
2023-08-01,0.11686881365275023,0.015703926834049718,20.0,0.148784,True,usable,,,unspecified,disabled,False,False,False,False,,True,13,aseasonal,event_characterisation
2023-09-01,0.10127913822087868,0.015894017318960122,20.0,0.148784,True,usable,,,unspecified,disabled,False,False,False,False,,True,13,aseasonal,event_characterisation
2023-10-01,0.08411897425631891,0.01561194756715759,20.0,0.148784,True,usable,,,unspecified,disabled,False,False,False,False,,True,13,aseasonal,event_characterisation
2023-11-01,0.20328417800207388,49.48061454168908,20.0,0.148784,True,low,,,unspecified,disabled,False,False,False,False,,False,,aseasonal,event_characterisation
2023-12-01,0.19418677304918433,0.015863357563329412,20.0,0.148784,True,usable,,,unspecified,disabled,False,False,False,False,,False,,aseasonal,event_characterisation
2024-01-01,0.17348808002333946,0.015820433905446418,20.0,0.148784,True,usable,,,unspecified,disabled,False,False,False,False,,False,,aseasonal,event_characterisation
2024-02-01,0.3489504899124312,0.015685530980671294,20.0,0.148784,True,usable,,,unspecified,disabled,False,False,False,True,12,False,,aseasonal,event_characterisation
2024-03-01,0.28846100183269485,0.015489308544634749,20.0,0.148784,True,usable,,,unspecified,disabled,False,False,False,True,12,False,,aseasonal,event_characterisation
2024-04-01,0.3857778523538502,0.015483176593508606,20.0,0.148784,True,usable,,,unspecified,disabled,False,False,False,True,12,False,,aseasonal,event_characterisation
2024-05-01,0.28833464919037083,0.803205882159965,20.0,0.148784,True,usable,,,unspecified,disabled,False,False,False,True,12,False,,aseasonal,event_characterisation
2024-06-01,0.3036339666742878,0.015544496104770026,20.0,0.148784,True,usable,,,unspecified,disabled,False,False,False,True,12,False,,aseasonal,event_characterisation
2024-07-01,0.29172994545211794,0.0155261002513916,20.0,0.148784,True,usable,,,unspecified,disabled,False,False,False,True,12,False,,aseasonal,event_characterisation
2024-08-01,0.273368703509029,0.01577137829643728,20.0,0.148784,True,usable,,,unspecified,disabled,False,False,False,True,12,False,,aseasonal,event_characterisation
2024-09-01,0.24963989116056454,0.015550628055896168,20.0,0.148784,True,usable,,,unspecified,disabled,False,False,False,True,12,False,,aseasonal,event_characterisation
2024-10-01,0.1255974211497321,3.9812428520612215,20.0,0.148784,True,usable,,,unspecified,disabled,False,False,False,False,,False,,aseasonal,event_characterisation
2024-11-01,0.18682397705252846,0.05020841582085088,20.0,0.148784,True,usable,,,unspecified,disabled,False,False,False,False,,False,,aseasonal,event_characterisation
2024-12-01,0.2825309543361829,0.015654871225040584,20.0,0.148784,True,usable,,,unspecified,disabled,False,False,False,True,13,False,,aseasonal,event_characterisation
2025-01-01,0.25409248915088667,0.015593551713779163,20.0,0.148784,True,usable,,,unspecified,disabled,False,False,False,True,13,False,,aseasonal,event_characterisation
2025-02-01,0.20175318139590537,1.0909844804609363,20.0,0.148784,True,usable,,,unspecified,disabled,False,False,False,True,13,False,,aseasonal,event_characterisation
2025-03-01,0.16027151649555318,0.015746850491932713,20.0,0.148784,True,usable,,,unspecified,disabled,False,False,False,False,,False,,aseasonal,event_characterisation
2025-04-01,0.49402400407274044,0.015575155860400737,20.0,0.148784,True,usable,,,unspecified,disabled,False,False,False,True,14,False,,aseasonal,event_characterisation
2025-05-01,0.3002550493634928,0.01564873927391444,20.0,0.148784,True,usable,,,unspecified,disabled,False,False,False,True,14,False,,aseasonal,event_characterisation
2025-06-01,0.28387717451627925,0.08371339677409088,20.0,0.148784,True,usable,,,unspecified,disabled,False,False,False,True,14,False,,aseasonal,event_characterisation
2025-07-01,0.27207450755759116,0.015716190736302003,20.0,0.148784,True,usable,,,unspecified,disabled,False,False,False,True,14,False,,aseasonal,event_characterisation
2025-08-01,0.2647884096823447,0.0156426073227883,20.0,0.148784,True,usable,,,unspecified,disabled,False,False,False,True,14,False,,aseasonal,event_characterisation
2025-09-01,0.2370555920600329,0.01572845463855429,20.0,0.148784,True,usable,,,unspecified,disabled,False,False,False,True,14,False,,aseasonal,event_characterisation
2025-10-01,0.20359459108225395,0.015820433905446418,20.0,0.148784,True,usable,,,unspecified,disabled,False,False,False,True,14,False,,aseasonal,event_characterisation
2025-11-01,0.16048607016113922,0.015685530980671294,20.0,0.148784,True,usable,,,unspecified,disabled,False,False,False,False,,False,,aseasonal,event_characterisation
2025-12-01,0.13776797238052055,1.3452151741507845,20.0,0.148784,True,usable,,,unspecified,disabled,False,False,False,False,,False,,aseasonal,event_characterisation
