catchment,comparison,hy_year,change,peak_month_before,peak_month_after,peak_extent_pct_before,peak_extent_pct_after,peak_quality_before,peak_quality_after,raw_trough_month_before,raw_trough_month_after,raw_trough_extent_pct_before,raw_trough_extent_pct_after,trough_interval_start_before,trough_interval_start_after,trough_interval_end_before,trough_interval_end_after,trough_timing_status_before,trough_timing_status_after,recovery_start_month_before,recovery_start_month_after,status_before,status_after,status_reason_before,status_reason_after,boundary_status_before,boundary_status_after,cycle_months_before,cycle_months_after,n_usable_months_before,n_usable_months_after,trough_refinement_applied_before,trough_refinement_applied_after,trough_refinement_reason_before,trough_refinement_reason_after,annual_condition_before,annual_condition_after,confidence_before,confidence_after,trough_month_before,trough_month_after
daly_river_nt,old_refinement_vs_corrected_refinement,2006,value_changed,2006-04-01,2006-04-01,0.9383397513796208,0.9383397513796208,normal,normal,2006-12-01,2006-12-01,0.1140192712165744,0.1140192712165744,2006-12-01,2006-12-01,2006-12-01,2006-12-01,point,point,2007-01-01 00:00:00,,partial,partial,boundary_provisional,boundary_provisional,provisional,provisional,15.0,15.0,15.0,15.0,True,True,essential_low_quality_recovery,essential_low_quality_recovery,insufficient_baseline,insufficient_baseline,medium,medium,2006-12-01,2006-12-01
daly_river_nt,old_refinement_vs_corrected_refinement,2012,"boundary_shifted,interval_width_changed,value_changed",2012-03-01,2012-03-01,1.0994226113282024,1.0994226113282024,anomalous,anomalous,2012-11-01,2012-11-01,0.1250719249291729,0.1250719249291729,2012-09-01,2012-09-01,2013-01-01,2013-02-01,broad,broad,2013-02-01 00:00:00,,partial,partial,boundary_provisional,boundary_provisional,provisional,provisional,16.0,17.0,16.0,17.0,True,True,low_quality_peak,low_quality_peak,insufficient_baseline,insufficient_baseline,low,low,2013-01-01,2013-02-01
daly_river_nt,old_refinement_vs_corrected_refinement,2013,value_changed,2013-04-01,2013-04-01,0.4160011568588932,0.4160011568588932,normal,normal,2013-11-01,2013-11-01,0.0969453418302545,0.0969453418302545,2013-11-01,2013-11-01,2013-11-01,2013-11-01,point,point,2013-12-01 00:00:00,2013-12-01 00:00:00,partial,partial,boundary_provisional,boundary_provisional,provisional,provisional,10.0,9.0,10.0,9.0,True,True,essential_low_quality_recovery,essential_low_quality_recovery,insufficient_baseline,insufficient_baseline,medium,medium,2013-11-01,2013-11-01
daly_river_nt,old_refinement_vs_corrected_refinement,2014,value_changed,2014-02-01,2014-02-01,0.5550569139168234,0.5550569139168234,normal,normal,2014-10-01,2014-10-01,0.1273003986267467,0.1273003986267467,2014-10-01,2014-10-01,2014-12-01,2014-12-01,interval,interval,2015-01-01 00:00:00,,partial,partial,boundary_provisional,boundary_provisional,provisional,provisional,13.0,13.0,13.0,13.0,True,True,essential_low_quality_recovery,essential_low_quality_recovery,insufficient_baseline,insufficient_baseline,medium,medium,2014-12-01,2014-12-01
daly_river_nt,old_refinement_vs_corrected_refinement,2016,"boundary_shifted,interval_width_changed,value_changed",2016-01-01,2016-01-01,0.5638438177669607,0.5638438177669607,normal,normal,2016-11-01,2016-11-01,0.1275782362069293,0.1275782362069293,2016-11-01,2016-11-01,2016-11-01,2016-12-01,point,interval,2016-12-01 00:00:00,,partial,partial,boundary_provisional,boundary_provisional,provisional,provisional,13.0,14.0,13.0,14.0,True,True,essential_low_quality_recovery,essential_low_quality_recovery,insufficient_baseline,insufficient_baseline,medium,medium,2016-11-01,2016-12-01
daly_river_nt,old_refinement_vs_corrected_refinement,2017,value_changed,2017-02-01,2017-02-01,0.5090450615894012,0.5090450615894012,normal,normal,2017-12-01,2017-12-01,0.0250573492913856,0.0250573492913856,2017-12-01,2017-12-01,2017-12-01,2017-12-01,point,point,2018-01-01 00:00:00,,partial,partial,boundary_provisional,boundary_provisional,provisional,provisional,13.0,12.0,13.0,12.0,True,True,essential_low_quality_recovery,essential_low_quality_recovery,insufficient_baseline,insufficient_baseline,medium,medium,2017-12-01,2017-12-01
daly_river_nt,old_refinement_vs_corrected_refinement,2022,value_changed,2022-02-01,2022-02-01,0.2697533188600884,0.2697533188600884,normal,normal,2022-12-01,2022-12-01,0.1331352734973323,0.1331352734973323,2022-11-01,2022-11-01,2022-12-01,2022-12-01,interval,interval,2023-01-01 00:00:00,,partial,partial,boundary_provisional,boundary_provisional,provisional,provisional,13.0,13.0,13.0,13.0,True,True,interval_peak,interval_peak,insufficient_baseline,insufficient_baseline,medium,medium,2022-12-01,2022-12-01
daly_river_nt,old_refinement_vs_corrected_refinement,2024,"boundary_shifted,interval_width_changed,value_changed",2024-03-01,2024-03-01,1.2728859747306895,1.2728859747306895,normal,normal,2024-09-01,2024-09-01,0.1481431414539679,0.1481431414539679,2024-09-01,2024-09-01,2024-09-01,2024-12-01,point,broad,2024-10-01 00:00:00,,partial,partial,boundary_provisional,boundary_provisional,provisional,provisional,10.0,13.0,10.0,13.0,True,True,essential_low_quality_recovery,essential_low_quality_recovery,insufficient_baseline,insufficient_baseline,medium,medium,2024-09-01,2024-12-01
daly_river_nt,old_refinement_vs_corrected_refinement,2025,value_changed,2025-02-01,2025-02-01,0.4067364466514648,0.4067364466514648,normal,normal,2025-12-01,2025-12-01,0.0811461680341347,0.0811461680341347,2025-12-01,2025-12-01,2025-12-01,2025-12-01,point,point,,,partial,partial,boundary_provisional,boundary_provisional,provisional,provisional,15.0,12.0,15.0,12.0,False,False,open_span,open_span,insufficient_baseline,insufficient_baseline,low,low,2025-12-01,2025-12-01
daly_river_nt,current_default_vs_corrected_refinement,2005,value_changed,2005-01-01,2005-01-01,0.7144900900834145,0.7144900900834145,normal,normal,2006-01-01,2006-01-01,0.0167618670434368,0.0167618670434368,2005-08-01,2005-08-01,2005-09-01,2005-09-01,interval,interval,,,partial,partial,record_start_boundary,record_start_boundary,provisional,provisional,9.0,9.0,9.0,9.0,False,False,not_requested,unstable_quality_sensitivity,insufficient_baseline,insufficient_baseline,medium,low,2005-09-01,2005-09-01
daly_river_nt,current_default_vs_corrected_refinement,2006,"interval_width_changed,status_changed,value_changed",2006-04-01,2006-04-01,0.9383397513796208,0.9383397513796208,normal,normal,2006-12-01,2006-12-01,0.1140192712165744,0.1140192712165744,2006-10-01,2006-12-01,2006-12-01,2006-12-01,interval,point,,,complete,partial,ok,boundary_provisional,confirmed,provisional,15.0,15.0,15.0,15.0,False,True,not_requested,essential_low_quality_recovery,insufficient_baseline,insufficient_baseline,high,medium,2006-12-01,2006-12-01
daly_river_nt,current_default_vs_corrected_refinement,2007,"status_changed,value_changed",2007-03-01,2007-03-01,0.4377423801126308,0.4377423801126308,normal,normal,2008-02-01,2008-02-01,0.080670324900802,0.080670324900802,2007-10-01,2007-10-01,2007-10-01,2007-10-01,point,point,,,complete,partial,ok,trough_refinement_fallback,confirmed,provisional,10.0,10.0,10.0,10.0,False,False,not_requested,unstable_quality_sensitivity,insufficient_baseline,insufficient_baseline,high,low,2007-10-01,2007-10-01
daly_river_nt,current_default_vs_corrected_refinement,2008,value_changed,2008-03-01,2008-03-01,1.084287751430856,1.084287751430856,normal,normal,2008-10-01,2008-10-01,0.1119516611874294,0.1119516611874294,2008-10-01,2008-10-01,2008-10-01,2008-10-01,point,point,,2008-11-01 00:00:00,complete,complete,ok,ok,confirmed,confirmed,12.0,12.0,12.0,12.0,False,True,not_requested,accepted,insufficient_baseline,insufficient_baseline,high,high,2008-10-01,2008-10-01
daly_river_nt,current_default_vs_corrected_refinement,2009,"interval_width_changed,status_changed,value_changed",2009-02-01,2009-02-01,1.587771388693991,1.587771388693991,normal,normal,2009-11-01,2009-11-01,0.097539202913639,0.097539202913639,2009-10-01,2009-11-01,2009-11-01,2009-11-01,interval,point,,2009-12-01 00:00:00,complete,partial,ok,boundary_provisional,confirmed,provisional,13.0,13.0,13.0,13.0,False,True,not_requested,essential_low_quality_recovery,insufficient_baseline,insufficient_baseline,high,medium,2009-11-01,2009-11-01
daly_river_nt,current_default_vs_corrected_refinement,2010,"status_changed,value_changed",2010-01-01,2010-01-01,0.760123932392482,0.760123932392482,normal,normal,2010-11-01,2010-11-01,0.1232597671347571,0.1232597671347571,2010-07-01,2010-07-01,2010-11-01,2010-11-01,broad,broad,,,complete,partial,ok,trough_refinement_fallback,confirmed,provisional,12.0,12.0,12.0,12.0,False,False,not_requested,unstable_quality_sensitivity,insufficient_baseline,insufficient_baseline,high,low,2010-11-01,2010-11-01
daly_river_nt,current_default_vs_corrected_refinement,2011,value_changed,2011-03-01,2011-03-01,5.2072032029114,5.2072032029114,anomalous,anomalous,2012-01-01,2012-01-01,0.0582162412685678,0.0582162412685678,2011-09-01,2011-09-01,2011-09-01,2011-09-01,point,point,,,partial,partial,peak_quality_anomalous,peak_quality_anomalous,provisional,provisional,10.0,10.0,10.0,10.0,False,False,not_requested,unstable_quality_sensitivity,insufficient_baseline,insufficient_baseline,low,low,2011-09-01,2011-09-01
daly_river_nt,current_default_vs_corrected_refinement,2012,"boundary_shifted,interval_width_changed,status_changed,value_changed",2012-03-01,2012-03-01,1.0994226113282024,1.0994226113282024,anomalous,anomalous,2012-11-01,2012-11-01,0.1250719249291729,0.1250719249291729,2012-11-01,2012-09-01,2012-11-01,2013-02-01,point,broad,,,partial,partial,peak_quality_anomalous,boundary_provisional,provisional,provisional,14.0,17.0,14.0,17.0,False,True,not_requested,low_quality_peak,insufficient_baseline,insufficient_baseline,low,low,2012-11-01,2013-02-01
daly_river_nt,current_default_vs_corrected_refinement,2013,"status_changed,value_changed",2013-04-01,2013-04-01,0.4160011568588932,0.4160011568588932,normal,normal,2013-11-01,2013-11-01,0.0969453418302545,0.0969453418302545,2013-11-01,2013-11-01,2013-11-01,2013-11-01,point,point,,2013-12-01 00:00:00,complete,partial,ok,boundary_provisional,confirmed,provisional,12.0,9.0,12.0,9.0,False,True,not_requested,essential_low_quality_recovery,insufficient_baseline,insufficient_baseline,high,medium,2013-11-01,2013-11-01
daly_river_nt,current_default_vs_corrected_refinement,2014,"boundary_shifted,interval_width_changed,status_changed,value_changed",2014-02-01,2014-02-01,0.5550569139168234,0.5550569139168234,normal,normal,2014-10-01,2014-10-01,0.1273003986267467,0.1273003986267467,2014-09-01,2014-10-01,2014-10-01,2014-12-01,interval,interval,,,complete,partial,ok,boundary_provisional,confirmed,provisional,11.0,13.0,11.0,13.0,False,True,not_requested,essential_low_quality_recovery,insufficient_baseline,insufficient_baseline,high,medium,2014-10-01,2014-12-01
daly_river_nt,current_default_vs_corrected_refinement,2015,"interval_width_changed,value_changed",2015-01-01,2015-01-01,0.6476532561200272,0.6476532561200272,normal,normal,2015-10-01,2015-10-01,0.1285284633901911,0.1285284633901911,2015-08-01,2015-10-01,2015-10-01,2015-10-01,interval,point,,2015-11-01 00:00:00,complete,complete,ok,ok,confirmed,confirmed,12.0,10.0,12.0,10.0,False,True,not_requested,accepted,insufficient_baseline,insufficient_baseline,high,high,2015-10-01,2015-10-01
daly_river_nt,current_default_vs_corrected_refinement,2016,"boundary_shifted,interval_width_changed,status_changed,value_changed",2016-01-01,2016-01-01,0.5638438177669607,0.5638438177669607,normal,normal,2016-11-01,2016-11-01,0.1275782362069293,0.1275782362069293,2016-09-01,2016-11-01,2016-11-01,2016-12-01,interval,interval,,,complete,partial,ok,boundary_provisional,confirmed,provisional,13.0,14.0,13.0,14.0,False,True,not_requested,essential_low_quality_recovery,insufficient_baseline,insufficient_baseline,high,medium,2016-11-01,2016-12-01
daly_river_nt,current_default_vs_corrected_refinement,2017,value_changed,2017-02-01,2017-02-01,0.5090450615894012,0.5090450615894012,normal,normal,2017-12-01,2017-12-01,0.0250573492913856,0.0250573492913856,2017-12-01,2017-12-01,2017-12-01,2017-12-01,point,point,,,partial,partial,boundary_provisional,boundary_provisional,provisional,provisional,13.0,12.0,13.0,12.0,False,True,not_requested,essential_low_quality_recovery,insufficient_baseline,insufficient_baseline,medium,medium,2017-12-01,2017-12-01
daly_river_nt,current_default_vs_corrected_refinement,2018,"status_changed,value_changed",2018-02-01,2018-02-01,1.1352523474298115,1.1352523474298115,normal,normal,2018-11-01,2018-11-01,0.1288873716561654,0.1288873716561654,2018-10-01,2018-10-01,2018-11-01,2018-11-01,interval,interval,,,complete,partial,ok,trough_refinement_fallback,confirmed,provisional,11.0,11.0,11.0,11.0,False,False,not_requested,unstable_quality_sensitivity,insufficient_baseline,insufficient_baseline,high,low,2018-11-01,2018-11-01
daly_river_nt,current_default_vs_corrected_refinement,2019,"interval_width_changed,status_changed,value_changed",2019-04-01,2019-04-01,0.1939411260254624,0.1939411260254624,normal,normal,2019-11-01,2019-11-01,0.1173077345139189,0.1173077345139189,2019-08-01,2019-11-01,2019-11-01,2019-11-01,broad,point,,2019-12-01 00:00:00,complete,partial,ok,boundary_provisional,confirmed,provisional,12.0,12.0,12.0,12.0,False,True,not_requested,interval_peak,insufficient_baseline,insufficient_baseline,high,medium,2019-11-01,2019-11-01
daly_river_nt,current_default_vs_corrected_refinement,2020,"status_changed,value_changed",2020-01-01,2020-01-01,0.5116385044371546,0.5116385044371546,normal,normal,2021-01-01,2021-01-01,0.0892969163202318,0.0892969163202318,2020-06-01,2020-06-01,2020-11-01,2020-11-01,broad,broad,,,complete,partial,ok,trough_refinement_fallback,confirmed,provisional,12.0,12.0,12.0,12.0,False,False,not_requested,unstable_quality_sensitivity,insufficient_baseline,insufficient_baseline,high,low,2020-11-01,2020-11-01
daly_river_nt,current_default_vs_corrected_refinement,2021,"interval_width_changed,status_changed,value_changed",2021-02-01,2021-02-01,2.7687761996866587,2.7687761996866587,anomalous,anomalous,2021-11-01,2021-11-01,0.1256375275018442,0.1256375275018442,2021-09-01,2021-11-01,2021-11-01,2021-11-01,interval,point,,2021-12-01 00:00:00,partial,partial,peak_quality_anomalous,boundary_provisional,provisional,provisional,12.0,12.0,12.0,12.0,False,True,not_requested,low_quality_peak,insufficient_baseline,insufficient_baseline,medium,medium,2021-11-01,2021-11-01
daly_river_nt,current_default_vs_corrected_refinement,2022,"interval_width_changed,status_changed,value_changed",2022-02-01,2022-02-01,0.2697533188600884,0.2697533188600884,normal,normal,2022-12-01,2022-12-01,0.1331352734973323,0.1331352734973323,2022-08-01,2022-11-01,2022-12-01,2022-12-01,broad,interval,,,complete,partial,ok,boundary_provisional,confirmed,provisional,13.0,13.0,13.0,13.0,False,True,not_requested,interval_peak,insufficient_baseline,insufficient_baseline,high,medium,2022-12-01,2022-12-01
daly_river_nt,current_default_vs_corrected_refinement,2023,"status_changed,value_changed",2023-01-01,2023-01-01,0.4940486426666896,0.4940486426666896,normal,normal,2023-11-01,2023-11-01,0.1271653451339133,0.1271653451339133,2023-09-01,2023-09-01,2023-11-01,2023-11-01,interval,interval,,,complete,partial,ok,trough_refinement_fallback,confirmed,provisional,11.0,11.0,11.0,11.0,False,False,not_requested,unstable_quality_sensitivity,insufficient_baseline,insufficient_baseline,high,low,2023-11-01,2023-11-01
daly_river_nt,current_default_vs_corrected_refinement,2024,"boundary_shifted,interval_width_changed,status_changed,value_changed",2024-03-01,2024-03-01,1.2728859747306895,1.2728859747306895,normal,normal,2024-09-01,2024-09-01,0.1481431414539679,0.1481431414539679,2024-09-01,2024-09-01,2024-09-01,2024-12-01,point,broad,,,complete,partial,ok,boundary_provisional,confirmed,provisional,10.0,13.0,10.0,13.0,False,True,not_requested,essential_low_quality_recovery,insufficient_baseline,insufficient_baseline,high,medium,2024-09-01,2024-12-01
daly_river_nt,current_default_vs_corrected_refinement,2025,value_changed,2025-02-01,2025-02-01,0.4067364466514648,0.4067364466514648,normal,normal,2025-12-01,2025-12-01,0.0811461680341347,0.0811461680341347,2025-12-01,2025-12-01,2025-12-01,2025-12-01,point,point,,,partial,partial,boundary_provisional,boundary_provisional,provisional,provisional,15.0,12.0,15.0,12.0,False,False,not_requested,open_span,insufficient_baseline,insufficient_baseline,medium,low,2025-12-01,2025-12-01
fitzroy_river_wa,old_refinement_vs_corrected_refinement,2005,"boundary_shifted,interval_width_changed,value_changed",2005-03-01,2005-03-01,0.1193405802163906,0.1193405802163906,normal,normal,2005-10-01,2005-10-01,0.0248721010944467,0.0248721010944467,2005-10-01,2005-10-01,2005-10-01,2005-11-01,point,interval,2005-11-01 00:00:00,,partial,partial,boundary_provisional,boundary_provisional,provisional,provisional,10.0,11.0,10.0,11.0,True,True,low_quality_peak,low_quality_peak,dry_low_refuge,dry_low_refuge,medium,medium,2005-10-01,2005-11-01
fitzroy_river_wa,old_refinement_vs_corrected_refinement,2006,value_changed,2006-01-01,2006-01-01,0.7029518145170444,0.7029518145170444,anomalous,anomalous,2006-10-01,2006-10-01,0.0191190562321234,0.0191190562321234,2006-10-01,2006-10-01,2006-10-01,2006-10-01,point,point,2006-11-01 00:00:00,2006-11-01 00:00:00,partial,partial,boundary_provisional,boundary_provisional,provisional,provisional,12.0,11.0,12.0,11.0,True,True,low_quality_peak,low_quality_peak,typical_or_mixed,typical_or_mixed,medium,medium,2006-10-01,2006-10-01
fitzroy_river_wa,old_refinement_vs_corrected_refinement,2007,"boundary_shifted,interval_width_changed,value_changed",2007-03-01,2007-03-01,0.2858799995626491,0.2858799995626491,anomalous,anomalous,2007-10-01,2007-10-01,0.0262045417038359,0.0262045417038359,2007-10-01,2007-10-01,2007-10-01,2007-11-01,point,interval,2007-11-01 00:00:00,,partial,partial,boundary_provisional,boundary_provisional,provisional,provisional,12.0,13.0,12.0,13.0,True,True,low_quality_peak,low_quality_peak,dry_low_refuge,typical_or_mixed,medium,medium,2007-10-01,2007-11-01
fitzroy_river_wa,old_refinement_vs_corrected_refinement,2008,value_changed,2008-02-01,2008-02-01,0.2751062888417283,0.2751062888417283,anomalous,anomalous,2008-11-01,2008-11-01,0.0249481810131926,0.0249481810131926,2008-11-01,2008-11-01,2008-11-01,2008-11-01,point,point,2008-12-01 00:00:00,2008-12-01 00:00:00,partial,partial,boundary_provisional,boundary_provisional,provisional,provisional,13.0,12.0,13.0,12.0,True,True,low_quality_peak,low_quality_peak,dry_low_refuge,dry_low_refuge,medium,medium,2008-11-01,2008-11-01
fitzroy_river_wa,old_refinement_vs_corrected_refinement,2011,"boundary_shifted,interval_width_changed,value_changed",2011-03-01,2011-03-01,3.728342680952061,3.728342680952061,anomalous,anomalous,2011-09-01,2011-09-01,0.0521425736192478,0.0521425736192478,2011-09-01,2011-09-01,2011-09-01,2011-12-01,point,broad,2011-10-01 00:00:00,,partial,partial,boundary_provisional,boundary_provisional,provisional,provisional,13.0,16.0,13.0,16.0,True,True,low_quality_peak,low_quality_peak,wet_persistent,wet_persistent,medium,medium,2011-09-01,2011-12-01
fitzroy_river_wa,old_refinement_vs_corrected_refinement,2012,value_changed,2012-03-01,2012-03-01,0.3019034221144441,0.3019034221144441,normal,normal,2012-12-01,2012-12-01,0.0196893453376487,0.0196893453376487,2012-09-01,2012-09-01,2012-10-01,2012-10-01,interval,interval,,,partial,partial,trough_refinement_fallback,trough_refinement_fallback,provisional,provisional,13.0,10.0,13.0,10.0,False,False,unstable_quality_sensitivity,unstable_quality_sensitivity,typical_or_mixed,typical_or_mixed,low,low,2012-10-01,2012-10-01
fitzroy_river_wa,old_refinement_vs_corrected_refinement,2013,value_changed,2013-03-01,2013-03-01,0.1945817754905184,0.1945817754905184,normal,normal,2013-11-01,2013-11-01,0.0299345378696371,0.0299345378696371,2013-11-01,2013-11-01,2013-11-01,2013-11-01,point,point,2013-12-01 00:00:00,,partial,partial,boundary_provisional,boundary_provisional,provisional,provisional,13.0,13.0,13.0,13.0,True,True,essential_low_quality_recovery,essential_low_quality_recovery,typical_or_mixed,typical_or_mixed,medium,medium,2013-11-01,2013-11-01
fitzroy_river_wa,current_default_vs_corrected_refinement,2005,"boundary_shifted,interval_width_changed,status_changed,value_changed",2005-03-01,2005-03-01,0.1193405802163906,0.1193405802163906,normal,normal,2005-10-01,2005-10-01,0.0248721010944467,0.0248721010944467,2005-07-01,2005-10-01,2005-10-01,2005-11-01,broad,interval,,,partial,partial,record_start_boundary,boundary_provisional,provisional,provisional,10.0,11.0,10.0,11.0,False,True,not_requested,low_quality_peak,insufficient_baseline,dry_low_refuge,medium,medium,2005-10-01,2005-11-01
fitzroy_river_wa,current_default_vs_corrected_refinement,2006,"interval_width_changed,status_changed,value_changed",2006-01-01,2006-01-01,0.7029518145170444,0.7029518145170444,anomalous,anomalous,2006-10-01,2006-10-01,0.0191190562321234,0.0191190562321234,2006-09-01,2006-10-01,2006-10-01,2006-10-01,interval,point,,2006-11-01 00:00:00,partial,partial,peak_quality_anomalous,boundary_provisional,provisional,provisional,12.0,11.0,12.0,11.0,False,True,not_requested,low_quality_peak,insufficient_baseline,typical_or_mixed,medium,medium,2006-10-01,2006-10-01
fitzroy_river_wa,current_default_vs_corrected_refinement,2007,"boundary_shifted,interval_width_changed,status_changed,value_changed",2007-03-01,2007-03-01,0.2858799995626491,0.2858799995626491,anomalous,anomalous,2007-10-01,2007-10-01,0.0262045417038359,0.0262045417038359,2007-10-01,2007-10-01,2007-10-01,2007-11-01,point,interval,,,partial,partial,peak_quality_anomalous,boundary_provisional,provisional,provisional,12.0,13.0,12.0,13.0,False,True,not_requested,low_quality_peak,insufficient_baseline,typical_or_mixed,medium,medium,2007-10-01,2007-11-01
fitzroy_river_wa,current_default_vs_corrected_refinement,2008,"interval_width_changed,status_changed,value_changed",2008-02-01,2008-02-01,0.2751062888417283,0.2751062888417283,anomalous,anomalous,2008-11-01,2008-11-01,0.0249481810131926,0.0249481810131926,2008-08-01,2008-11-01,2008-11-01,2008-11-01,broad,point,,2008-12-01 00:00:00,partial,partial,peak_quality_anomalous,boundary_provisional,provisional,provisional,13.0,12.0,13.0,12.0,False,True,not_requested,low_quality_peak,insufficient_baseline,dry_low_refuge,medium,medium,2008-11-01,2008-11-01
fitzroy_river_wa,current_default_vs_corrected_refinement,2009,"interval_width_changed,value_changed",2009-02-01,2009-02-01,1.1675291954089002,1.1675291954089002,normal,normal,2009-11-01,2009-11-01,0.0283683881705544,0.0283683881705544,2009-09-01,2009-11-01,2009-11-01,2009-11-01,interval,point,,2009-12-01 00:00:00,complete,complete,ok,ok,confirmed,confirmed,12.0,12.0,12.0,12.0,False,True,not_requested,accepted,insufficient_baseline,typical_or_mixed,high,high,2009-11-01,2009-11-01
fitzroy_river_wa,current_default_vs_corrected_refinement,2010,"status_changed,value_changed",2010-01-01,2010-01-01,0.1615174357272246,0.1615174357272246,normal,normal,2010-09-01,2010-09-01,0.0370357938660427,0.0370357938660427,2010-06-01,2010-06-01,2010-08-01,2010-08-01,interval,interval,,,complete,partial,ok,trough_refinement_fallback,confirmed,provisional,9.0,9.0,9.0,9.0,False,False,not_requested,unstable_quality_sensitivity,insufficient_baseline,typical_or_mixed,high,low,2010-08-01,2010-08-01
fitzroy_river_wa,current_default_vs_corrected_refinement,2011,"boundary_shifted,interval_width_changed,status_changed,value_changed",2011-03-01,2011-03-01,3.728342680952061,3.728342680952061,anomalous,anomalous,2011-09-01,2011-09-01,0.0521425736192478,0.0521425736192478,2011-09-01,2011-09-01,2011-09-01,2011-12-01,point,broad,,,partial,partial,peak_quality_anomalous,boundary_provisional,provisional,provisional,13.0,16.0,13.0,16.0,False,True,not_requested,low_quality_peak,insufficient_baseline,wet_persistent,medium,medium,2011-09-01,2011-12-01
fitzroy_river_wa,current_default_vs_corrected_refinement,2012,"status_changed,value_changed",2012-03-01,2012-03-01,0.3019034221144441,0.3019034221144441,normal,normal,2012-12-01,2012-12-01,0.0196893453376487,0.0196893453376487,2012-09-01,2012-09-01,2012-10-01,2012-10-01,interval,interval,,,complete,partial,ok,trough_refinement_fallback,confirmed,provisional,13.0,10.0,13.0,10.0,False,False,not_requested,unstable_quality_sensitivity,insufficient_baseline,typical_or_mixed,high,low,2012-10-01,2012-10-01
fitzroy_river_wa,current_default_vs_corrected_refinement,2013,"interval_width_changed,status_changed,value_changed",2013-03-01,2013-03-01,0.1945817754905184,0.1945817754905184,normal,normal,2013-11-01,2013-11-01,0.0299345378696371,0.0299345378696371,2013-08-01,2013-11-01,2013-11-01,2013-11-01,broad,point,,,complete,partial,ok,boundary_provisional,confirmed,provisional,13.0,13.0,13.0,13.0,False,True,not_requested,essential_low_quality_recovery,insufficient_baseline,typical_or_mixed,high,medium,2013-11-01,2013-11-01
fitzroy_river_wa,current_default_vs_corrected_refinement,2014,"interval_width_changed,status_changed,value_changed",2014-02-01,2014-02-01,0.8168978959305887,0.8168978959305887,normal,normal,2014-11-01,2014-11-01,0.0289103332065776,0.0289103332065776,2014-09-01,2014-11-01,2014-11-01,2014-11-01,interval,point,,2014-12-01 00:00:00,complete,partial,ok,boundary_provisional,confirmed,provisional,12.0,12.0,12.0,12.0,False,True,not_requested,essential_low_quality_recovery,insufficient_baseline,typical_or_mixed,high,medium,2014-11-01,2014-11-01
fitzroy_river_wa,current_default_vs_corrected_refinement,2015,"interval_width_changed,status_changed,value_changed",2015-01-01,2015-01-01,0.3184574854410838,0.3184574854410838,normal,normal,2015-10-01,2015-10-01,0.0340367820566187,0.0340367820566187,2015-07-01,2015-10-01,2015-10-01,2015-10-01,broad,point,,2015-11-01 00:00:00,complete,partial,ok,boundary_provisional,confirmed,provisional,11.0,11.0,11.0,11.0,False,True,not_requested,interval_peak,insufficient_baseline,typical_or_mixed,high,medium,2015-10-01,2015-10-01
fitzroy_river_wa,current_default_vs_corrected_refinement,2016,"interval_width_changed,status_changed,value_changed",2016-02-01,2016-02-01,0.1322957466440289,0.1322957466440289,normal,normal,2016-11-01,2016-11-01,0.0307936247086536,0.0307936247086536,2016-09-01,2016-11-01,2016-11-01,2016-11-01,interval,point,,2016-12-01 00:00:00,complete,partial,ok,boundary_provisional,confirmed,provisional,13.0,13.0,13.0,13.0,False,True,not_requested,interval_peak,insufficient_baseline,typical_or_mixed,high,medium,2016-11-01,2016-11-01
fitzroy_river_wa,current_default_vs_corrected_refinement,2017,"interval_width_changed,value_changed",2017-02-01,2017-02-01,2.371210516188255,2.371210516188255,normal,normal,2017-11-01,2017-11-01,0.0439457837234226,0.0439457837234226,2017-10-01,2017-11-01,2017-11-01,2017-11-01,interval,point,,2017-12-01 00:00:00,complete,complete,ok,ok,confirmed,confirmed,12.0,12.0,12.0,12.0,False,True,not_requested,accepted,insufficient_baseline,typical_or_mixed,high,high,2017-11-01,2017-11-01
fitzroy_river_wa,current_default_vs_corrected_refinement,2018,"interval_width_changed,value_changed",2018-02-01,2018-02-01,0.7345733078681227,0.7345733078681227,normal,normal,2018-11-01,2018-11-01,0.0351058675166413,0.0351058675166413,2018-10-01,2018-11-01,2018-11-01,2018-11-01,interval,point,,2018-12-01 00:00:00,complete,complete,ok,ok,confirmed,confirmed,12.0,12.0,12.0,12.0,False,True,not_requested,accepted,insufficient_baseline,typical_or_mixed,high,high,2018-11-01,2018-11-01
fitzroy_river_wa,current_default_vs_corrected_refinement,2019,"interval_width_changed,value_changed",2019-02-01,2019-02-01,0.0884686636484982,0.0884686636484982,normal,normal,2019-12-01,2019-12-01,0.0294637714174776,0.0294637714174776,2019-07-01,2019-12-01,2019-12-01,2019-12-01,broad,point,,2020-01-01 00:00:00,complete,complete,ok,ok,confirmed,confirmed,13.0,13.0,13.0,13.0,False,True,not_requested,accepted,insufficient_baseline,dry_low_refuge,high,high,2019-12-01,2019-12-01
fitzroy_river_wa,current_default_vs_corrected_refinement,2020,"interval_width_changed,value_changed",2020-03-01,2020-03-01,0.3811137886300899,0.3811137886300899,normal,normal,2020-10-01,2020-10-01,0.0346018630930831,0.0346018630930831,2020-09-01,2020-10-01,2020-10-01,2020-10-01,interval,point,,2020-11-01 00:00:00,complete,complete,ok,ok,confirmed,confirmed,10.0,10.0,10.0,10.0,False,True,not_requested,accepted,insufficient_baseline,typical_or_mixed,high,high,2020-10-01,2020-10-01
fitzroy_river_wa,current_default_vs_corrected_refinement,2021,"interval_width_changed,value_changed",2021-03-01,2021-03-01,1.019775668890236,1.019775668890236,normal,normal,2021-10-01,2021-10-01,0.0456911234749337,0.0456911234749337,2021-09-01,2021-10-01,2021-10-01,2021-10-01,interval,point,,2021-11-01 00:00:00,complete,complete,ok,ok,confirmed,confirmed,12.0,12.0,12.0,12.0,False,True,not_requested,accepted,insufficient_baseline,typical_or_mixed,high,high,2021-10-01,2021-10-01
fitzroy_river_wa,current_default_vs_corrected_refinement,2022,"interval_width_changed,value_changed",2022-02-01,2022-02-01,0.5547306317223554,0.5547306317223554,normal,normal,2022-11-01,2022-11-01,0.0457193299003236,0.0457193299003236,2022-08-01,2022-11-01,2022-11-01,2022-11-01,broad,point,,2022-12-01 00:00:00,complete,complete,ok,ok,confirmed,confirmed,13.0,13.0,13.0,13.0,False,True,not_requested,accepted,insufficient_baseline,typical_or_mixed,high,high,2022-11-01,2022-11-01
fitzroy_river_wa,current_default_vs_corrected_refinement,2023,"interval_width_changed,value_changed",2023-01-01,2023-01-01,1.3609078307255107,1.3609078307255107,normal,normal,2024-01-01,2024-01-01,0.0414004264972244,0.0414004264972244,2023-10-01,2024-01-01,2024-01-01,2024-01-01,broad,point,,2024-02-01 00:00:00,complete,complete,ok,ok,confirmed,confirmed,14.0,14.0,14.0,14.0,False,True,not_requested,accepted,insufficient_baseline,typical_or_mixed,high,high,2024-01-01,2024-01-01
fitzroy_river_wa,current_default_vs_corrected_refinement,2024,"interval_width_changed,status_changed,value_changed",2024-03-01,2024-03-01,0.443090654337045,0.443090654337045,normal,normal,2024-11-01,2024-11-01,0.0372603065780108,0.0372603065780108,2024-09-01,2024-11-01,2024-11-01,2024-11-01,interval,point,,2024-12-01 00:00:00,complete,partial,ok,boundary_provisional,confirmed,provisional,10.0,10.0,10.0,10.0,False,True,not_requested,interval_peak,insufficient_baseline,typical_or_mixed,high,medium,2024-11-01,2024-11-01
fitzroy_river_wa,current_default_vs_corrected_refinement,2025,value_changed,2025-02-01,2025-02-01,0.2666638136303789,0.2666638136303789,normal,normal,2025-11-01,2025-11-01,0.0318985224016685,0.0318985224016685,2025-10-01,2025-10-01,2025-11-01,2025-11-01,interval,interval,,,partial,partial,boundary_provisional,boundary_provisional,provisional,provisional,12.0,12.0,12.0,12.0,False,False,not_requested,open_span,insufficient_baseline,typical_or_mixed,medium,low,2025-11-01,2025-11-01
gilbert_river_qld,old_refinement_vs_corrected_refinement,2005,"boundary_shifted,interval_width_changed,value_changed",2005-01-01,2005-01-01,1.6335917284756745,1.6335917284756745,normal,normal,2005-11-01,2005-11-01,0.0958257867027447,0.0958257867027447,2005-11-01,2005-11-01,2005-11-01,2005-12-01,point,interval,2005-12-01 00:00:00,,partial,partial,boundary_provisional,boundary_provisional,provisional,provisional,11.0,12.0,11.0,12.0,True,True,essential_low_quality_recovery,essential_low_quality_recovery,typical_or_mixed,typical_or_mixed,medium,medium,2005-11-01,2005-12-01
gilbert_river_qld,old_refinement_vs_corrected_refinement,2006,"status_changed,value_changed",2006-02-01,2006-02-01,0.7821019886651127,0.7821019886651127,normal,normal,2006-10-01,2006-10-01,0.1176795933983706,0.1176795933983706,2006-10-01,2006-10-01,2006-10-01,2006-10-01,point,point,2006-11-01 00:00:00,,partial,partial,boundary_provisional,trough_refinement_fallback,provisional,provisional,11.0,10.0,11.0,10.0,True,False,low_quality_peak,unstable_quality_sensitivity,typical_or_mixed,typical_or_mixed,medium,low,2006-10-01,2006-10-01
gilbert_river_qld,old_refinement_vs_corrected_refinement,2007,"interval_width_changed,status_changed,value_changed",2007-02-01,2007-02-01,3.5798427755609183,3.5798427755609183,anomalous,anomalous,2007-10-01,2007-10-01,0.1077460555747832,0.1077460555747832,2007-10-01,2007-09-01,2007-10-01,2007-10-01,point,interval,2007-11-01 00:00:00,,partial,partial,boundary_provisional,peak_quality_anomalous,provisional,provisional,12.0,12.0,12.0,12.0,True,False,low_quality_peak,unstable_quality_sensitivity,typical_or_mixed,typical_or_mixed,medium,low,2007-10-01,2007-10-01
gilbert_river_qld,old_refinement_vs_corrected_refinement,2010,"boundary_shifted,interval_width_changed,value_changed",2010-02-01,2010-02-01,2.845988886063619,2.845988886063619,normal,normal,2010-10-01,2010-10-01,0.1301440951444644,0.1301440951444644,2010-10-01,2010-09-01,2010-10-01,2010-12-01,point,broad,2010-11-01 00:00:00,,partial,partial,boundary_provisional,boundary_provisional,provisional,provisional,11.0,13.0,11.0,13.0,True,True,essential_low_quality_recovery,essential_low_quality_recovery,wet_persistent,wet_persistent,medium,medium,2010-10-01,2010-12-01
gilbert_river_qld,old_refinement_vs_corrected_refinement,2011,value_changed,2011-02-01,2011-02-01,6.458520365982146,6.458520365982146,normal,normal,2011-11-01,2011-11-01,0.1304523727188617,0.1304523727188617,2011-09-01,2011-09-01,2011-11-01,2011-11-01,interval,interval,,,partial,partial,trough_refinement_fallback,trough_refinement_fallback,provisional,provisional,13.0,11.0,13.0,11.0,False,False,unstable_quality_sensitivity,unstable_quality_sensitivity,wet_persistent,wet_persistent,low,low,2011-11-01,2011-11-01
gilbert_river_qld,old_refinement_vs_corrected_refinement,2013,"interval_width_changed,status_changed,value_changed",2013-01-01,2013-01-01,0.4439155076546166,0.4439155076546166,normal,normal,2013-11-01,2013-11-01,0.092181079288883,0.092181079288883,2013-11-01,2013-10-01,2013-11-01,2013-11-01,point,interval,2013-12-01 00:00:00,,partial,partial,boundary_provisional,trough_refinement_fallback,provisional,provisional,12.0,12.0,12.0,12.0,True,False,essential_low_quality_recovery,unstable_quality_sensitivity,dry_low_refuge,dry_low_refuge,medium,low,2013-11-01,2013-11-01
gilbert_river_qld,old_refinement_vs_corrected_refinement,2023,"interval_width_changed,status_changed,value_changed",2023-01-01,2023-01-01,6.226224073132963,6.226224073132963,normal,normal,2023-11-01,2023-11-01,0.1162123718509308,0.1162123718509308,2023-11-01,2023-10-01,2023-11-01,2023-11-01,point,interval,2023-12-01 00:00:00,,partial,partial,boundary_provisional,trough_refinement_fallback,provisional,provisional,12.0,12.0,12.0,12.0,True,False,low_quality_peak,unstable_quality_sensitivity,typical_or_mixed,typical_or_mixed,medium,low,2023-11-01,2023-11-01
gilbert_river_qld,current_default_vs_corrected_refinement,2005,"boundary_shifted,interval_width_changed,status_changed,value_changed",2005-01-01,2005-01-01,1.6335917284756745,1.6335917284756745,normal,normal,2005-11-01,2005-11-01,0.0958257867027447,0.0958257867027447,2005-09-01,2005-11-01,2005-11-01,2005-12-01,interval,interval,,,partial,partial,record_start_boundary,boundary_provisional,provisional,provisional,11.0,12.0,11.0,12.0,False,True,not_requested,essential_low_quality_recovery,insufficient_baseline,typical_or_mixed,medium,medium,2005-11-01,2005-12-01
gilbert_river_qld,current_default_vs_corrected_refinement,2006,"status_changed,value_changed",2006-02-01,2006-02-01,0.7821019886651127,0.7821019886651127,normal,normal,2006-10-01,2006-10-01,0.1176795933983706,0.1176795933983706,2006-10-01,2006-10-01,2006-10-01,2006-10-01,point,point,,,complete,partial,ok,trough_refinement_fallback,confirmed,provisional,11.0,10.0,11.0,10.0,False,False,not_requested,unstable_quality_sensitivity,insufficient_baseline,typical_or_mixed,high,low,2006-10-01,2006-10-01
gilbert_river_qld,current_default_vs_corrected_refinement,2007,value_changed,2007-02-01,2007-02-01,3.5798427755609183,3.5798427755609183,anomalous,anomalous,2007-10-01,2007-10-01,0.1077460555747832,0.1077460555747832,2007-09-01,2007-09-01,2007-10-01,2007-10-01,interval,interval,,,partial,partial,peak_quality_anomalous,peak_quality_anomalous,provisional,provisional,12.0,12.0,12.0,12.0,False,False,not_requested,unstable_quality_sensitivity,insufficient_baseline,typical_or_mixed,medium,low,2007-10-01,2007-10-01
gilbert_river_qld,current_default_vs_corrected_refinement,2008,"interval_width_changed,status_changed,value_changed",2008-01-01,2008-01-01,1.4550254762954522,1.4550254762954522,normal,normal,2008-11-01,2008-11-01,0.1112443729845077,0.1112443729845077,2008-09-01,2008-11-01,2008-11-01,2008-11-01,interval,point,,2008-12-01 00:00:00,complete,partial,ok,boundary_provisional,confirmed,provisional,13.0,13.0,13.0,13.0,False,True,not_requested,low_quality_peak,insufficient_baseline,typical_or_mixed,high,medium,2008-11-01,2008-11-01
gilbert_river_qld,current_default_vs_corrected_refinement,2009,"interval_width_changed,status_changed,value_changed",2009-01-01,2009-01-01,7.618662933013934,7.618662933013934,anomalous,anomalous,2009-11-01,2009-11-01,0.1130407411738577,0.1130407411738577,2009-09-01,2009-11-01,2009-11-01,2009-11-01,interval,point,,2009-12-01 00:00:00,partial,partial,peak_quality_anomalous,boundary_provisional,provisional,provisional,12.0,12.0,12.0,12.0,False,True,not_requested,low_quality_peak,insufficient_baseline,typical_or_mixed,medium,medium,2009-11-01,2009-11-01
gilbert_river_qld,current_default_vs_corrected_refinement,2010,"boundary_shifted,interval_width_changed,status_changed,value_changed",2010-02-01,2010-02-01,2.845988886063619,2.845988886063619,normal,normal,2010-10-01,2010-10-01,0.1301440951444644,0.1301440951444644,2010-09-01,2010-09-01,2010-10-01,2010-12-01,interval,broad,,,complete,partial,ok,boundary_provisional,confirmed,provisional,11.0,13.0,11.0,13.0,False,True,not_requested,essential_low_quality_recovery,insufficient_baseline,wet_persistent,high,medium,2010-10-01,2010-12-01
gilbert_river_qld,current_default_vs_corrected_refinement,2011,"status_changed,value_changed",2011-02-01,2011-02-01,6.458520365982146,6.458520365982146,normal,normal,2011-11-01,2011-11-01,0.1304523727188617,0.1304523727188617,2011-09-01,2011-09-01,2011-11-01,2011-11-01,interval,interval,,,complete,partial,ok,trough_refinement_fallback,confirmed,provisional,13.0,11.0,13.0,11.0,False,False,not_requested,unstable_quality_sensitivity,insufficient_baseline,wet_persistent,high,low,2011-11-01,2011-11-01
gilbert_river_qld,current_default_vs_corrected_refinement,2012,"interval_width_changed,status_changed,value_changed",2012-03-01,2012-03-01,3.8716012503678288,3.8716012503678288,anomalous,anomalous,2012-11-01,2012-11-01,0.1149889826272727,0.1149889826272727,2012-09-01,2012-11-01,2012-11-01,2012-11-01,interval,point,,2012-12-01 00:00:00,partial,partial,peak_quality_anomalous,boundary_provisional,provisional,provisional,12.0,12.0,12.0,12.0,False,True,not_requested,low_quality_peak,insufficient_baseline,typical_or_mixed,low,low,2012-11-01,2012-11-01
gilbert_river_qld,current_default_vs_corrected_refinement,2013,"status_changed,value_changed",2013-01-01,2013-01-01,0.4439155076546166,0.4439155076546166,normal,normal,2013-11-01,2013-11-01,0.092181079288883,0.092181079288883,2013-10-01,2013-10-01,2013-11-01,2013-11-01,interval,interval,,,complete,partial,ok,trough_refinement_fallback,confirmed,provisional,12.0,12.0,12.0,12.0,False,False,not_requested,unstable_quality_sensitivity,insufficient_baseline,dry_low_refuge,high,low,2013-11-01,2013-11-01
gilbert_river_qld,current_default_vs_corrected_refinement,2014,"interval_width_changed,value_changed",2014-02-01,2014-02-01,1.5395124894101406,1.5395124894101406,normal,normal,2014-11-01,2014-11-01,0.1046043074591044,0.1046043074591044,2014-10-01,2014-11-01,2014-11-01,2014-11-01,interval,point,,2014-12-01 00:00:00,complete,complete,ok,ok,confirmed,confirmed,12.0,12.0,12.0,12.0,False,True,not_requested,accepted,insufficient_baseline,typical_or_mixed,high,high,2014-11-01,2014-11-01
gilbert_river_qld,current_default_vs_corrected_refinement,2015,"interval_width_changed,value_changed",2015-01-01,2015-01-01,0.5968413368268981,0.5968413368268981,normal,normal,2015-11-01,2015-11-01,0.0943850067781265,0.0943850067781265,2015-09-01,2015-11-01,2015-11-01,2015-11-01,interval,point,,2015-12-01 00:00:00,complete,complete,ok,ok,confirmed,confirmed,12.0,12.0,12.0,12.0,False,True,not_requested,accepted,insufficient_baseline,dry_low_refuge,high,high,2015-11-01,2015-11-01
gilbert_river_qld,current_default_vs_corrected_refinement,2016,"interval_width_changed,status_changed,value_changed",2016-03-01,2016-03-01,1.123024130192286,1.123024130192286,normal,normal,2016-11-01,2016-11-01,0.111482447842712,0.111482447842712,2016-10-01,2016-11-01,2016-11-01,2016-11-01,interval,point,,2016-12-01 00:00:00,complete,partial,ok,boundary_provisional,confirmed,provisional,12.0,12.0,12.0,12.0,False,True,not_requested,essential_low_quality_recovery,insufficient_baseline,typical_or_mixed,high,medium,2016-11-01,2016-11-01
gilbert_river_qld,current_default_vs_corrected_refinement,2017,"interval_width_changed,value_changed",2017-01-01,2017-01-01,1.5746927203573626,1.5746927203573626,normal,normal,2017-11-01,2017-11-01,0.116682675631403,0.116682675631403,2017-09-01,2017-11-01,2017-11-01,2017-11-01,interval,point,,2017-12-01 00:00:00,complete,complete,ok,ok,confirmed,confirmed,12.0,12.0,12.0,12.0,False,True,not_requested,accepted,insufficient_baseline,typical_or_mixed,high,high,2017-11-01,2017-11-01
gilbert_river_qld,current_default_vs_corrected_refinement,2018,"interval_width_changed,value_changed",2018-03-01,2018-03-01,1.1946204830792115,1.1946204830792115,normal,normal,2018-11-01,2018-11-01,0.1200437076872747,0.1200437076872747,2018-09-01,2018-11-01,2018-11-01,2018-11-01,interval,point,,2018-12-01 00:00:00,complete,complete,ok,ok,confirmed,confirmed,12.0,12.0,12.0,12.0,False,True,not_requested,accepted,insufficient_baseline,typical_or_mixed,high,high,2018-11-01,2018-11-01
gilbert_river_qld,current_default_vs_corrected_refinement,2019,"interval_width_changed,value_changed",2019-02-01,2019-02-01,0.7705631597434894,0.7705631597434894,normal,normal,2019-11-01,2019-11-01,0.1051393802464102,0.1051393802464102,2019-10-01,2019-11-01,2019-11-01,2019-11-01,interval,point,,2019-12-01 00:00:00,complete,complete,ok,ok,confirmed,confirmed,12.0,12.0,12.0,12.0,False,True,not_requested,accepted,insufficient_baseline,typical_or_mixed,high,high,2019-11-01,2019-11-01
gilbert_river_qld,current_default_vs_corrected_refinement,2020,"interval_width_changed,value_changed",2020-02-01,2020-02-01,2.0705307961693387,2.0705307961693387,normal,normal,2020-10-01,2020-10-01,0.1205905665351807,0.1205905665351807,2020-09-01,2020-10-01,2020-10-01,2020-10-01,interval,point,,2020-11-01 00:00:00,complete,complete,ok,ok,confirmed,confirmed,11.0,11.0,11.0,11.0,False,True,not_requested,accepted,insufficient_baseline,wet_persistent,high,high,2020-10-01,2020-10-01
gilbert_river_qld,current_default_vs_corrected_refinement,2021,"interval_width_changed,value_changed",2021-01-01,2021-01-01,8.290911300778141,8.290911300778141,normal,normal,2021-10-01,2021-10-01,0.1309868253910033,0.1309868253910033,2021-09-01,2021-10-01,2021-10-01,2021-10-01,interval,point,,2021-11-01 00:00:00,complete,complete,ok,ok,confirmed,confirmed,12.0,12.0,12.0,12.0,False,True,not_requested,accepted,insufficient_baseline,wet_persistent,high,high,2021-10-01,2021-10-01
gilbert_river_qld,current_default_vs_corrected_refinement,2022,"interval_width_changed,status_changed,value_changed",2022-01-01,2022-01-01,0.8392272249325035,0.8392272249325035,normal,normal,2022-11-01,2022-11-01,0.1227734140035406,0.1227734140035406,2022-10-01,2022-11-01,2022-11-01,2022-11-01,interval,point,,2022-12-01 00:00:00,complete,partial,ok,boundary_provisional,confirmed,provisional,13.0,13.0,13.0,13.0,False,True,not_requested,essential_low_quality_recovery,insufficient_baseline,typical_or_mixed,high,medium,2022-11-01,2022-11-01
gilbert_river_qld,current_default_vs_corrected_refinement,2023,"status_changed,value_changed",2023-01-01,2023-01-01,6.226224073132963,6.226224073132963,normal,normal,2023-11-01,2023-11-01,0.1162123718509308,0.1162123718509308,2023-10-01,2023-10-01,2023-11-01,2023-11-01,interval,interval,,,complete,partial,ok,trough_refinement_fallback,confirmed,provisional,12.0,12.0,12.0,12.0,False,False,not_requested,unstable_quality_sensitivity,insufficient_baseline,typical_or_mixed,high,low,2023-11-01,2023-11-01
gilbert_river_qld,current_default_vs_corrected_refinement,2024,"interval_width_changed,status_changed,value_changed",2024-02-01,2024-02-01,3.8187500288446143,3.8187500288446143,anomalous,anomalous,2024-11-01,2024-11-01,0.131635004159201,0.131635004159201,2024-09-01,2024-11-01,2024-11-01,2024-11-01,interval,point,,2024-12-01 00:00:00,partial,partial,peak_quality_anomalous,boundary_provisional,provisional,provisional,12.0,12.0,12.0,12.0,False,True,not_requested,low_quality_peak,insufficient_baseline,wet_persistent,medium,medium,2024-11-01,2024-11-01
gilbert_river_qld,current_default_vs_corrected_refinement,2025,value_changed,2025-02-01,2025-02-01,1.8124986416840756,1.8124986416840756,normal,normal,2025-11-01,2025-11-01,0.1548320600320792,0.1548320600320792,2025-09-01,2025-09-01,2025-11-01,2025-11-01,interval,interval,,,partial,partial,boundary_provisional,boundary_provisional,provisional,provisional,12.0,12.0,12.0,12.0,False,False,not_requested,open_span,insufficient_baseline,typical_or_mixed,medium,low,2025-11-01,2025-11-01
