Unnamed: 0,Date,Year,Month,Rainfall_mm,Rain_Smoothed,Significant,SeasonType,SeasonShift,Hydro_Year,Dry_season_rain_count,Rain_dry_season_mm,Rain_wet_season_mm,zero_flow_months_count,Dry_month_count,Drought_Category,Year_Class_SPI
0,1986-12-01,1986,12,26.5,16.0,True,Wet,True,1987,0,0.0,642.5,4,4,Regular,Regular
1,1987-01-01,1987,1,214.5,120.5,True,Wet,False,1987,0,0.0,642.5,4,4,Regular,Regular
2,1987-02-01,1987,2,220.5,217.5,True,Wet,False,1987,0,0.0,642.5,4,4,Regular,Regular
3,1987-03-01,1987,3,149.5,185.0,True,Wet,False,1987,0,0.0,642.5,4,4,Regular,Regular
4,1987-04-01,1987,4,2.5,76.0,True,Wet,False,1987,0,0.0,642.5,4,4,Regular,Regular
5,1987-05-01,1987,5,29.0,15.75,True,Wet,False,1987,0,0.0,642.5,4,4,Regular,Regular
6,1987-06-01,1987,6,0.0,0.0,False,Dry,True,1987,0,0.0,642.5,4,4,Regular,Regular
7,1987-07-01,1987,7,0.0,0.0,False,Dry,False,1987,0,0.0,642.5,4,4,Regular,Regular
8,1987-08-01,1987,8,0.0,0.0,False,Dry,False,1987,0,0.0,642.5,4,4,Regular,Regular
9,1987-09-01,1987,9,0.0,0.0,False,Dry,False,1987,0,0.0,642.5,4,4,Regular,Regular
10,1987-10-01,1987,10,13.0,6.5,False,Wet,True,1988,3,50.0,180.2,7,7,Prolonged,Dry
11,1987-11-01,1987,11,11.5,12.25,True,Wet,False,1988,3,50.0,180.2,7,7,Prolonged,Dry
12,1987-12-01,1987,12,99.0,55.25,True,Wet,False,1988,3,50.0,180.2,7,7,Prolonged,Dry
13,1988-01-01,1988,1,43.0,71.0,True,Wet,False,1988,3,50.0,180.2,7,7,Prolonged,Dry
14,1988-02-01,1988,2,6.7,24.85,True,Wet,False,1988,3,50.0,180.2,7,7,Prolonged,Dry
15,1988-03-01,1988,3,7.0,6.85,False,Wet,False,1988,3,50.0,180.2,7,7,Prolonged,Dry
16,1988-04-01,1988,4,0.0,0.0,False,Dry,True,1988,3,50.0,180.2,7,7,Prolonged,Dry
17,1988-05-01,1988,5,0.0,0.0,False,Dry,False,1988,3,50.0,180.2,7,7,Prolonged,Dry
18,1988-06-01,1988,6,17.5,8.75,False,Dry,False,1988,3,50.0,180.2,7,7,Prolonged,Dry
19,1988-07-01,1988,7,7.5,12.5,True,Dry,False,1988,3,50.0,180.2,7,7,Prolonged,Dry
20,1988-08-01,1988,8,25.0,16.25,True,Dry,False,1988,3,50.0,180.2,7,7,Prolonged,Dry
21,1988-09-01,1988,9,0.0,0.0,False,Dry,False,1988,3,50.0,180.2,7,7,Prolonged,Dry
22,1988-10-01,1988,10,0.0,0.0,False,Dry,False,1988,3,50.0,180.2,7,7,Prolonged,Dry
23,1988-11-01,1988,11,14.0,7.0,False,Wet,True,1989,0,0.0,705.0,3,2,Minimal,Regular
24,1988-12-01,1988,12,178.0,96.0,True,Wet,False,1989,0,0.0,705.0,3,2,Minimal,Regular
25,1989-01-01,1989,1,56.5,117.25,True,Wet,False,1989,0,0.0,705.0,3,2,Minimal,Regular
26,1989-02-01,1989,2,139.0,97.75,True,Wet,False,1989,0,0.0,705.0,3,2,Minimal,Regular
27,1989-03-01,1989,3,222.0,180.5,True,Wet,False,1989,0,0.0,705.0,3,2,Minimal,Regular
28,1989-04-01,1989,4,0.0,111.0,True,Wet,False,1989,0,0.0,705.0,3,2,Minimal,Regular
29,1989-05-01,1989,5,51.0,25.5,True,Wet,False,1989,0,0.0,705.0,3,2,Minimal,Regular
30,1989-06-01,1989,6,4.5,27.75,True,Wet,False,1989,0,0.0,705.0,3,2,Minimal,Regular
31,1989-07-01,1989,7,40.0,22.25,True,Wet,False,1989,0,0.0,705.0,3,2,Minimal,Regular
32,1989-08-01,1989,8,0.0,0.0,False,Dry,True,1989,0,0.0,705.0,3,2,Minimal,Regular
33,1989-09-01,1989,9,0.0,0.0,False,Dry,False,1989,0,0.0,705.0,3,2,Minimal,Regular
34,1989-10-01,1989,10,9.0,4.5,False,Wet,True,1990,0,0.0,650.0,4,4,Regular,Regular
35,1989-11-01,1989,11,217.0,113.0,True,Wet,False,1990,0,0.0,650.0,4,4,Regular,Regular
36,1989-12-01,1989,12,44.0,130.5,True,Wet,False,1990,0,0.0,650.0,4,4,Regular,Regular
37,1990-01-01,1990,1,85.0,64.5,True,Wet,False,1990,0,0.0,650.0,4,4,Regular,Regular
38,1990-02-01,1990,2,76.5,80.75,True,Wet,False,1990,0,0.0,650.0,4,4,Regular,Regular
39,1990-03-01,1990,3,60.5,68.5,True,Wet,False,1990,0,0.0,650.0,4,4,Regular,Regular
40,1990-04-01,1990,4,98.0,79.25,True,Wet,False,1990,0,0.0,650.0,4,4,Regular,Regular
41,1990-05-01,1990,5,13.0,55.5,True,Wet,False,1990,0,0.0,650.0,4,4,Regular,Regular
42,1990-06-01,1990,6,47.0,30.0,True,Wet,False,1990,0,0.0,650.0,4,4,Regular,Regular
43,1990-07-01,1990,7,0.0,0.0,False,Dry,True,1990,0,0.0,650.0,4,4,Regular,Regular
44,1990-08-01,1990,8,0.0,0.0,False,Dry,False,1990,0,0.0,650.0,4,4,Regular,Regular
45,1990-09-01,1990,9,0.0,0.0,False,Dry,False,1990,0,0.0,650.0,4,4,Regular,Regular
46,1990-10-01,1990,10,0.0,0.0,False,Dry,False,1990,0,0.0,650.0,4,4,Regular,Regular
47,1990-11-01,1990,11,19.5,9.75,False,Wet,True,1991,0,0.0,1054.0,8,8,Prolonged,Regular
48,1990-12-01,1990,12,94.0,56.75,True,Wet,False,1991,0,0.0,1054.0,8,8,Prolonged,Regular
49,1991-01-01,1991,1,724.5,409.25,True,Wet,False,1991,0,0.0,1054.0,8,8,Prolonged,Regular
50,1991-02-01,1991,2,216.0,470.25,True,Wet,False,1991,0,0.0,1054.0,8,8,Prolonged,Regular
51,1991-03-01,1991,3,0.0,0.0,False,Dry,True,1991,0,0.0,1054.0,8,8,Prolonged,Regular
52,1991-04-01,1991,4,0.0,0.0,False,Dry,False,1991,0,0.0,1054.0,8,8,Prolonged,Regular
53,1991-05-01,1991,5,0.0,0.0,False,Dry,False,1991,0,0.0,1054.0,8,8,Prolonged,Regular
54,1991-06-01,1991,6,0.0,0.0,False,Dry,False,1991,0,0.0,1054.0,8,8,Prolonged,Regular
55,1991-07-01,1991,7,0.0,0.0,False,Dry,False,1991,0,0.0,1054.0,8,8,Prolonged,Regular
56,1991-08-01,1991,8,0.0,0.0,False,Dry,False,1991,0,0.0,1054.0,8,8,Prolonged,Regular
57,1991-09-01,1991,9,0.0,0.0,False,Dry,False,1991,0,0.0,1054.0,8,8,Prolonged,Regular
58,1991-10-01,1991,10,0.0,0.0,False,Dry,False,1991,0,0.0,1054.0,8,8,Prolonged,Regular
59,1991-11-01,1991,11,18.5,9.25,False,Wet,True,1992,1,16.0,430.0,10,7,Prolonged,Dry
60,1991-12-01,1991,12,19.0,18.75,True,Wet,False,1992,1,16.0,430.0,10,7,Prolonged,Dry
61,1992-01-01,1992,1,58.0,38.5,True,Wet,False,1992,1,16.0,430.0,10,7,Prolonged,Dry
62,1992-02-01,1992,2,328.5,193.25,True,Wet,False,1992,1,16.0,430.0,10,7,Prolonged,Dry
63,1992-03-01,1992,3,6.0,167.25,True,Wet,False,1992,1,16.0,430.0,10,7,Prolonged,Dry
64,1992-04-01,1992,4,0.0,3.0,False,Dry,True,1992,1,16.0,430.0,10,7,Prolonged,Dry
65,1992-05-01,1992,5,16.0,8.0,False,Dry,False,1992,1,16.0,430.0,10,7,Prolonged,Dry
66,1992-06-01,1992,6,0.0,0.0,False,Dry,False,1992,1,16.0,430.0,10,7,Prolonged,Dry
67,1992-07-01,1992,7,0.0,0.0,False,Dry,False,1992,1,16.0,430.0,10,7,Prolonged,Dry
68,1992-08-01,1992,8,0.0,0.0,False,Dry,False,1992,1,16.0,430.0,10,7,Prolonged,Dry
69,1992-09-01,1992,9,0.0,0.0,False,Dry,False,1992,1,16.0,430.0,10,7,Prolonged,Dry
70,1992-10-01,1992,10,0.0,0.0,False,Dry,False,1992,1,16.0,430.0,10,7,Prolonged,Dry
71,1992-11-01,1992,11,38.0,19.0,True,Wet,True,1993,1,31.6,573.0,5,7,Prolonged,Regular
72,1992-12-01,1992,12,75.5,56.75,True,Wet,False,1993,1,31.6,573.0,5,7,Prolonged,Regular
73,1993-01-01,1993,1,207.3,141.4,True,Wet,False,1993,1,31.6,573.0,5,7,Prolonged,Regular
74,1993-02-01,1993,2,126.4,166.85,True,Wet,False,1993,1,31.6,573.0,5,7,Prolonged,Regular
75,1993-03-01,1993,3,125.8,126.1,True,Wet,False,1993,1,31.6,573.0,5,7,Prolonged,Regular
76,1993-04-01,1993,4,0.0,0.0,False,Dry,True,1993,1,31.6,573.0,5,7,Prolonged,Regular
77,1993-05-01,1993,5,0.0,0.0,False,Dry,False,1993,1,31.6,573.0,5,7,Prolonged,Regular
78,1993-06-01,1993,6,0.0,0.0,False,Dry,False,1993,1,31.6,573.0,5,7,Prolonged,Regular
79,1993-07-01,1993,7,31.6,15.8,True,Dry,False,1993,1,31.6,573.0,5,7,Prolonged,Regular
80,1993-08-01,1993,8,0.0,0.0,False,Dry,False,1993,1,31.6,573.0,5,7,Prolonged,Regular
81,1993-09-01,1993,9,0.0,0.0,False,Dry,False,1993,1,31.6,573.0,5,7,Prolonged,Regular
82,1993-10-01,1993,10,0.0,0.0,False,Dry,False,1993,1,31.6,573.0,5,7,Prolonged,Regular
83,1993-11-01,1993,11,58.0,29.0,True,Wet,True,1994,0,0.0,515.6,5,6,Regular,Regular
84,1993-12-01,1993,12,34.6,46.3,True,Wet,False,1994,0,0.0,515.6,5,6,Regular,Regular
85,1994-01-01,1994,1,97.0,65.8,True,Wet,False,1994,0,0.0,515.6,5,6,Regular,Regular
86,1994-02-01,1994,2,232.0,164.5,True,Wet,False,1994,0,0.0,515.6,5,6,Regular,Regular
87,1994-03-01,1994,3,94.0,163.0,True,Wet,False,1994,0,0.0,515.6,5,6,Regular,Regular
88,1994-04-01,1994,4,0.0,0.0,False,Dry,True,1994,0,0.0,515.6,5,6,Regular,Regular
89,1994-05-01,1994,5,0.0,0.0,False,Dry,False,1994,0,0.0,515.6,5,6,Regular,Regular
90,1994-06-01,1994,6,0.0,0.0,False,Dry,False,1994,0,0.0,515.6,5,6,Regular,Regular
91,1994-07-01,1994,7,0.0,0.0,False,Dry,False,1994,0,0.0,515.6,5,6,Regular,Regular
92,1994-08-01,1994,8,0.0,0.0,False,Dry,False,1994,0,0.0,515.6,5,6,Regular,Regular
93,1994-09-01,1994,9,0.0,0.0,False,Dry,False,1994,0,0.0,515.6,5,6,Regular,Regular
94,1994-10-01,1994,10,21.2,10.6,False,Wet,True,1995,2,22.2,737.3,7,4,Regular,Regular
95,1994-11-01,1994,11,40.2,30.7,True,Wet,False,1995,2,22.2,737.3,7,4,Regular,Regular
96,1994-12-01,1994,12,12.6,26.4,True,Wet,False,1995,2,22.2,737.3,7,4,Regular,Regular
97,1995-01-01,1995,1,142.2,77.4,True,Wet,False,1995,2,22.2,737.3,7,4,Regular,Regular
98,1995-02-01,1995,2,410.7,276.45,True,Wet,False,1995,2,22.2,737.3,7,4,Regular,Regular
99,1995-03-01,1995,3,83.6,247.15,True,Wet,False,1995,2,22.2,737.3,7,4,Regular,Regular
100,1995-04-01,1995,4,0.0,41.8,True,Wet,False,1995,2,22.2,737.3,7,4,Regular,Regular
101,1995-05-01,1995,5,26.8,13.4,True,Wet,False,1995,2,22.2,737.3,7,4,Regular,Regular
102,1995-06-01,1995,6,0.0,0.0,False,Dry,True,1995,2,22.2,737.3,7,4,Regular,Regular
103,1995-07-01,1995,7,0.0,0.0,False,Dry,False,1995,2,22.2,737.3,7,4,Regular,Regular
104,1995-08-01,1995,8,19.8,9.9,False,Dry,False,1995,2,22.2,737.3,7,4,Regular,Regular
105,1995-09-01,1995,9,2.4,11.1,False,Dry,False,1995,2,22.2,737.3,7,4,Regular,Regular
106,1995-10-01,1995,10,21.8,12.1,True,Wet,True,1996,0,0.0,367.8,8,5,Regular,Dry
107,1995-11-01,1995,11,13.2,17.5,True,Wet,False,1996,0,0.0,367.8,8,5,Regular,Dry
108,1995-12-01,1995,12,33.6,23.4,True,Wet,False,1996,0,0.0,367.8,8,5,Regular,Dry
109,1996-01-01,1996,1,219.2,126.4,True,Wet,False,1996,0,0.0,367.8,8,5,Regular,Dry
110,1996-02-01,1996,2,38.4,128.8,True,Wet,False,1996,0,0.0,367.8,8,5,Regular,Dry
111,1996-03-01,1996,3,31.0,34.7,True,Wet,False,1996,0,0.0,367.8,8,5,Regular,Dry
112,1996-04-01,1996,4,10.6,20.8,True,Wet,False,1996,0,0.0,367.8,8,5,Regular,Dry
113,1996-05-01,1996,5,0.0,0.0,False,Dry,True,1996,0,0.0,367.8,8,5,Regular,Dry
114,1996-06-01,1996,6,0.0,0.0,False,Dry,False,1996,0,0.0,367.8,8,5,Regular,Dry
115,1996-07-01,1996,7,0.0,0.0,False,Dry,False,1996,0,0.0,367.8,8,5,Regular,Dry
116,1996-08-01,1996,8,0.0,0.0,False,Dry,False,1996,0,0.0,367.8,8,5,Regular,Dry
117,1996-09-01,1996,9,0.0,0.0,False,Dry,False,1996,0,0.0,367.8,8,5,Regular,Dry
118,1996-10-01,1996,10,33.8,16.9,True,Wet,True,1997,2,8.2,540.9,7,5,Regular,Regular
119,1996-11-01,1996,11,22.6,28.2,True,Wet,False,1997,2,8.2,540.9,7,5,Regular,Regular
120,1996-12-01,1996,12,104.1,63.35,True,Wet,False,1997,2,8.2,540.9,7,5,Regular,Regular
121,1997-01-01,1997,1,95.2,99.65,True,Wet,False,1997,2,8.2,540.9,7,5,Regular,Regular
122,1997-02-01,1997,2,106.0,100.6,True,Wet,False,1997,2,8.2,540.9,7,5,Regular,Regular
123,1997-03-01,1997,3,157.2,131.6,True,Wet,False,1997,2,8.2,540.9,7,5,Regular,Regular
124,1997-04-01,1997,4,0.0,78.6,True,Wet,False,1997,2,8.2,540.9,7,5,Regular,Regular
125,1997-05-01,1997,5,22.0,11.0,False,Wet,False,1997,2,8.2,540.9,7,5,Regular,Regular
126,1997-06-01,1997,6,4.2,13.1,True,Dry,True,1997,2,8.2,540.9,7,5,Regular,Regular
127,1997-07-01,1997,7,0.0,0.0,False,Dry,False,1997,2,8.2,540.9,7,5,Regular,Regular
128,1997-08-01,1997,8,0.0,0.0,False,Dry,False,1997,2,8.2,540.9,7,5,Regular,Regular
129,1997-09-01,1997,9,4.0,2.0,False,Dry,False,1997,2,8.2,540.9,7,5,Regular,Regular
130,1997-10-01,1997,10,0.0,2.0,False,Dry,False,1997,2,8.2,540.9,7,5,Regular,Regular
131,1997-11-01,1997,11,90.6,45.3,True,Wet,True,1998,0,0.0,875.0,5,3,Regular,Regular
132,1997-12-01,1997,12,287.4,189.0,True,Wet,False,1998,0,0.0,875.0,5,3,Regular,Regular
133,1998-01-01,1998,1,208.6,248.0,True,Wet,False,1998,0,0.0,875.0,5,3,Regular,Regular
134,1998-02-01,1998,2,77.8,143.2,True,Wet,False,1998,0,0.0,875.0,5,3,Regular,Regular
135,1998-03-01,1998,3,124.4,101.1,True,Wet,False,1998,0,0.0,875.0,5,3,Regular,Regular
136,1998-04-01,1998,4,40.8,82.6,True,Wet,False,1998,0,0.0,875.0,5,3,Regular,Regular
137,1998-05-01,1998,5,39.2,40.0,True,Wet,False,1998,0,0.0,875.0,5,3,Regular,Regular
138,1998-06-01,1998,6,6.2,22.7,True,Wet,False,1998,0,0.0,875.0,5,3,Regular,Regular
139,1998-07-01,1998,7,0.0,0.0,False,Dry,True,1998,0,0.0,875.0,5,3,Regular,Regular
140,1998-08-01,1998,8,0.0,0.0,False,Dry,False,1998,0,0.0,875.0,5,3,Regular,Regular
141,1998-09-01,1998,9,0.0,0.0,False,Dry,False,1998,0,0.0,875.0,5,3,Regular,Regular
142,1998-10-01,1998,10,45.8,22.9,True,Wet,True,1999,0,0.0,469.41,6,6,Regular,Dry
143,1998-11-01,1998,11,25.6,35.7,True,Wet,False,1999,0,0.0,469.41,6,6,Regular,Dry
144,1998-12-01,1998,12,170.2,97.9,True,Wet,False,1999,0,0.0,469.41,6,6,Regular,Dry
145,1999-01-01,1999,1,109.0,139.6,True,Wet,False,1999,0,0.0,469.41,6,6,Regular,Dry
146,1999-02-01,1999,2,49.15,79.075,True,Wet,False,1999,0,0.0,469.41,6,6,Regular,Dry
147,1999-03-01,1999,3,39.26,44.205,True,Wet,False,1999,0,0.0,469.41,6,6,Regular,Dry
148,1999-04-01,1999,4,30.4,34.83,True,Wet,False,1999,0,0.0,469.41,6,6,Regular,Dry
149,1999-05-01,1999,5,0.0,0.0,False,Dry,True,1999,0,0.0,469.41,6,6,Regular,Dry
150,1999-06-01,1999,6,0.0,0.0,False,Dry,False,1999,0,0.0,469.41,6,6,Regular,Dry
151,1999-07-01,1999,7,0.0,0.0,False,Dry,False,1999,0,0.0,469.41,6,6,Regular,Dry
152,1999-08-01,1999,8,0.0,0.0,False,Dry,False,1999,0,0.0,469.41,6,6,Regular,Dry
153,1999-09-01,1999,9,0.0,0.0,False,Dry,False,1999,0,0.0,469.41,6,6,Regular,Dry
154,1999-10-01,1999,10,0.0,0.0,False,Dry,False,1999,0,0.0,469.41,6,6,Regular,Dry
155,1999-11-01,1999,11,145.6,72.8,True,Wet,True,2000,0,0.0,1119.0,2,3,Regular,Wet
156,1999-12-01,1999,12,179.2,162.4,True,Wet,False,2000,0,0.0,1119.0,2,3,Regular,Wet
157,2000-01-01,2000,1,171.0,175.1,True,Wet,False,2000,0,0.0,1119.0,2,3,Regular,Wet
158,2000-02-01,2000,2,361.2,266.1,True,Wet,False,2000,0,0.0,1119.0,2,3,Regular,Wet
159,2000-03-01,2000,3,35.8,198.5,True,Wet,False,2000,0,0.0,1119.0,2,3,Regular,Wet
160,2000-04-01,2000,4,145.0,90.4,True,Wet,False,2000,0,0.0,1119.0,2,3,Regular,Wet
161,2000-05-01,2000,5,11.8,78.4,True,Wet,False,2000,0,0.0,1119.0,2,3,Regular,Wet
162,2000-06-01,2000,6,69.4,40.6,True,Wet,False,2000,0,0.0,1119.0,2,3,Regular,Wet
163,2000-07-01,2000,7,0.0,0.0,False,Dry,True,2000,0,0.0,1119.0,2,3,Regular,Wet
164,2000-08-01,2000,8,0.0,0.0,False,Dry,False,2000,0,0.0,1119.0,2,3,Regular,Wet
165,2000-09-01,2000,9,0.0,0.0,False,Dry,False,2000,0,0.0,1119.0,2,3,Regular,Wet
166,2000-10-01,2000,10,61.2,30.6,True,Wet,True,2001,1,2.4,1149.47,4,5,Regular,Wet
167,2000-11-01,2000,11,119.2,90.2,True,Wet,False,2001,1,2.4,1149.47,4,5,Regular,Wet
168,2000-12-01,2000,12,263.07,191.135,True,Wet,False,2001,1,2.4,1149.47,4,5,Regular,Wet
169,2001-01-01,2001,1,327.8,295.435,True,Wet,False,2001,1,2.4,1149.47,4,5,Regular,Wet
170,2001-02-01,2001,2,206.2,267.0,True,Wet,False,2001,1,2.4,1149.47,4,5,Regular,Wet
171,2001-03-01,2001,3,160.4,183.3,True,Wet,False,2001,1,2.4,1149.47,4,5,Regular,Wet
172,2001-04-01,2001,4,11.6,86.0,True,Wet,False,2001,1,2.4,1149.47,4,5,Regular,Wet
173,2001-05-01,2001,5,0.0,5.8,False,Dry,True,2001,1,2.4,1149.47,4,5,Regular,Wet
174,2001-06-01,2001,6,2.4,1.2,False,Dry,False,2001,1,2.4,1149.47,4,5,Regular,Wet
175,2001-07-01,2001,7,0.0,0.0,False,Dry,False,2001,1,2.4,1149.47,4,5,Regular,Wet
176,2001-08-01,2001,8,0.0,0.0,False,Dry,False,2001,1,2.4,1149.47,4,5,Regular,Wet
177,2001-09-01,2001,9,0.0,0.0,False,Dry,False,2001,1,2.4,1149.47,4,5,Regular,Wet
178,2001-10-01,2001,10,24.8,12.4,True,Wet,True,2002,1,21.0,764.0,8,8,Prolonged,Regular
179,2001-11-01,2001,11,24.2,24.5,True,Wet,False,2002,1,21.0,764.0,8,8,Prolonged,Regular
180,2001-12-01,2001,12,57.6,40.9,True,Wet,False,2002,1,21.0,764.0,8,8,Prolonged,Regular
181,2002-01-01,2002,1,254.6,156.1,True,Wet,False,2002,1,21.0,764.0,8,8,Prolonged,Regular
182,2002-02-01,2002,2,333.4,294.0,True,Wet,False,2002,1,21.0,764.0,8,8,Prolonged,Regular
183,2002-03-01,2002,3,69.4,201.4,True,Wet,False,2002,1,21.0,764.0,8,8,Prolonged,Regular
184,2002-04-01,2002,4,0.0,0.0,False,Dry,True,2002,1,21.0,764.0,8,8,Prolonged,Regular
185,2002-05-01,2002,5,0.0,0.0,False,Dry,False,2002,1,21.0,764.0,8,8,Prolonged,Regular
186,2002-06-01,2002,6,0.0,0.0,False,Dry,False,2002,1,21.0,764.0,8,8,Prolonged,Regular
187,2002-07-01,2002,7,0.0,0.0,False,Dry,False,2002,1,21.0,764.0,8,8,Prolonged,Regular
188,2002-08-01,2002,8,21.0,10.5,False,Dry,False,2002,1,21.0,764.0,8,8,Prolonged,Regular
189,2002-09-01,2002,9,0.0,0.0,False,Dry,False,2002,1,21.0,764.0,8,8,Prolonged,Regular
190,2002-10-01,2002,10,0.0,0.0,False,Dry,False,2002,1,21.0,764.0,8,8,Prolonged,Regular
191,2002-11-01,2002,11,0.0,0.0,False,Dry,False,2002,1,21.0,764.0,8,8,Prolonged,Regular
192,2002-12-01,2002,12,81.6,40.8,True,Wet,True,2003,1,3.0,586.68,7,5,Regular,Regular
193,2003-01-01,2003,1,89.8,85.7,True,Wet,False,2003,1,3.0,586.68,7,5,Regular,Regular
194,2003-02-01,2003,2,187.68,138.74,True,Wet,False,2003,1,3.0,586.68,7,5,Regular,Regular
195,2003-03-01,2003,3,196.2,191.94,True,Wet,False,2003,1,3.0,586.68,7,5,Regular,Regular
196,2003-04-01,2003,4,3.4,99.8,True,Wet,False,2003,1,3.0,586.68,7,5,Regular,Regular
197,2003-05-01,2003,5,14.2,8.8,False,Wet,False,2003,1,3.0,586.68,7,5,Regular,Regular
198,2003-06-01,2003,6,13.8,14.0,True,Wet,False,2003,1,3.0,586.68,7,5,Regular,Regular
199,2003-07-01,2003,7,0.0,0.0,False,Dry,True,2003,1,3.0,586.68,7,5,Regular,Regular
200,2003-08-01,2003,8,0.0,0.0,False,Dry,False,2003,1,3.0,586.68,7,5,Regular,Regular
201,2003-09-01,2003,9,0.0,0.0,False,Dry,False,2003,1,3.0,586.68,7,5,Regular,Regular
202,2003-10-01,2003,10,3.0,1.5,False,Dry,False,2003,1,3.0,586.68,7,5,Regular,Regular
203,2003-11-01,2003,11,0.0,1.5,False,Dry,False,2003,1,3.0,586.68,7,5,Regular,Regular
204,2003-12-01,2003,12,125.6,62.8,True,Wet,True,2004,0,0.0,488.6,4,4,Regular,Regular
205,2004-01-01,2004,1,199.2,162.4,True,Wet,False,2004,0,0.0,488.6,4,4,Regular,Regular
206,2004-02-01,2004,2,111.0,155.1,True,Wet,False,2004,0,0.0,488.6,4,4,Regular,Regular
207,2004-03-01,2004,3,3.8,57.4,True,Wet,False,2004,0,0.0,488.6,4,4,Regular,Regular
208,2004-04-01,2004,4,30.4,17.1,True,Wet,False,2004,0,0.0,488.6,4,4,Regular,Regular
209,2004-05-01,2004,5,18.6,24.5,True,Wet,False,2004,0,0.0,488.6,4,4,Regular,Regular
210,2004-06-01,2004,6,0.0,0.0,False,Dry,True,2004,0,0.0,488.6,4,4,Regular,Regular
211,2004-07-01,2004,7,0.0,0.0,False,Dry,False,2004,0,0.0,488.6,4,4,Regular,Regular
212,2004-08-01,2004,8,0.0,0.0,False,Dry,False,2004,0,0.0,488.6,4,4,Regular,Regular
213,2004-09-01,2004,9,0.0,0.0,False,Dry,False,2004,0,0.0,488.6,4,4,Regular,Regular
214,2004-10-01,2004,10,6.0,3.0,False,Wet,True,2005,3,18.6,592.7,7,6,Regular,Regular
215,2004-11-01,2004,11,25.1,15.55,True,Wet,False,2005,3,18.6,592.7,7,6,Regular,Regular
216,2004-12-01,2004,12,216.0,120.55,True,Wet,False,2005,3,18.6,592.7,7,6,Regular,Regular
217,2005-01-01,2005,1,251.8,233.9,True,Wet,False,2005,3,18.6,592.7,7,6,Regular,Regular
218,2005-02-01,2005,2,90.4,171.1,True,Wet,False,2005,3,18.6,592.7,7,6,Regular,Regular
219,2005-03-01,2005,3,3.4,46.9,True,Wet,False,2005,3,18.6,592.7,7,6,Regular,Regular
220,2005-04-01,2005,4,0.0,0.0,False,Dry,True,2005,3,18.6,592.7,7,6,Regular,Regular
221,2005-05-01,2005,5,0.0,0.0,False,Dry,False,2005,3,18.6,592.7,7,6,Regular,Regular
222,2005-06-01,2005,6,6.2,3.1,False,Dry,False,2005,3,18.6,592.7,7,6,Regular,Regular
223,2005-07-01,2005,7,4.6,5.4,False,Dry,False,2005,3,18.6,592.7,7,6,Regular,Regular
224,2005-08-01,2005,8,6.8,5.7,False,Dry,False,2005,3,18.6,592.7,7,6,Regular,Regular
225,2005-09-01,2005,9,1.0,3.9,False,Dry,False,2005,3,18.6,592.7,7,6,Regular,Regular
226,2005-10-01,2005,10,38.4,19.7,True,Wet,True,2006,1,4.0,1093.6,4,2,Minimal,Wet
227,2005-11-01,2005,11,34.8,36.6,True,Wet,False,2006,1,4.0,1093.6,4,2,Minimal,Wet
228,2005-12-01,2005,12,70.8,52.8,True,Wet,False,2006,1,4.0,1093.6,4,2,Minimal,Wet
229,2006-01-01,2006,1,428.6,249.7,True,Wet,False,2006,1,4.0,1093.6,4,2,Minimal,Wet
230,2006-02-01,2006,2,72.8,250.7,True,Wet,False,2006,1,4.0,1093.6,4,2,Minimal,Wet
231,2006-03-01,2006,3,227.2,150.0,True,Wet,False,2006,1,4.0,1093.6,4,2,Minimal,Wet
232,2006-04-01,2006,4,120.8,174.0,True,Wet,False,2006,1,4.0,1093.6,4,2,Minimal,Wet
233,2006-05-01,2006,5,51.4,86.1,True,Wet,False,2006,1,4.0,1093.6,4,2,Minimal,Wet
234,2006-06-01,2006,6,0.0,25.7,True,Wet,False,2006,1,4.0,1093.6,4,2,Minimal,Wet
235,2006-07-01,2006,7,48.8,24.4,True,Wet,False,2006,1,4.0,1093.6,4,2,Minimal,Wet
236,2006-08-01,2006,8,0.0,24.4,True,Wet,False,2006,1,4.0,1093.6,4,2,Minimal,Wet
237,2006-09-01,2006,9,4.0,2.0,False,Dry,True,2006,1,4.0,1093.6,4,2,Minimal,Wet
238,2006-10-01,2006,10,0.0,2.0,False,Dry,False,2006,1,4.0,1093.6,4,2,Minimal,Wet
239,2006-11-01,2006,11,16.2,8.1,False,Wet,True,2007,3,100.2,753.3,4,7,Prolonged,Regular
240,2006-12-01,2006,12,185.6,100.9,True,Wet,False,2007,3,100.2,753.3,4,7,Prolonged,Regular
241,2007-01-01,2007,1,289.5,237.55,True,Wet,False,2007,3,100.2,753.3,4,7,Prolonged,Regular
242,2007-02-01,2007,2,181.8,235.65,True,Wet,False,2007,3,100.2,753.3,4,7,Prolonged,Regular
243,2007-03-01,2007,3,80.2,131.0,True,Wet,False,2007,3,100.2,753.3,4,7,Prolonged,Regular
244,2007-04-01,2007,4,0.0,0.0,False,Dry,True,2007,3,100.2,753.3,4,7,Prolonged,Regular
245,2007-05-01,2007,5,0.0,0.0,False,Dry,False,2007,3,100.2,753.3,4,7,Prolonged,Regular
246,2007-06-01,2007,6,96.2,48.1,True,Dry,False,2007,3,100.2,753.3,4,7,Prolonged,Regular
247,2007-07-01,2007,7,0.0,0.0,False,Dry,False,2007,3,100.2,753.3,4,7,Prolonged,Regular
248,2007-08-01,2007,8,0.0,0.0,False,Dry,False,2007,3,100.2,753.3,4,7,Prolonged,Regular
249,2007-09-01,2007,9,2.0,1.0,False,Dry,False,2007,3,100.2,753.3,4,7,Prolonged,Regular
250,2007-10-01,2007,10,2.0,2.0,False,Dry,False,2007,3,100.2,753.3,4,7,Prolonged,Regular
251,2007-11-01,2007,11,69.4,35.7,True,Wet,True,2008,3,87.7,704.7,3,7,Prolonged,Regular
252,2007-12-01,2007,12,110.2,89.8,True,Wet,False,2008,3,87.7,704.7,3,7,Prolonged,Regular
253,2008-01-01,2008,1,167.2,138.7,True,Wet,False,2008,3,87.7,704.7,3,7,Prolonged,Regular
254,2008-02-01,2008,2,340.1,253.65,True,Wet,False,2008,3,87.7,704.7,3,7,Prolonged,Regular
255,2008-03-01,2008,3,17.8,178.95,True,Wet,False,2008,3,87.7,704.7,3,7,Prolonged,Regular
256,2008-04-01,2008,4,0.0,0.0,False,Dry,True,2008,3,87.7,704.7,3,7,Prolonged,Regular
257,2008-05-01,2008,5,0.0,0.0,False,Dry,False,2008,3,87.7,704.7,3,7,Prolonged,Regular
258,2008-06-01,2008,6,0.0,0.0,False,Dry,False,2008,3,87.7,704.7,3,7,Prolonged,Regular
259,2008-07-01,2008,7,78.5,39.25,True,Dry,False,2008,3,87.7,704.7,3,7,Prolonged,Regular
260,2008-08-01,2008,8,0.0,39.25,True,Dry,False,2008,3,87.7,704.7,3,7,Prolonged,Regular
261,2008-09-01,2008,9,6.6,3.3,False,Dry,False,2008,3,87.7,704.7,3,7,Prolonged,Regular
262,2008-10-01,2008,10,2.6,4.6,False,Dry,False,2008,3,87.7,704.7,3,7,Prolonged,Regular
263,2008-11-01,2008,11,66.4,34.5,True,Wet,True,2009,2,6.6,1205.6,3,6,Regular,Wet
264,2008-12-01,2008,12,95.6,81.0,True,Wet,False,2009,2,6.6,1205.6,3,6,Regular,Wet
265,2009-01-01,2009,1,608.2,351.9,True,Wet,False,2009,2,6.6,1205.6,3,6,Regular,Wet
266,2009-02-01,2009,2,348.4,478.3,True,Wet,False,2009,2,6.6,1205.6,3,6,Regular,Wet
267,2009-03-01,2009,3,49.8,199.1,True,Wet,False,2009,2,6.6,1205.6,3,6,Regular,Wet
268,2009-04-01,2009,4,33.6,41.7,True,Wet,False,2009,2,6.6,1205.6,3,6,Regular,Wet
269,2009-05-01,2009,5,3.6,18.6,True,Wet,False,2009,2,6.6,1205.6,3,6,Regular,Wet
270,2009-06-01,2009,6,0.0,0.0,False,Dry,True,2009,2,6.6,1205.6,3,6,Regular,Wet
271,2009-07-01,2009,7,0.0,0.0,False,Dry,False,2009,2,6.6,1205.6,3,6,Regular,Wet
272,2009-08-01,2009,8,0.0,0.0,False,Dry,False,2009,2,6.6,1205.6,3,6,Regular,Wet
273,2009-09-01,2009,9,0.0,0.0,False,Dry,False,2009,2,6.6,1205.6,3,6,Regular,Wet
274,2009-10-01,2009,10,2.2,1.1,False,Dry,False,2009,2,6.6,1205.6,3,6,Regular,Wet
275,2009-11-01,2009,11,4.4,3.3,False,Dry,False,2009,2,6.6,1205.6,3,6,Regular,Wet
276,2009-12-01,2009,12,310.8,157.6,True,Wet,True,2010,1,77.6,785.4,3,5,Regular,Regular
277,2010-01-01,2010,1,274.0,292.4,True,Wet,False,2010,1,77.6,785.4,3,5,Regular,Regular
278,2010-02-01,2010,2,174.8,224.4,True,Wet,False,2010,1,77.6,785.4,3,5,Regular,Regular
279,2010-03-01,2010,3,15.8,95.3,True,Wet,False,2010,1,77.6,785.4,3,5,Regular,Regular
280,2010-04-01,2010,4,10.0,12.9,True,Wet,False,2010,1,77.6,785.4,3,5,Regular,Regular
281,2010-05-01,2010,5,0.0,0.0,False,Dry,True,2010,1,77.6,785.4,3,5,Regular,Regular
282,2010-06-01,2010,6,0.0,0.0,False,Dry,False,2010,1,77.6,785.4,3,5,Regular,Regular
283,2010-07-01,2010,7,0.0,0.0,False,Dry,False,2010,1,77.6,785.4,3,5,Regular,Regular
284,2010-08-01,2010,8,0.0,0.0,False,Dry,False,2010,1,77.6,785.4,3,5,Regular,Regular
285,2010-09-01,2010,9,77.6,38.8,True,Dry,False,2010,1,77.6,785.4,3,5,Regular,Regular
286,2010-10-01,2010,10,46.4,62.0,True,Wet,True,2011,1,2.4,1522.6,1,6,Regular,Wet
287,2010-11-01,2010,11,96.4,71.4,True,Wet,False,2011,1,2.4,1522.6,1,6,Regular,Wet
288,2010-12-01,2010,12,262.4,179.4,True,Wet,False,2011,1,2.4,1522.6,1,6,Regular,Wet
289,2011-01-01,2011,1,338.4,300.4,True,Wet,False,2011,1,2.4,1522.6,1,6,Regular,Wet
290,2011-02-01,2011,2,365.6,352.0,True,Wet,False,2011,1,2.4,1522.6,1,6,Regular,Wet
291,2011-03-01,2011,3,413.4,389.5,True,Wet,False,2011,1,2.4,1522.6,1,6,Regular,Wet
292,2011-04-01,2011,4,0.0,0.0,False,Dry,True,2011,1,2.4,1522.6,1,6,Regular,Wet
293,2011-05-01,2011,5,0.0,0.0,False,Dry,False,2011,1,2.4,1522.6,1,6,Regular,Wet
294,2011-06-01,2011,6,2.4,1.2,False,Dry,False,2011,1,2.4,1522.6,1,6,Regular,Wet
295,2011-07-01,2011,7,0.0,0.0,False,Dry,False,2011,1,2.4,1522.6,1,6,Regular,Wet
296,2011-08-01,2011,8,0.0,0.0,False,Dry,False,2011,1,2.4,1522.6,1,6,Regular,Wet
297,2011-09-01,2011,9,0.0,0.0,False,Dry,False,2011,1,2.4,1522.6,1,6,Regular,Wet
298,2011-10-01,2011,10,5.0,2.5,False,Wet,True,2012,3,27.0,763.7,4,5,Regular,Regular
299,2011-11-01,2011,11,34.2,19.6,True,Wet,False,2012,3,27.0,763.7,4,5,Regular,Regular
300,2011-12-01,2011,12,80.4,57.3,True,Wet,False,2012,3,27.0,763.7,4,5,Regular,Regular
301,2012-01-01,2012,1,152.2,116.3,True,Wet,False,2012,3,27.0,763.7,4,5,Regular,Regular
302,2012-02-01,2012,2,166.8,159.5,True,Wet,False,2012,3,27.0,763.7,4,5,Regular,Regular
303,2012-03-01,2012,3,311.2,239.0,True,Wet,False,2012,3,27.0,763.7,4,5,Regular,Regular
304,2012-04-01,2012,4,0.0,155.6,True,Wet,False,2012,3,27.0,763.7,4,5,Regular,Regular
305,2012-05-01,2012,5,13.9,6.95,False,Wet,False,2012,3,27.0,763.7,4,5,Regular,Regular
306,2012-06-01,2012,6,0.0,6.95,False,Dry,True,2012,3,27.0,763.7,4,5,Regular,Regular
307,2012-07-01,2012,7,19.4,9.7,False,Dry,False,2012,3,27.0,763.7,4,5,Regular,Regular
308,2012-08-01,2012,8,0.0,9.7,False,Dry,False,2012,3,27.0,763.7,4,5,Regular,Regular
309,2012-09-01,2012,9,3.0,1.5,False,Dry,False,2012,3,27.0,763.7,4,5,Regular,Regular
310,2012-10-01,2012,10,4.6,3.8,False,Dry,False,2012,3,27.0,763.7,4,5,Regular,Regular
311,2012-11-01,2012,11,11.4,8.0,False,Wet,True,2013,0,1.0,418.2,4,5,Regular,Dry
312,2012-12-01,2012,12,25.8,18.6,True,Wet,False,2013,0,1.0,418.2,4,5,Regular,Dry
313,2013-01-01,2013,1,194.6,110.2,True,Wet,False,2013,0,1.0,418.2,4,5,Regular,Dry
314,2013-02-01,2013,2,70.8,132.7,True,Wet,False,2013,0,1.0,418.2,4,5,Regular,Dry
315,2013-03-01,2013,3,53.8,62.3,True,Wet,False,2013,0,1.0,418.2,4,5,Regular,Dry
316,2013-04-01,2013,4,52.8,53.3,True,Wet,False,2013,0,1.0,418.2,4,5,Regular,Dry
317,2013-05-01,2013,5,9.0,30.9,True,Wet,False,2013,0,1.0,418.2,4,5,Regular,Dry
318,2013-06-01,2013,6,0.0,0.0,False,Dry,True,2013,0,1.0,418.2,4,5,Regular,Dry
319,2013-07-01,2013,7,0.0,0.0,False,Dry,False,2013,0,1.0,418.2,4,5,Regular,Dry
320,2013-08-01,2013,8,0.0,0.0,False,Dry,False,2013,0,1.0,418.2,4,5,Regular,Dry
321,2013-09-01,2013,9,1.0,0.5,False,Dry,False,2013,0,1.0,418.2,4,5,Regular,Dry
322,2013-10-01,2013,10,0.0,0.5,False,Dry,False,2013,0,1.0,418.2,4,5,Regular,Dry
323,2013-11-01,2013,11,108.2,54.1,True,Wet,True,2014,0,0.8,622.5,7,4,Regular,Regular
324,2013-12-01,2013,12,36.4,72.3,True,Wet,False,2014,0,0.8,622.5,7,4,Regular,Regular
325,2014-01-01,2014,1,86.4,61.4,True,Wet,False,2014,0,0.8,622.5,7,4,Regular,Regular
326,2014-02-01,2014,2,304.8,195.6,True,Wet,False,2014,0,0.8,622.5,7,4,Regular,Regular
327,2014-03-01,2014,3,39.5,172.15,True,Wet,False,2014,0,0.8,622.5,7,4,Regular,Regular
328,2014-04-01,2014,4,23.6,31.55,True,Wet,False,2014,0,0.8,622.5,7,4,Regular,Regular
329,2014-05-01,2014,5,9.2,16.4,True,Wet,False,2014,0,0.8,622.5,7,4,Regular,Regular
330,2014-06-01,2014,6,14.4,11.8,True,Wet,False,2014,0,0.8,622.5,7,4,Regular,Regular
331,2014-07-01,2014,7,0.8,7.6,False,Dry,True,2014,0,0.8,622.5,7,4,Regular,Regular
332,2014-08-01,2014,8,0.0,0.0,False,Dry,False,2014,0,0.8,622.5,7,4,Regular,Regular
333,2014-09-01,2014,9,0.0,0.0,False,Dry,False,2014,0,0.8,622.5,7,4,Regular,Regular
334,2014-10-01,2014,10,0.0,0.0,False,Dry,False,2014,0,0.8,622.5,7,4,Regular,Regular
335,2014-11-01,2014,11,6.4,3.2,False,Wet,True,2015,2,6.0,414.6,7,6,Regular,Dry
336,2014-12-01,2014,12,99.8,53.1,True,Wet,False,2015,2,6.0,414.6,7,6,Regular,Dry
337,2015-01-01,2015,1,165.8,132.8,True,Wet,False,2015,2,6.0,414.6,7,6,Regular,Dry
338,2015-02-01,2015,2,84.0,124.9,True,Wet,False,2015,2,6.0,414.6,7,6,Regular,Dry
339,2015-03-01,2015,3,53.4,68.7,True,Wet,False,2015,2,6.0,414.6,7,6,Regular,Dry
340,2015-04-01,2015,4,5.2,29.3,True,Wet,False,2015,2,6.0,414.6,7,6,Regular,Dry
341,2015-05-01,2015,5,0.0,0.0,False,Dry,True,2015,2,6.0,414.6,7,6,Regular,Dry
342,2015-06-01,2015,6,0.0,0.0,False,Dry,False,2015,2,6.0,414.6,7,6,Regular,Dry
343,2015-07-01,2015,7,0.0,0.0,False,Dry,False,2015,2,6.0,414.6,7,6,Regular,Dry
344,2015-08-01,2015,8,0.0,0.0,False,Dry,False,2015,2,6.0,414.6,7,6,Regular,Dry
345,2015-09-01,2015,9,2.4,1.2,False,Dry,False,2015,2,6.0,414.6,7,6,Regular,Dry
346,2015-10-01,2015,10,3.6,3.0,False,Dry,False,2015,2,6.0,414.6,7,6,Regular,Dry
347,2015-11-01,2015,11,61.0,32.3,True,Wet,True,2016,1,3.8,715.2,3,2,Minimal,Regular
348,2015-12-01,2015,12,132.4,96.7,True,Wet,False,2016,1,3.8,715.2,3,2,Minimal,Regular
349,2016-01-01,2016,1,129.8,131.1,True,Wet,False,2016,1,3.8,715.2,3,2,Minimal,Regular
350,2016-02-01,2016,2,87.8,108.8,True,Wet,False,2016,1,3.8,715.2,3,2,Minimal,Regular
351,2016-03-01,2016,3,184.6,136.2,True,Wet,False,2016,1,3.8,715.2,3,2,Minimal,Regular
352,2016-04-01,2016,4,0.0,92.3,True,Wet,False,2016,1,3.8,715.2,3,2,Minimal,Regular
353,2016-05-01,2016,5,51.8,25.9,True,Wet,False,2016,1,3.8,715.2,3,2,Minimal,Regular
354,2016-06-01,2016,6,0.0,25.9,True,Wet,False,2016,1,3.8,715.2,3,2,Minimal,Regular
355,2016-07-01,2016,7,67.8,33.9,True,Wet,False,2016,1,3.8,715.2,3,2,Minimal,Regular
356,2016-08-01,2016,8,0.0,33.9,True,Wet,False,2016,1,3.8,715.2,3,2,Minimal,Regular
357,2016-09-01,2016,9,3.8,1.9,False,Dry,True,2016,1,3.8,715.2,3,2,Minimal,Regular
358,2016-10-01,2016,10,0.0,1.9,False,Dry,False,2016,1,3.8,715.2,3,2,Minimal,Regular
359,2016-11-01,2016,11,105.4,52.7,True,Wet,True,2017,0,0.0,1195.4,2,4,Regular,Wet
360,2016-12-01,2016,12,145.8,125.6,True,Wet,False,2017,0,0.0,1195.4,2,4,Regular,Wet
361,2017-01-01,2017,1,595.4,370.6,True,Wet,False,2017,0,0.0,1195.4,2,4,Regular,Wet
362,2017-02-01,2017,2,105.0,350.2,True,Wet,False,2017,0,0.0,1195.4,2,4,Regular,Wet
363,2017-03-01,2017,3,45.6,75.3,True,Wet,False,2017,0,0.0,1195.4,2,4,Regular,Wet
364,2017-04-01,2017,4,0.0,22.8,True,Wet,False,2017,0,0.0,1195.4,2,4,Regular,Wet
365,2017-05-01,2017,5,198.2,99.1,True,Wet,False,2017,0,0.0,1195.4,2,4,Regular,Wet
366,2017-06-01,2017,6,0.0,0.0,False,Dry,True,2017,0,0.0,1195.4,2,4,Regular,Wet
367,2017-07-01,2017,7,0.0,0.0,False,Dry,False,2017,0,0.0,1195.4,2,4,Regular,Wet
368,2017-08-01,2017,8,0.0,0.0,False,Dry,False,2017,0,0.0,1195.4,2,4,Regular,Wet
369,2017-09-01,2017,9,0.0,0.0,False,Dry,False,2017,0,0.0,1195.4,2,4,Regular,Wet
370,2017-10-01,2017,10,91.2,45.6,True,Wet,True,2018,0,0.0,916.5,4,7,Prolonged,Regular
371,2017-11-01,2017,11,13.0,52.1,True,Wet,False,2018,0,0.0,916.5,4,7,Prolonged,Regular
372,2017-12-01,2017,12,21.1,17.05,True,Wet,False,2018,0,0.0,916.5,4,7,Prolonged,Regular
373,2018-01-01,2018,1,140.0,80.55,True,Wet,False,2018,0,0.0,916.5,4,7,Prolonged,Regular
374,2018-02-01,2018,2,168.4,154.2,True,Wet,False,2018,0,0.0,916.5,4,7,Prolonged,Regular
375,2018-03-01,2018,3,482.8,325.6,True,Wet,False,2018,0,0.0,916.5,4,7,Prolonged,Regular
376,2018-04-01,2018,4,0.0,0.0,False,Dry,True,2018,0,0.0,916.5,4,7,Prolonged,Regular
377,2018-05-01,2018,5,0.0,0.0,False,Dry,False,2018,0,0.0,916.5,4,7,Prolonged,Regular
378,2018-06-01,2018,6,0.0,0.0,False,Dry,False,2018,0,0.0,916.5,4,7,Prolonged,Regular
379,2018-07-01,2018,7,0.0,0.0,False,Dry,False,2018,0,0.0,916.5,4,7,Prolonged,Regular
380,2018-08-01,2018,8,0.0,0.0,False,Dry,False,2018,0,0.0,916.5,4,7,Prolonged,Regular
381,2018-09-01,2018,9,0.0,0.0,False,Dry,False,2018,0,0.0,916.5,4,7,Prolonged,Regular
382,2018-10-01,2018,10,0.0,0.0,False,Dry,False,2018,0,0.0,916.5,4,7,Prolonged,Regular
383,2018-11-01,2018,11,24.4,12.2,True,Wet,True,2019,2,8.6,728.0,7,8,Prolonged,Regular
384,2018-12-01,2018,12,131.8,78.1,True,Wet,False,2019,2,8.6,728.0,7,8,Prolonged,Regular
385,2019-01-01,2019,1,293.6,212.7,True,Wet,False,2019,2,8.6,728.0,7,8,Prolonged,Regular
386,2019-02-01,2019,2,166.4,230.0,True,Wet,False,2019,2,8.6,728.0,7,8,Prolonged,Regular
387,2019-03-01,2019,3,111.8,139.1,True,Wet,False,2019,2,8.6,728.0,7,8,Prolonged,Regular
388,2019-04-01,2019,4,0.0,0.0,False,Dry,True,2019,2,8.6,728.0,7,8,Prolonged,Regular
389,2019-05-01,2019,5,0.0,0.0,False,Dry,False,2019,2,8.6,728.0,7,8,Prolonged,Regular
390,2019-06-01,2019,6,5.6,2.8,False,Dry,False,2019,2,8.6,728.0,7,8,Prolonged,Regular
391,2019-07-01,2019,7,0.0,0.0,False,Dry,False,2019,2,8.6,728.0,7,8,Prolonged,Regular
392,2019-08-01,2019,8,0.0,0.0,False,Dry,False,2019,2,8.6,728.0,7,8,Prolonged,Regular
393,2019-09-01,2019,9,0.0,0.0,False,Dry,False,2019,2,8.6,728.0,7,8,Prolonged,Regular
394,2019-10-01,2019,10,0.0,0.0,False,Dry,False,2019,2,8.6,728.0,7,8,Prolonged,Regular
395,2019-11-01,2019,11,3.0,1.5,False,Dry,False,2019,2,8.6,728.0,7,8,Prolonged,Regular
396,2019-12-01,2019,12,23.8,13.4,True,Wet,True,2020,0,0.0,565.4,4,4,Regular,Regular
397,2020-01-01,2020,1,229.4,126.6,True,Wet,False,2020,0,0.0,565.4,4,4,Regular,Regular
398,2020-02-01,2020,2,237.2,233.3,True,Wet,False,2020,0,0.0,565.4,4,4,Regular,Regular
399,2020-03-01,2020,3,39.2,138.2,True,Wet,False,2020,0,0.0,565.4,4,4,Regular,Regular
400,2020-04-01,2020,4,2.6,20.9,True,Wet,False,2020,0,0.0,565.4,4,4,Regular,Regular
401,2020-05-01,2020,5,33.2,17.9,True,Wet,False,2020,0,0.0,565.4,4,4,Regular,Regular
402,2020-06-01,2020,6,0.0,0.0,False,Dry,True,2020,0,0.0,565.4,4,4,Regular,Regular
403,2020-07-01,2020,7,0.0,0.0,False,Dry,False,2020,0,0.0,565.4,4,4,Regular,Regular
404,2020-08-01,2020,8,0.0,0.0,False,Dry,False,2020,0,0.0,565.4,4,4,Regular,Regular
405,2020-09-01,2020,9,0.0,0.0,False,Dry,False,2020,0,0.0,565.4,4,4,Regular,Regular
406,2020-10-01,2020,10,19.0,9.5,False,Wet,True,2021,2,17.8,1211.6,5,5,Regular,Wet
407,2020-11-01,2020,11,47.6,33.3,True,Wet,False,2021,2,17.8,1211.6,5,5,Regular,Wet
408,2020-12-01,2020,12,332.2,189.9,True,Wet,False,2021,2,17.8,1211.6,5,5,Regular,Wet
409,2021-01-01,2021,1,229.8,281.0,True,Wet,False,2021,2,17.8,1211.6,5,5,Regular,Wet
410,2021-02-01,2021,2,338.0,283.9,True,Wet,False,2021,2,17.8,1211.6,5,5,Regular,Wet
411,2021-03-01,2021,3,63.6,200.8,True,Wet,False,2021,2,17.8,1211.6,5,5,Regular,Wet
412,2021-04-01,2021,4,181.4,122.5,True,Wet,False,2021,2,17.8,1211.6,5,5,Regular,Wet
413,2021-05-01,2021,5,0.0,0.0,False,Dry,True,2021,2,17.8,1211.6,5,5,Regular,Wet
414,2021-06-01,2021,6,0.0,0.0,False,Dry,False,2021,2,17.8,1211.6,5,5,Regular,Wet
415,2021-07-01,2021,7,4.6,2.3,False,Dry,False,2021,2,17.8,1211.6,5,5,Regular,Wet
416,2021-08-01,2021,8,0.0,2.3,False,Dry,False,2021,2,17.8,1211.6,5,5,Regular,Wet
417,2021-09-01,2021,9,13.2,6.6,False,Dry,False,2021,2,17.8,1211.6,5,5,Regular,Wet
418,2021-10-01,2021,10,8.0,10.6,False,Wet,True,2022,0,0.0,788.0,2,0,No dry,Regular
419,2021-11-01,2021,11,63.2,35.6,True,Wet,False,2022,0,0.0,788.0,2,0,No dry,Regular
420,2021-12-01,2021,12,154.0,108.6,True,Wet,False,2022,0,0.0,788.0,2,0,No dry,Regular
421,2022-01-01,2022,1,187.6,170.8,True,Wet,False,2022,0,0.0,788.0,2,0,No dry,Regular
422,2022-02-01,2022,2,190.2,188.9,True,Wet,False,2022,0,0.0,788.0,2,0,No dry,Regular
423,2022-03-01,2022,3,0.0,95.1,True,Wet,False,2022,0,0.0,788.0,2,0,No dry,Regular
424,2022-04-01,2022,4,40.6,20.3,True,Wet,False,2022,0,0.0,788.0,2,0,No dry,Regular
425,2022-05-01,2022,5,92.8,66.7,True,Wet,False,2022,0,0.0,788.0,2,0,No dry,Regular
426,2022-06-01,2022,6,0.0,46.4,True,Wet,False,2022,0,0.0,788.0,2,0,No dry,Regular
427,2022-07-01,2022,7,26.6,13.3,True,Wet,False,2022,0,0.0,788.0,2,0,No dry,Regular
428,2022-08-01,2022,8,5.0,15.8,True,Wet,False,2022,0,0.0,788.0,2,0,No dry,Regular
429,2022-09-01,2022,9,10.2,7.6,False,Wet,False,2022,0,0.0,788.0,2,0,No dry,Regular
430,2022-10-01,2022,10,9.8,10.0,False,Wet,False,2022,0,0.0,788.0,2,0,No dry,Regular
431,2022-11-01,2022,11,95.0,52.4,True,Wet,False,2023,0,0.0,1067.2,3,6,Regular,Wet
432,2022-12-01,2022,12,200.6,147.8,True,Wet,False,2023,0,0.0,1067.2,3,6,Regular,Wet
433,2023-01-01,2023,1,321.6,261.1,True,Wet,False,2023,0,0.0,1067.2,3,6,Regular,Wet
434,2023-02-01,2023,2,418.2,369.9,True,Wet,False,2023,0,0.0,1067.2,3,6,Regular,Wet
435,2023-03-01,2023,3,29.8,224.0,True,Wet,False,2023,0,0.0,1067.2,3,6,Regular,Wet
436,2023-04-01,2023,4,2.0,15.9,True,Wet,False,2023,0,0.0,1067.2,3,6,Regular,Wet
437,2023-05-01,2023,5,0.0,0.0,False,Dry,True,2023,0,0.0,1067.2,3,6,Regular,Wet
438,2023-06-01,2023,6,0.0,0.0,False,Dry,False,2023,0,0.0,1067.2,3,6,Regular,Wet
439,2023-07-01,2023,7,0.0,0.0,False,Dry,False,2023,0,0.0,1067.2,3,6,Regular,Wet
440,2023-08-01,2023,8,0.0,0.0,False,Dry,False,2023,0,0.0,1067.2,3,6,Regular,Wet
441,2023-09-01,2023,9,0.0,0.0,False,Dry,False,2023,0,0.0,1067.2,3,6,Regular,Wet
442,2023-10-01,2023,10,0.0,0.0,False,Dry,False,2023,0,0.0,1067.2,3,6,Regular,Wet
