Year,Month,Rainfall_mm
1986,12,26.5
1987,1,214.5
1987,2,220.5
1987,3,149.5
1987,4,2.5
1987,5,29
1987,6,0
1987,7,0
1987,8,0
1987,9,0
1987,10,13
1987,11,11.5
1987,12,99
1988,1,43
1988,6,17.5
1988,7,7.5
1988,8,25
1988,9,0
1988,10,0
1988,11,14
1988,12,178
1989,1,56.5
1989,2,139
1989,3,222
1989,4,0
1989,5,51
1989,6,4.5
1989,7,40
1989,8,0
1989,9,0
1989,10,9
1989,11,217
1989,12,44
1990,1,85
1990,2,76.5
1990,3,60.5
1990,4,98
1990,5,13
1990,6,47
1990,7,0
1990,8,0
1990,10,0
1990,11,19.5
1991,1,724.5
1991,2,216
1991,3,0
1991,4,0
1991,6,0
1991,7,0
1991,8,0
1991,9,0
1991,11,18.5
1991,12,19
1992,1,58
1992,2,328.5
1992,3,6
1992,4,0
1992,5,16
1992,6,0
1992,7,0
1992,8,0
1992,9,0
1992,10,0
1992,11,38
1992,12,75.5
1993,1,207.3
1993,2,126.4
1993,3,125.8
1993,4,0
1993,5,0
1993,6,0
1993,7,31.6
1993,8,0
1993,9,0
1993,10,0
1993,11,58
1993,12,34.6
1994,1,97
1994,2,232
1994,3,94
1994,4,0
1994,5,0
1994,6,0
1994,7,0
1994,8,0
1994,9,0
1994,10,21.2
1994,11,40.2
1994,12,12.6
1995,1,142.2
1995,2,410.7
1995,3,83.6
1995,4,0
1995,5,26.8
1995,6,0
1995,7,0
1995,8,19.8
1995,9,2.4
1995,10,21.8
1995,11,13.2
1995,12,33.6
1996,1,219.2
1996,2,38.4
1996,3,31
1996,4,10.6
1996,9,0
1996,10,33.8
1996,11,22.6
1996,12,104.1
1997,1,95.2
1997,2,106
1997,3,157.2
1997,4,0
1997,5,22
1997,6,4.2
1997,7,0
1997,8,0
1997,9,4
1997,10,0
1997,11,90.6
1997,12,287.4
1998,1,208.6
1998,2,77.8
1998,3,124.4
1998,4,40.8
1998,5,39.2
1998,6,6.2
1998,7,0
1998,8,0
1998,9,0
1998,10,45.8
1998,11,25.6
1998,12,170.2
1999,1,109
1999,2,49.15
1999,3,39.26
1999,4,30.4
1999,5,0
1999,6,0
1999,7,0
1999,8,0
1999,9,0
1999,10,0
1999,11,145.6
1999,12,179.2
2000,1,171
2000,2,361.2
2000,3,35.8
2000,4,145
2000,5,11.8
2000,6,69.4
2000,7,0
2000,8,0
2000,9,0
2000,10,61.2
2000,11,119.2
2001,1,327.8
2001,2,206.2
2001,3,160.4
2001,5,0
2001,6,2.4
2001,7,0
2001,8,0
2001,10,24.8
2001,11,24.2
2001,12,57.6
2002,1,254.6
2002,4,0
2002,5,0
2002,6,0
2002,8,21
2002,9,0
2002,10,0
2002,11,0
2002,12,81.6
2003,1,89.8
2003,2,187.68
2003,3,196.2
2003,4,3.4
2003,5,14.2
2003,6,13.8
2003,7,0
2003,8,0
2003,9,0
2003,10,3
2003,11,0
2003,12,125.6
2004,1,199.2
2004,2,111
2004,3,3.8
2004,4,30.4
2004,6,0
2004,7,0
2004,8,0
2004,9,0
2004,10,6
2004,11,25.1
2004,12,216
2005,2,90.4
2005,3,3.4
2005,6,6.2
2005,7,4.6
2005,8,6.8
2005,9,1
2005,10,38.4
2005,11,34.8
2005,12,70.8
2006,1,428.6
2006,2,72.8
2006,4,120.8
2006,6,0
2006,8,0
2006,9,4
2006,10,0
2006,11,16.2
2006,12,185.6
2007,1,289.5
2007,2,181.8
2007,3,80.2
2007,4,0
2007,5,0
2007,6,96.2
2007,7,0
2007,8,0
2007,9,2
2007,10,2
2007,11,69.4
2007,12,110.2
2008,1,167.2
2008,2,340.1
2008,3,17.8
2008,4,0
2008,5,0
2008,6,0
2008,7,78.5
2008,8,0
2008,9,6.6
2008,10,2.6
2008,11,66.4
2008,12,95.6
2009,1,608.2
2009,2,348.4
2009,3,49.8
2009,4,33.6
2009,5,3.6
2009,6,0
2009,7,0
2009,8,0
2009,9,0
2009,10,2.2
2009,11,4.4
2009,12,310.8
2010,1,274
2010,2,174.8
2010,3,15.8
2010,4,10
2010,5,0
2010,6,0
2010,7,0
2010,8,0
2010,9,77.6
2010,10,46.4
2010,11,96.4
2010,12,262.4
2011,1,338.4
2011,2,365.6
2011,3,413.4
2011,4,0
2011,5,0
2011,9,0
2011,10,5
2011,11,34.2
2011,12,80.4
2012,1,152.2
2012,2,166.8
2012,3,311.2
2012,4,0
2012,5,13.9
2012,6,0
2012,7,19.4
2012,8,0
2012,9,3
2012,10,4.6
2012,11,11.4
2012,12,25.8
2013,1,194.6
2013,2,70.8
2013,3,53.8
2013,4,52.8
2013,5,9
2013,6,0
2013,7,0
2013,8,0
2013,9,1
2013,10,0
2013,11,108.2
2013,12,36.4
2014,1,86.4
2014,2,304.8
2014,3,39.5
2014,4,23.6
2014,5,9.2
2014,6,14.4
2014,7,0.8
2014,8,0
2014,9,0
2014,10,0
2014,11,6.4
2014,12,99.8
2015,1,165.8
2015,2,84
2015,3,53.4
2015,4,5.2
2015,5,0
2015,6,0
2015,8,0
2015,9,2.4
2015,11,61
2015,12,132.4
2016,1,129.8
2016,2,87.8
2016,4,0
2016,6,0
2016,7,67.8
2016,8,0
2016,9,3.8
2016,10,0
2016,11,105.4
2016,12,145.8
2017,1,595.4
2017,2,105
2017,3,45.6
2017,4,0
2017,5,198.2
2017,6,0
2017,7,0
2017,8,0
2017,9,0
2017,10,91.2
2017,11,13
2017,12,21.1
2018,1,140
2018,2,168.4
2018,3,482.8
2018,4,0
2018,5,0
2018,6,0
2018,7,0
2018,8,0
2018,9,0
2018,10,0
2018,11,24.4
2018,12,131.8
2019,1,293.6
2019,2,166.4
2019,3,111.8
2019,4,0
2019,5,0
2019,6,5.6
2019,7,0
2019,8,0
2019,9,0
2019,10,0
2019,11,3
2019,12,23.8
2020,1,229.4
2020,2,237.2
2020,3,39.2
2020,4,2.6
2020,5,33.2
2020,6,0
2020,7,0
2020,8,0
2020,9,0
2020,10,19
2020,11,47.6
2020,12,332.2
2021,1,229.8
2021,2,338
2021,3,63.6
2021,4,181.4
2021,5,0
2021,6,0
2021,7,4.6
2021,12,154
2022,1,187.6
2022,2,190.2
2022,3,0
2022,4,40.6
2022,5,92.8
2022,6,0
2022,7,26.6
2022,8,5
2022,9,10.2
2022,10,9.8
2022,11,95
2022,12,200.6
2023,1,321.6
2023,2,418.2
2023,3,29.8
2023,4,2
2023,5,0
2023,6,0
2023,7,0
2023,8,0
2023,9,0
2023,10,0
