family,truth_seasonal,variant,n_years,seasonal,n,rate,wilson_upper,insufficient
all_zero,False,base,7,0,200,0.0,0.013347160654775625,0
all_zero,False,base,15,0,200,0.0,0.013347160654775625,0
all_zero,False,base,30,0,200,0.0,0.013347160654775625,0
all_zero,False,low_state_gap,7,0,200,0.0,0.013347160654775625,0
all_zero,False,low_state_gap,15,0,200,0.0,0.013347160654775625,0
all_zero,False,low_state_gap,30,0,200,0.0,0.013347160654775625,0
all_zero,False,missing_10,7,0,200,0.0,0.013347160654775625,28
all_zero,False,missing_10,15,0,200,0.0,0.013347160654775625,0
all_zero,False,missing_10,30,0,200,0.0,0.013347160654775625,0
all_zero,False,missing_25,7,0,200,0.0,0.013347160654775625,166
all_zero,False,missing_25,15,0,200,0.0,0.013347160654775625,6
all_zero,False,missing_25,30,0,200,0.0,0.013347160654775625,0
all_zero,False,pixel_rounded,7,0,200,0.0,0.013347160654775625,0
all_zero,False,pixel_rounded,15,0,200,0.0,0.013347160654775625,0
all_zero,False,pixel_rounded,30,0,200,0.0,0.013347160654775625,0
amplitude_curve,,base,7,126,200,0.63,0.6840701898989827,0
amplitude_curve,,base,15,143,200,0.715,0.7643611224058089,0
amplitude_curve,,base,30,175,200,0.875,0.9085291835173994,0
amplitude_curve,,low_state_gap,7,117,200,0.585,0.6408009287963643,0
amplitude_curve,,low_state_gap,15,126,200,0.63,0.6840701898989827,0
amplitude_curve,,low_state_gap,30,157,200,0.785,0.8288105213548203,0
amplitude_curve,,missing_10,7,108,200,0.54,0.5970484002717367,22
amplitude_curve,,missing_10,15,134,200,0.67,0.7221019828664477,0
amplitude_curve,,missing_10,30,165,200,0.825,0.8647735439341182,0
amplitude_curve,,missing_25,7,14,200,0.07,0.10576992148230563,176
amplitude_curve,,missing_25,15,119,200,0.595,0.6504589076546378,2
amplitude_curve,,missing_25,30,150,200,0.75,0.7968002898406995,0
amplitude_curve,,pixel_rounded,7,50,200,0.25,0.3034738701680874,0
amplitude_curve,,pixel_rounded,15,49,200,0.245,0.2982078935578222,0
amplitude_curve,,pixel_rounded,30,75,200,0.375,0.4326239517372156,0
annual_plus_strong_trend,True,base,7,114,200,0.57,0.626269387405366,0
annual_plus_strong_trend,True,base,15,200,200,1.0,1.0,0
annual_plus_strong_trend,True,base,30,200,200,1.0,1.0,0
annual_plus_strong_trend,True,low_state_gap,7,22,200,0.11,0.15172638854538492,0
annual_plus_strong_trend,True,low_state_gap,15,200,200,1.0,1.0,0
annual_plus_strong_trend,True,low_state_gap,30,200,200,1.0,1.0,0
annual_plus_strong_trend,True,missing_10,7,8,200,0.04,0.06959660781466326,22
annual_plus_strong_trend,True,missing_10,15,167,200,0.835,0.8736436356273547,0
annual_plus_strong_trend,True,missing_10,30,198,200,0.99,0.9966852424110841,0
annual_plus_strong_trend,True,missing_25,7,0,200,0.0,0.013347160654775625,178
annual_plus_strong_trend,True,missing_25,15,56,200,0.28,0.33489222090702764,1
annual_plus_strong_trend,True,missing_25,30,108,200,0.54,0.5970484002717367,0
annual_plus_strong_trend,True,pixel_rounded,7,2,200,0.01,0.029765459852764183,0
annual_plus_strong_trend,True,pixel_rounded,15,86,200,0.43,0.4881379898970347,0
annual_plus_strong_trend,True,pixel_rounded,30,142,200,0.71,0.7596950643010794,0
annual_plus_trend,True,base,7,190,200,0.95,0.9698793883289113,0
annual_plus_trend,True,base,15,200,200,1.0,1.0,0
annual_plus_trend,True,base,30,200,200,1.0,1.0,0
annual_plus_trend,True,low_state_gap,7,157,200,0.785,0.8288105213548203,0
annual_plus_trend,True,low_state_gap,15,200,200,1.0,1.0,0
annual_plus_trend,True,low_state_gap,30,200,200,1.0,1.0,0
annual_plus_trend,True,missing_10,7,134,200,0.67,0.7221019828664477,20
annual_plus_trend,True,missing_10,15,199,200,0.995,0.9988837473954739,0
annual_plus_trend,True,missing_10,30,200,200,1.0,1.0,0
annual_plus_trend,True,missing_25,7,9,200,0.045,0.07578075138664275,174
annual_plus_trend,True,missing_25,15,163,200,0.815,0.8558522172082379,1
annual_plus_trend,True,missing_25,30,198,200,0.99,0.9966852424110841,0
annual_plus_trend,True,pixel_rounded,7,31,200,0.155,0.2016683922080796,0
annual_plus_trend,True,pixel_rounded,15,61,200,0.305,0.36085716475963714,0
annual_plus_trend,True,pixel_rounded,30,183,200,0.915,0.9421527734109452,0
ar1_0_5,False,base,7,10,200,0.05,0.0818918329182094,0
ar1_0_5,False,base,15,8,200,0.04,0.06959660781466326,0
ar1_0_5,False,base,30,12,200,0.06,0.09393106606115849,0
ar1_0_5,False,low_state_gap,7,10,200,0.05,0.0818918329182094,0
ar1_0_5,False,low_state_gap,15,8,200,0.04,0.06959660781466326,0
ar1_0_5,False,low_state_gap,30,12,200,0.06,0.09393106606115849,0
ar1_0_5,False,missing_10,7,6,200,0.03,0.056955403794291926,25
ar1_0_5,False,missing_10,15,12,200,0.06,0.09393106606115849,0
ar1_0_5,False,missing_10,30,10,200,0.05,0.0818918329182094,0
ar1_0_5,False,missing_25,7,1,200,0.005,0.022097436443701837,176
ar1_0_5,False,missing_25,15,7,200,0.035,0.06332701108904513,5
ar1_0_5,False,missing_25,30,8,200,0.04,0.06959660781466326,0
ar1_0_5,False,pixel_rounded,7,0,200,0.0,0.013347160654775625,0
ar1_0_5,False,pixel_rounded,15,0,200,0.0,0.013347160654775625,0
ar1_0_5,False,pixel_rounded,30,0,200,0.0,0.013347160654775625,0
ar1_0_8,False,base,7,8,200,0.04,0.06959660781466326,0
ar1_0_8,False,base,15,23,200,0.115,0.1573517334500173,0
ar1_0_8,False,base,30,11,200,0.055,0.08793941565448947,0
ar1_0_8,False,low_state_gap,7,8,200,0.04,0.06959660781466326,0
ar1_0_8,False,low_state_gap,15,23,200,0.115,0.1573517334500173,0
ar1_0_8,False,low_state_gap,30,11,200,0.055,0.08793941565448947,0
ar1_0_8,False,missing_10,7,6,200,0.03,0.056955403794291926,26
ar1_0_8,False,missing_10,15,13,200,0.065,0.09987289462168297,0
ar1_0_8,False,missing_10,30,11,200,0.055,0.08793941565448947,0
ar1_0_8,False,missing_25,7,1,200,0.005,0.022097436443701837,178
ar1_0_8,False,missing_25,15,6,200,0.03,0.056955403794291926,1
ar1_0_8,False,missing_25,30,10,200,0.05,0.0818918329182094,0
ar1_0_8,False,pixel_rounded,7,0,200,0.0,0.013347160654775625,0
ar1_0_8,False,pixel_rounded,15,0,200,0.0,0.013347160654775625,0
ar1_0_8,False,pixel_rounded,30,0,200,0.0,0.013347160654775625,0
asymmetric,True,base,7,198,200,0.99,0.9966852424110841,0
asymmetric,True,base,15,200,200,1.0,1.0,0
asymmetric,True,base,30,200,200,1.0,1.0,0
asymmetric,True,low_state_gap,7,196,200,0.98,0.9909901829384595,0
asymmetric,True,low_state_gap,15,200,200,1.0,1.0,0
asymmetric,True,low_state_gap,30,200,200,1.0,1.0,0
asymmetric,True,missing_10,7,172,200,0.86,0.8955693451287187,24
asymmetric,True,missing_10,15,200,200,1.0,1.0,0
asymmetric,True,missing_10,30,200,200,1.0,1.0,0
asymmetric,True,missing_25,7,20,200,0.1,0.1404066262454887,179
asymmetric,True,missing_25,15,196,200,0.98,0.9909901829384595,2
asymmetric,True,missing_25,30,200,200,1.0,1.0,0
asymmetric,True,pixel_rounded,7,7,200,0.035,0.06332701108904513,0
asymmetric,True,pixel_rounded,15,28,200,0.14,0.18517930080015715,0
asymmetric,True,pixel_rounded,30,108,200,0.54,0.5970484002717367,0
events,False,base,7,9,200,0.045,0.07578075138664275,0
events,False,base,15,5,200,0.025,0.05045877652881325,0
events,False,base,30,6,200,0.03,0.056955403794291926,0
events,False,low_state_gap,7,9,200,0.045,0.07578075138664275,0
events,False,low_state_gap,15,5,200,0.025,0.05045877652881325,0
events,False,low_state_gap,30,6,200,0.03,0.056955403794291926,0
events,False,missing_10,7,6,200,0.03,0.056955403794291926,19
events,False,missing_10,15,4,200,0.02,0.043803457167044174,0
events,False,missing_10,30,6,200,0.03,0.056955403794291926,0
events,False,missing_25,7,0,200,0.0,0.013347160654775625,166
events,False,missing_25,15,6,200,0.03,0.056955403794291926,0
events,False,missing_25,30,3,200,0.015,0.03693651799236222,0
events,False,pixel_rounded,7,0,200,0.0,0.013347160654775625,0
events,False,pixel_rounded,15,0,200,0.0,0.013347160654775625,0
events,False,pixel_rounded,30,1,200,0.005,0.022097436443701837,0
narrow_pulse,True,base,7,130,200,0.65,0.7031385402405468,0
narrow_pulse,True,base,15,199,200,0.995,0.9988837473954739,0
narrow_pulse,True,base,30,200,200,1.0,1.0,0
narrow_pulse,True,low_state_gap,7,107,200,0.535,0.5921580011911675,0
narrow_pulse,True,low_state_gap,15,199,200,0.995,0.9988837473954739,0
narrow_pulse,True,low_state_gap,30,200,200,1.0,1.0,0
narrow_pulse,True,missing_10,7,109,200,0.545,0.6019330453959396,23
narrow_pulse,True,missing_10,15,198,200,0.99,0.9966852424110841,0
narrow_pulse,True,missing_10,30,200,200,1.0,1.0,0
narrow_pulse,True,missing_25,7,15,200,0.075,0.11162633170020006,180
narrow_pulse,True,missing_25,15,161,200,0.805,0.8468828170517047,4
narrow_pulse,True,missing_25,30,200,200,1.0,1.0,0
narrow_pulse,True,pixel_rounded,7,2,200,0.01,0.029765459852764183,0
narrow_pulse,True,pixel_rounded,15,18,200,0.09,0.1289847054875007,0
narrow_pulse,True,pixel_rounded,30,80,200,0.4,0.4579483188842489,0
phase_drift,,base,7,122,200,0.61,0.6649006432082706,0
phase_drift,,base,15,199,200,0.995,0.9988837473954739,0
phase_drift,,base,30,200,200,1.0,1.0,0
phase_drift,,low_state_gap,7,122,200,0.61,0.6649006432082706,0
phase_drift,,low_state_gap,15,199,200,0.995,0.9988837473954739,0
phase_drift,,low_state_gap,30,200,200,1.0,1.0,0
phase_drift,,missing_10,7,95,200,0.475,0.5330273487728567,25
phase_drift,,missing_10,15,196,200,0.98,0.9909901829384595,0
phase_drift,,missing_10,30,200,200,1.0,1.0,0
phase_drift,,missing_25,7,10,200,0.05,0.0818918329182094,179
phase_drift,,missing_25,15,143,200,0.715,0.7643611224058089,4
phase_drift,,missing_25,30,196,200,0.98,0.9909901829384595,0
phase_drift,,pixel_rounded,7,1,200,0.005,0.022097436443701837,0
phase_drift,,pixel_rounded,15,11,200,0.055,0.08793941565448947,0
phase_drift,,pixel_rounded,30,94,200,0.47,0.5280626906256881,0
sinusoid,True,base,7,200,200,1.0,1.0,0
sinusoid,True,base,15,200,200,1.0,1.0,0
sinusoid,True,base,30,200,200,1.0,1.0,0
sinusoid,True,low_state_gap,7,195,200,0.975,0.9877789739067763,0
sinusoid,True,low_state_gap,15,200,200,1.0,1.0,0
sinusoid,True,low_state_gap,30,200,200,1.0,1.0,0
sinusoid,True,missing_10,7,182,200,0.91,0.9380400337505846,18
sinusoid,True,missing_10,15,200,200,1.0,1.0,0
sinusoid,True,missing_10,30,200,200,1.0,1.0,0
sinusoid,True,missing_25,7,21,200,0.105,0.1460784793061732,179
sinusoid,True,missing_25,15,197,200,0.985,0.99398977215723,3
sinusoid,True,missing_25,30,200,200,1.0,1.0,0
sinusoid,True,pixel_rounded,7,16,200,0.08,0.11744565831696663,0
sinusoid,True,pixel_rounded,15,61,200,0.305,0.36085716475963714,0
sinusoid,True,pixel_rounded,30,168,200,0.84,0.8780583519640103,0
step,False,base,7,0,200,0.0,0.013347160654775625,0
step,False,base,15,0,200,0.0,0.013347160654775625,0
step,False,base,30,2,200,0.01,0.029765459852764183,0
step,False,low_state_gap,7,0,200,0.0,0.013347160654775625,0
step,False,low_state_gap,15,0,200,0.0,0.013347160654775625,0
step,False,low_state_gap,30,2,200,0.01,0.029765459852764183,0
step,False,missing_10,7,6,200,0.03,0.056955403794291926,28
step,False,missing_10,15,6,200,0.03,0.056955403794291926,0
step,False,missing_10,30,0,200,0.0,0.013347160654775625,0
step,False,missing_25,7,0,200,0.0,0.013347160654775625,175
step,False,missing_25,15,4,200,0.02,0.043803457167044174,3
step,False,missing_25,30,0,200,0.0,0.013347160654775625,0
step,False,pixel_rounded,7,0,200,0.0,0.013347160654775625,0
step,False,pixel_rounded,15,0,200,0.0,0.013347160654775625,0
step,False,pixel_rounded,30,0,200,0.0,0.013347160654775625,0
strong_trend,False,base,7,0,200,0.0,0.013347160654775625,0
strong_trend,False,base,15,0,200,0.0,0.013347160654775625,0
strong_trend,False,base,30,0,200,0.0,0.013347160654775625,0
strong_trend,False,low_state_gap,7,0,200,0.0,0.013347160654775625,0
strong_trend,False,low_state_gap,15,0,200,0.0,0.013347160654775625,0
strong_trend,False,low_state_gap,30,0,200,0.0,0.013347160654775625,0
strong_trend,False,missing_10,7,7,200,0.035,0.06332701108904513,26
strong_trend,False,missing_10,15,6,200,0.03,0.056955403794291926,0
strong_trend,False,missing_10,30,0,200,0.0,0.013347160654775625,0
strong_trend,False,missing_25,7,0,200,0.0,0.013347160654775625,176
strong_trend,False,missing_25,15,0,200,0.0,0.013347160654775625,1
strong_trend,False,missing_25,30,0,200,0.0,0.013347160654775625,0
strong_trend,False,pixel_rounded,7,0,200,0.0,0.013347160654775625,0
strong_trend,False,pixel_rounded,15,0,200,0.0,0.013347160654775625,0
strong_trend,False,pixel_rounded,30,0,200,0.0,0.013347160654775625,0
timing_jitter,True,base,7,180,200,0.9,0.9297288977216682,0
timing_jitter,True,base,15,200,200,1.0,1.0,0
timing_jitter,True,base,30,200,200,1.0,1.0,0
timing_jitter,True,low_state_gap,7,148,200,0.74,0.7875732012109257,0
timing_jitter,True,low_state_gap,15,200,200,1.0,1.0,0
timing_jitter,True,low_state_gap,30,200,200,1.0,1.0,0
timing_jitter,True,missing_10,7,156,200,0.78,0.824266331026492,21
timing_jitter,True,missing_10,15,200,200,1.0,1.0,0
timing_jitter,True,missing_10,30,200,200,1.0,1.0,0
timing_jitter,True,missing_25,7,19,200,0.095,0.13470928280274239,176
timing_jitter,True,missing_25,15,191,200,0.955,0.973634835190797,2
timing_jitter,True,missing_25,30,200,200,1.0,1.0,0
timing_jitter,True,pixel_rounded,7,9,200,0.045,0.07578075138664275,0
timing_jitter,True,pixel_rounded,15,33,200,0.165,0.21258623326605441,0
timing_jitter,True,pixel_rounded,30,128,200,0.64,0.693617228944223,0
trend,False,base,7,1,200,0.005,0.022097436443701837,0
trend,False,base,15,2,200,0.01,0.029765459852764183,0
trend,False,base,30,3,200,0.015,0.03693651799236222,0
trend,False,low_state_gap,7,1,200,0.005,0.022097436443701837,0
trend,False,low_state_gap,15,2,200,0.01,0.029765459852764183,0
trend,False,low_state_gap,30,3,200,0.015,0.03693651799236222,0
trend,False,missing_10,7,3,200,0.015,0.03693651799236222,31
trend,False,missing_10,15,2,200,0.01,0.029765459852764183,0
trend,False,missing_10,30,1,200,0.005,0.022097436443701837,0
trend,False,missing_25,7,0,200,0.0,0.013347160654775625,179
trend,False,missing_25,15,0,200,0.0,0.013347160654775625,1
trend,False,missing_25,30,2,200,0.01,0.029765459852764183,0
trend,False,pixel_rounded,7,0,200,0.0,0.013347160654775625,0
trend,False,pixel_rounded,15,0,200,0.0,0.013347160654775625,0
trend,False,pixel_rounded,30,2,200,0.01,0.029765459852764183,0
two_cycles,,base,7,120,200,0.6,0.6552788867532937,0
two_cycles,,base,15,199,200,0.995,0.9988837473954739,0
two_cycles,,base,30,200,200,1.0,1.0,0
two_cycles,,low_state_gap,7,120,200,0.6,0.6552788867532937,0
two_cycles,,low_state_gap,15,199,200,0.995,0.9988837473954739,0
two_cycles,,low_state_gap,30,200,200,1.0,1.0,0
two_cycles,,missing_10,7,94,200,0.47,0.5280626906256881,22
two_cycles,,missing_10,15,196,200,0.98,0.9909901829384595,0
two_cycles,,missing_10,30,200,200,1.0,1.0,0
two_cycles,,missing_25,7,11,200,0.055,0.08793941565448947,178
two_cycles,,missing_25,15,159,200,0.795,0.8378681078375347,5
two_cycles,,missing_25,30,199,200,0.995,0.9988837473954739,0
two_cycles,,pixel_rounded,7,13,200,0.065,0.09987289462168297,0
two_cycles,,pixel_rounded,15,35,200,0.175,0.2234491983597224,0
two_cycles,,pixel_rounded,30,150,200,0.75,0.7968002898406995,0
white_noise,False,base,7,2,200,0.01,0.029765459852764183,0
white_noise,False,base,15,1,200,0.005,0.022097436443701837,0
white_noise,False,base,30,2,200,0.01,0.029765459852764183,0
white_noise,False,low_state_gap,7,2,200,0.01,0.029765459852764183,0
white_noise,False,low_state_gap,15,1,200,0.005,0.022097436443701837,0
white_noise,False,low_state_gap,30,2,200,0.01,0.029765459852764183,0
white_noise,False,missing_10,7,0,200,0.0,0.013347160654775625,37
white_noise,False,missing_10,15,5,200,0.025,0.05045877652881325,0
white_noise,False,missing_10,30,3,200,0.015,0.03693651799236222,0
white_noise,False,missing_25,7,0,200,0.0,0.013347160654775625,176
white_noise,False,missing_25,15,4,200,0.02,0.043803457167044174,4
white_noise,False,missing_25,30,1,200,0.005,0.022097436443701837,0
white_noise,False,pixel_rounded,7,0,200,0.0,0.013347160654775625,0
white_noise,False,pixel_rounded,15,0,200,0.0,0.013347160654775625,0
white_noise,False,pixel_rounded,30,0,200,0.0,0.013347160654775625,0
zero_dominated_pulse,True,base,7,200,200,1.0,1.0,0
zero_dominated_pulse,True,base,15,200,200,1.0,1.0,0
zero_dominated_pulse,True,base,30,200,200,1.0,1.0,0
zero_dominated_pulse,True,low_state_gap,7,200,200,1.0,1.0,0
zero_dominated_pulse,True,low_state_gap,15,200,200,1.0,1.0,0
zero_dominated_pulse,True,low_state_gap,30,200,200,1.0,1.0,0
zero_dominated_pulse,True,missing_10,7,177,200,0.885,0.91707441974584,23
zero_dominated_pulse,True,missing_10,15,200,200,1.0,1.0,0
zero_dominated_pulse,True,missing_10,30,200,200,1.0,1.0,0
zero_dominated_pulse,True,missing_25,7,20,200,0.1,0.1404066262454887,180
zero_dominated_pulse,True,missing_25,15,197,200,0.985,0.99398977215723,3
zero_dominated_pulse,True,missing_25,30,200,200,1.0,1.0,0
zero_dominated_pulse,True,pixel_rounded,7,200,200,1.0,1.0,0
zero_dominated_pulse,True,pixel_rounded,15,200,200,1.0,1.0,0
zero_dominated_pulse,True,pixel_rounded,30,200,200,1.0,1.0,0
