date,extent_pct,invalid_pct,max_invalid_pct,baseline_extent_pct,usable_month,quality_state,hy_year,phase,phase_status,is_hy_peak,is_hy_mid_dry,is_hy_trough,in_wet_event,wet_event_id,in_low_spell,low_spell_id,regime,route,rainfall_mm,rain_anomaly_mm
2005-01-01,0.7144900900834145,2.3143246328936504,20.0,0.180236,True,usable,2005,recovery,provisional,True,False,False,True,1,False,,seasonal,per_year_detection,296.4277144273672,52.87917699553799
2005-02-01,0.29249374095038644,3.1990797253323944,20.0,0.180236,True,usable,2005,recession,provisional,False,False,False,True,1,False,,seasonal,per_year_detection,170.2899851264252,-40.297620228061476
2005-03-01,0.16026515360502508,3.5702412718676277,20.0,0.180236,True,usable,2005,recession,provisional,False,False,False,False,,False,,seasonal,per_year_detection,140.8296479920673,-14.643827466534418
2005-04-01,0.16333032349703935,1.9311570718353837,20.0,0.180236,True,usable,2005,recession,provisional,False,False,False,False,,False,,seasonal,per_year_detection,1.9302925136339992,-24.6674268715914
2005-05-01,0.1627170767459537,1.9336132214219675,20.0,0.180236,True,usable,2005,recession,provisional,False,False,False,False,,False,,seasonal,per_year_detection,0.0299950421417735,-0.2551809618244591
2005-06-01,0.16131796833869547,2.034552250346296,20.0,0.180236,True,usable,2005,recession,provisional,False,False,False,False,,False,,seasonal,per_year_detection,0.0281606346058361,0.021814576103115102
2005-07-01,0.14757424829367274,1.9271857757188309,20.0,0.180236,True,usable,2005,recession,provisional,False,True,False,False,,True,1,seasonal,per_year_detection,0.0344075359444499,0.0
2005-08-01,0.13186201426079044,1.9261789682526627,20.0,0.180236,True,usable,2005,recession,provisional,False,False,False,False,,True,1,seasonal,per_year_detection,0.1767476450173119,0.1420426375805452
2005-09-01,0.11877962834635046,2.063142621187046,20.0,0.180236,True,usable,2005,recession,provisional,False,False,False,False,,True,1,seasonal,per_year_detection,3.830441249380099,2.5382250867624703
2005-10-01,0.11937650599751097,2.333707321727629,20.0,0.180236,True,usable,2005,recession,provisional,False,False,False,False,,True,1,seasonal,per_year_detection,45.676499752106906,22.523252354982642
2005-11-01,0.1218057520813508,3.0200637644728574,20.0,0.180236,True,usable,2005,recession,provisional,False,False,False,False,,True,1,seasonal,per_year_detection,156.0244918195338,49.94199305899855
2005-12-01,0.1745680624755694,41.03283475525695,20.0,0.180236,True,low,2005,recession,provisional,False,False,False,False,,False,,seasonal,per_year_detection,232.94709965294973,0.0
2006-01-01,0.016761867043436893,60.98696414646746,20.0,0.180236,True,low,2005,recession,provisional,False,False,True,False,,False,,seasonal,per_year_detection,346.6839365394148,103.13539910758556
2006-02-01,0.19635081635562854,2.3293691660278157,20.0,0.180236,True,usable,2006,recovery,ok,False,False,False,False,,False,,seasonal,per_year_detection,130.33817550818029,-80.24942984630638
2006-03-01,0.12278220279394078,47.257731195567416,20.0,0.180236,True,low,2006,recovery,ok,False,False,False,False,,False,,seasonal,per_year_detection,364.41819533961313,208.94471988101142
2006-04-01,0.9383397513796209,3.2972829359295366,20.0,0.180236,True,usable,2006,recovery,ok,True,False,False,True,2,False,,seasonal,per_year_detection,265.4383738225085,238.8406544372831
2006-05-01,0.30602795594582355,1.9292076162023617,20.0,0.180236,True,usable,2006,recession,ok,False,False,False,True,2,False,,seasonal,per_year_detection,0.0368864650470771,-0.2482895389191555
2006-06-01,0.2549691919075856,1.925387670227782,20.0,0.180236,True,usable,2006,recession,ok,False,False,False,True,2,False,,seasonal,per_year_detection,0.0014377788795227,-0.0049082796231983
2006-07-01,0.21496120166631627,1.9344982907304618,20.0,0.180236,True,usable,2006,recession,ok,False,False,False,True,2,False,,seasonal,per_year_detection,0.9077838373821996,0.8733763014377497
2006-08-01,0.18318352216936315,1.9338089895403892,20.0,0.180236,True,usable,2006,recession,ok,False,True,False,False,,False,,seasonal,per_year_detection,0.0,-0.0347050074367667
2006-09-01,0.15580004865165312,1.945969644425873,20.0,0.180236,True,usable,2006,recession,ok,False,False,False,False,,False,,seasonal,per_year_detection,0.1441745166087529,-1.1480416460088756
2006-10-01,0.12574842533877242,1.9410441843707946,20.0,0.180236,True,usable,2006,recession,ok,False,False,False,False,,True,2,seasonal,per_year_detection,0.5056023797718969,-22.647645017352367
2006-11-01,0.12852209356390873,2.4457327485514804,20.0,0.180236,True,usable,2006,recession,ok,False,False,False,False,,True,2,seasonal,per_year_detection,37.42944967773904,-68.65304908279622
2006-12-01,0.1140192712165744,5.309608101838904,20.0,0.180236,True,usable,2006,recession,ok,False,False,True,False,,True,2,seasonal,per_year_detection,170.18269707486348,-62.76440257808625
2007-01-01,0.4099819138364696,49.861248112236,20.0,0.180236,True,low,2007,recovery,provisional,False,False,False,True,3,False,,seasonal,per_year_detection,225.30679226574105,-18.24174516608818
2007-02-01,0.1396572761352884,8.379260424241028,20.0,0.180236,True,usable,2007,recovery,provisional,False,False,False,False,,False,,seasonal,per_year_detection,126.87838373822493,-83.70922161626174
2007-03-01,0.43774238011263084,18.360899348865367,20.0,0.180236,True,usable,2007,recovery,provisional,True,False,False,True,4,False,,seasonal,per_year_detection,418.22766484878514,262.75418939018346
2007-04-01,0.29699340537458574,1.927649696806183,20.0,0.180236,True,usable,2007,recession,provisional,False,False,False,True,4,False,,seasonal,per_year_detection,2.1415468517599,-24.456172533465498
2007-05-01,0.21202951643445603,2.1357742382317038,20.0,0.180236,True,usable,2007,recession,provisional,False,False,False,True,4,False,,seasonal,per_year_detection,3.3626673277143326,3.0774913237481
2007-06-01,0.19508239144474307,8.698681608654596,20.0,0.180236,True,usable,2007,recession,provisional,False,False,False,False,,False,,seasonal,per_year_detection,18.56643529995024,18.560089241447518
2007-07-01,0.183283196954129,1.9261049382919149,20.0,0.180236,True,usable,2007,recession,provisional,False,False,False,False,,False,,seasonal,per_year_detection,0.0269707486365719,-0.007436787307878005
2007-08-01,0.14701946103455024,1.9319582405216973,20.0,0.180236,True,usable,2007,recession,provisional,False,True,False,False,,True,3,seasonal,per_year_detection,12.466831928606677,12.43212692116991
2007-09-01,0.13917419075195897,1.9263911874734725,20.0,0.180236,True,usable,2007,recession,provisional,False,False,False,False,,True,3,seasonal,per_year_detection,0.3206742687158257,-0.9715418939018028
2007-10-01,0.11278798710509237,9.325517962958697,20.0,0.180236,True,usable,2007,recession,provisional,False,False,False,False,,True,3,seasonal,per_year_detection,23.027169062964617,-0.1260783341596472
2007-11-01,0.13349586391298898,16.836176632196125,20.0,0.180236,True,usable,2007,recession,provisional,False,False,False,False,,True,3,seasonal,per_year_detection,89.46826970748617,-16.614229053049087
2007-12-01,0.15173681677562692,38.3130348664664,20.0,0.180236,True,low,2007,recession,provisional,False,False,False,False,,False,,seasonal,per_year_detection,274.7588001983141,41.811700545364346
2008-01-01,0.2693046347204301,20.368382955341836,20.0,0.180236,True,low,2007,recession,provisional,False,False,False,False,,False,,seasonal,per_year_detection,237.8044124938025,-5.744124938026744
2008-02-01,0.08067032490080203,39.18398419378082,20.0,0.180236,True,low,2007,recession,provisional,False,False,True,False,,False,,seasonal,per_year_detection,497.08914229053033,286.50153693604364
2008-03-01,1.084287751430856,2.143738216897914,20.0,0.180236,True,usable,2008,recovery,ok,True,False,False,True,5,False,,seasonal,per_year_detection,167.26202280614757,11.788547347545858
2008-04-01,0.30529664620553126,1.9259963610161517,20.0,0.180236,True,usable,2008,recession,ok,False,False,False,True,5,False,,seasonal,per_year_detection,8.693009419930451,-17.90470996529495
2008-05-01,0.26470237714335365,1.9232243502637112,20.0,0.180236,True,usable,2008,recession,ok,False,False,False,True,5,False,,seasonal,per_year_detection,0.0071393158155611,-0.2780366881506715
2008-06-01,0.22782100416365206,2.696873632502114,20.0,0.180236,True,usable,2008,recession,ok,False,True,False,True,5,False,,seasonal,per_year_detection,0.00019831432821,-0.006147744174511
2008-07-01,0.18543179351272543,1.9260111670083013,20.0,0.180236,True,usable,2008,recession,ok,False,False,False,False,,False,,seasonal,per_year_detection,0.1069905800693819,0.072583044124932
2008-08-01,0.14402737848683794,1.9243792176513748,20.0,0.180236,True,usable,2008,recession,ok,False,False,False,False,,True,4,seasonal,per_year_detection,0.0480416460089075,0.013336638572140798
2008-09-01,0.14297452838166477,1.9719327742152002,20.0,0.180236,True,usable,2008,recession,ok,False,False,False,False,,True,4,seasonal,per_year_detection,3.674219137332525,2.3820029747148963
2008-10-01,0.11195166118742948,2.2073990478101937,20.0,0.180236,True,usable,2008,recession,ok,False,False,True,False,,True,4,seasonal,per_year_detection,10.832721864154513,-12.320525532969752
2008-11-01,0.11484580061617326,6.237463437424942,20.0,0.180236,True,usable,2009,recovery,ok,False,False,False,False,,True,4,seasonal,per_year_detection,110.39776896380744,4.315270203272178
2008-12-01,0.1928763766511032,5.720823147359105,20.0,0.180236,True,usable,2009,recovery,ok,False,False,False,False,,False,,seasonal,per_year_detection,324.95151214675235,92.00441249380262
2009-01-01,0.49887105776099555,19.595312751907507,20.0,0.180236,True,usable,2009,recovery,ok,False,False,False,True,6,False,,seasonal,per_year_detection,351.2150223103618,107.66648487853257
2009-02-01,1.587771388693991,8.972103865680038,20.0,0.180236,True,usable,2009,recovery,ok,True,False,False,True,6,False,,seasonal,per_year_detection,385.34938026772414,174.76177491323747
2009-03-01,0.33897909873249377,1.9317953746080525,20.0,0.180236,True,usable,2009,recession,ok,False,False,False,True,6,False,,seasonal,per_year_detection,50.46588993554766,-105.00758552305405
2009-04-01,0.2361402148015503,1.9378921531531828,20.0,0.180236,True,usable,2009,recession,ok,False,False,False,True,6,False,,seasonal,per_year_detection,1.097768963807559,-25.49995042141784
2009-05-01,0.18642151229941656,1.9269159776396616,20.0,0.180236,True,usable,2009,recession,ok,False,False,False,False,,False,,seasonal,per_year_detection,0.0309370352007772,-0.25423896876545543
2009-06-01,0.1854796616905452,1.9238264606111255,20.0,0.180236,True,usable,2009,recession,ok,False,False,False,False,,False,,seasonal,per_year_detection,0.00019831432821,-0.006147744174511
2009-07-01,0.18369189147995094,1.9311603620558613,20.0,0.180236,True,usable,2009,recession,ok,False,True,False,False,,False,,seasonal,per_year_detection,0.0303916707981956,-0.004015865146254304
2009-08-01,0.15450292649014466,2.1694364839387887,20.0,0.180236,True,usable,2009,recession,ok,False,False,False,False,,False,,seasonal,per_year_detection,0.0347050074367667,0.0
2009-09-01,0.14025322154237405,1.947817103224087,20.0,0.180236,True,usable,2009,recession,ok,False,False,False,False,,True,5,seasonal,per_year_detection,1.820029747149096,0.5278135845314675
2009-10-01,0.11816687458810313,1.957635121129467,20.0,0.180236,True,usable,2009,recession,ok,False,False,False,False,,True,5,seasonal,per_year_detection,4.407089737233367,-18.746157659890898
2009-11-01,0.09753920291363906,4.051880196491967,20.0,0.180236,True,usable,2009,recession,ok,False,False,True,False,,True,5,seasonal,per_year_detection,27.90624690133844,-78.17625185919681
2009-12-01,0.12779743628303866,9.148959796795983,20.0,0.180236,True,usable,2010,recovery,provisional,False,False,False,False,,True,5,seasonal,per_year_detection,243.02578086266715,10.078681209717416
2010-01-01,0.760123932392482,47.85872451312962,20.0,0.180236,True,low,2010,recovery,provisional,True,False,False,True,7,False,,seasonal,per_year_detection,410.1252850768466,166.57674764501735
2010-02-01,0.47864666098870595,6.639299709473532,20.0,0.180236,True,usable,2010,recession,provisional,False,False,False,True,7,False,,seasonal,per_year_detection,207.0509667823499,-3.5366385721367806
2010-03-01,0.2702446558489255,4.0429768598793805,20.0,0.180236,True,usable,2010,recession,provisional,False,False,False,True,7,False,,seasonal,per_year_detection,40.32057511155163,-115.15290034705008
2010-04-01,0.23564689760482246,1.986720670152107,20.0,0.180236,True,usable,2010,recession,provisional,False,False,False,True,7,False,,seasonal,per_year_detection,77.4305404065442,50.83282102131879
2010-05-01,0.1966600470941533,7.975570112953269,20.0,0.180236,True,usable,2010,recession,provisional,False,False,False,False,,False,,seasonal,per_year_detection,54.66187407040141,54.376698066435175
2010-06-01,0.22964723232930226,8.387782095278205,20.0,0.180236,True,usable,2010,recession,provisional,False,True,False,False,,False,,seasonal,per_year_detection,0.0062469013386171,-9.91571641039005e-05
2010-07-01,0.13694697401733427,4.452961362940931,20.0,0.180236,True,usable,2010,recession,provisional,False,False,False,False,,False,,seasonal,per_year_detection,1.0533465542884566,1.0189390183440066
2010-08-01,0.19671617876904152,29.04529811042638,20.0,0.180236,True,low,2010,recession,provisional,False,False,False,False,,False,,seasonal,per_year_detection,3.020376797223446,2.9856717897866796
2010-09-01,0.13540906247040738,10.549169054818364,20.0,0.180236,True,usable,2010,recession,provisional,False,False,False,False,,False,,seasonal,per_year_detection,17.859742191373144,16.567526028755516
2010-10-01,0.1574899705434233,18.244826950853977,20.0,0.180236,True,usable,2010,recession,provisional,False,False,False,False,,False,,seasonal,per_year_detection,118.95805651958337,95.8048091224591
2010-11-01,0.12325976713475716,3.4593674222109625,20.0,0.180236,True,usable,2010,recession,provisional,False,False,True,False,,False,,seasonal,per_year_detection,75.6148735746156,-30.46762518591966
2010-12-01,0.16392706352304512,8.500205638779855,20.0,0.180236,True,usable,2011,recovery,provisional,False,False,False,False,,False,,seasonal,per_year_detection,363.19737233515104,130.2502726822013
2011-01-01,0.19122444574851016,81.18086506476799,20.0,0.180236,True,low,2011,recovery,provisional,False,False,False,False,,False,,seasonal,per_year_detection,369.7914724838868,126.24293505205759
2011-02-01,1.4356248401771976,45.53537151524524,20.0,0.180236,True,low,2011,recovery,provisional,False,False,False,True,8,False,,seasonal,per_year_detection,399.64600892414455,189.05840356965788
2011-03-01,5.2072032029114,87.22335990734739,20.0,0.180236,True,low,2011,recovery,provisional,True,False,False,True,8,False,,seasonal,per_year_detection,282.6009419930588,127.12746653445711
2011-04-01,0.6579768115802843,48.610745531058036,20.0,0.180236,True,low,2011,recession,provisional,False,False,False,True,8,False,,seasonal,per_year_detection,173.990728805156,147.39300941993062
2011-05-01,0.35288891359662233,2.226847541053726,20.0,0.180236,True,usable,2011,recession,provisional,False,False,False,True,8,False,,seasonal,per_year_detection,0.088993554784316,-0.1961824491819166
2011-06-01,0.2825236949641679,2.274090171782411,20.0,0.180236,True,usable,2011,recession,provisional,False,False,False,True,8,False,,seasonal,per_year_detection,0.120872583044095,0.11452652454137399
2011-07-01,0.2503613844619024,1.9332841993742,20.0,0.180236,True,usable,2011,recession,provisional,False,False,False,True,8,False,,seasonal,per_year_detection,0.0633118492810811,0.028904313336631203
2011-08-01,0.19667271859948385,1.9338139248711057,20.0,0.180236,True,usable,2011,recession,provisional,False,True,False,False,,False,,seasonal,per_year_detection,0.0340109072880393,-0.0006941001487274015
2011-09-01,0.1688816011096999,1.9284738970358404,20.0,0.180236,True,usable,2011,recession,provisional,False,False,False,False,,False,,seasonal,per_year_detection,0.3576103123450228,-0.9346058502726058
2011-10-01,0.1691311241411557,10.90707101282857,20.0,0.180236,True,usable,2011,recession,provisional,False,False,False,False,,False,,seasonal,per_year_detection,48.74075359444701,25.587506197322742
2011-11-01,0.09736258647976262,20.50760040930343,20.0,0.180236,True,low,2011,recession,provisional,False,False,False,False,,False,,seasonal,per_year_detection,135.853941497273,29.771442736737754
2011-12-01,0.8284133441302107,84.5700915668359,20.0,0.180236,True,low,2011,recession,provisional,False,False,False,True,9,False,,seasonal,per_year_detection,194.2986613782844,-38.648438274665324
2012-01-01,0.05821624126856786,46.749469451947974,20.0,0.180236,True,low,2011,recession,provisional,False,False,True,False,,False,,seasonal,per_year_detection,199.6396132870598,-43.90892414476943
2012-02-01,0.34364604671801274,14.913335592618061,20.0,0.180236,True,usable,2012,recovery,provisional,False,False,False,True,10,False,,seasonal,per_year_detection,175.1792265741198,-35.40837878036686
2012-03-01,1.0994226113282024,58.33635265899168,20.0,0.180236,True,low,2012,recovery,provisional,True,False,False,True,10,False,,seasonal,per_year_detection,316.1833415964301,160.7098661378284
2012-04-01,0.2722422468614347,10.14692808565102,20.0,0.180236,True,usable,2012,recession,provisional,False,False,False,True,10,False,,seasonal,per_year_detection,34.65334655428836,8.055627169062962
2012-05-01,0.1543242175639465,10.708943806324461,20.0,0.180236,True,usable,2012,recession,provisional,False,False,False,False,,False,,seasonal,per_year_detection,3.1860188398610534,2.900842835894821
2012-06-01,0.2509189382178228,4.075479302868085,20.0,0.180236,True,usable,2012,recession,provisional,False,False,False,False,,False,,seasonal,per_year_detection,0.5464551313831664,0.5401090728804454
2012-07-01,0.22434330024863275,6.167618637124874,20.0,0.180236,True,usable,2012,recession,provisional,False,True,False,False,,False,,seasonal,per_year_detection,0.0280614774417288,-0.0063460585027211025
2012-08-01,0.19065851527633604,8.12903257647295,20.0,0.180236,True,usable,2012,recession,provisional,False,False,False,False,,False,,seasonal,per_year_detection,0.0011898859692601,-0.033515121467506605
2012-09-01,0.15412322355147126,5.583193224777992,20.0,0.180236,True,usable,2012,recession,provisional,False,False,False,False,,False,,seasonal,per_year_detection,6.586762518591795,5.294546355974166
2012-10-01,0.19126520619723378,6.9272779018922055,20.0,0.180236,True,usable,2012,recession,provisional,False,False,False,False,,False,,seasonal,per_year_detection,7.120872583043955,-16.03237481408031
2012-11-01,0.12507192492917293,17.958837696714056,20.0,0.180236,True,usable,2012,recession,provisional,False,False,True,False,,False,,seasonal,per_year_detection,123.25240456122935,17.169905800694096
2012-12-01,0.15354667939213024,6.079369988582935,20.0,0.180236,True,usable,2013,recovery,ok,False,False,False,False,,False,,seasonal,per_year_detection,151.7620723847296,-81.18502726822013
2013-01-01,0.16797756664708308,39.163925364638686,20.0,0.180236,True,low,2013,recovery,ok,False,False,False,False,,False,,seasonal,per_year_detection,172.6079325731282,-70.94060485870102
2013-02-01,0.3338634082197203,57.973888810289175,20.0,0.180236,True,low,2013,recovery,ok,False,False,False,True,11,False,,seasonal,per_year_detection,193.2501239464549,-17.337481408031778
2013-03-01,0.24259054304203923,27.260371597500747,20.0,0.180236,True,low,2013,recovery,ok,False,False,False,True,11,False,,seasonal,per_year_detection,309.5946455131382,154.12117005453646
2013-04-01,0.4160011568588932,1.9354886470942418,20.0,0.180236,True,usable,2013,recovery,ok,True,False,False,True,11,False,,seasonal,per_year_detection,59.90872583044106,33.311006445215654
2013-05-01,0.20257991921828922,2.4464993699227784,20.0,0.180236,True,usable,2013,recession,ok,False,False,False,False,,False,,seasonal,per_year_detection,8.555974219137193,8.27079821517096
2013-06-01,0.22421455788669217,2.53024535174102,20.0,0.180236,True,usable,2013,recession,ok,False,False,False,False,,False,,seasonal,per_year_detection,0.0254338125929412,0.019087754090220198
2013-07-01,0.2120306056260259,1.929891982061718,20.0,0.180236,True,usable,2013,recession,ok,False,False,False,False,,False,,seasonal,per_year_detection,0.0216658403569494,-0.012741695587500504
2013-08-01,0.17109014376949885,1.926165807370752,20.0,0.180236,True,usable,2013,recession,ok,False,True,False,False,,False,,seasonal,per_year_detection,0.041100644521548,0.006395637084781296
2013-09-01,0.1429771662637106,2.0508322612698278,20.0,0.180236,True,usable,2013,recession,ok,False,False,False,False,,True,6,seasonal,per_year_detection,1.2922161626176285,0.0
2013-10-01,0.13357115011328602,2.2955555701787578,20.0,0.180236,True,usable,2013,recession,ok,False,False,False,False,,True,6,seasonal,per_year_detection,23.153247397124264,0.0
2013-11-01,0.09694534183025454,7.265287186894394,20.0,0.180236,True,usable,2013,recession,ok,False,False,True,False,,True,6,seasonal,per_year_detection,147.26440257808608,41.18190381755082
2013-12-01,0.18137379044297602,3.8269623697483968,20.0,0.180236,True,usable,2014,recovery,provisional,False,False,False,False,,False,,seasonal,per_year_detection,157.37654933068896,-75.57055032226077
2014-01-01,0.19156821310654756,4.7962037436128595,20.0,0.180236,True,usable,2014,recovery,provisional,False,False,False,False,,False,,seasonal,per_year_detection,347.68810114030725,104.13956370847802
2014-02-01,0.5550569139168234,22.652477042486616,20.0,0.180236,True,low,2014,recovery,provisional,True,False,False,True,12,False,,seasonal,per_year_detection,339.6873574615764,129.09975210708976
2014-03-01,0.27873218844404274,2.151738387989379,20.0,0.180236,True,usable,2014,recession,provisional,False,False,False,True,12,False,,seasonal,per_year_detection,77.01750123946437,-78.45597421913735
2014-04-01,0.16352117311530925,4.9229282304207205,20.0,0.180236,True,usable,2014,recession,provisional,False,False,False,False,,False,,seasonal,per_year_detection,20.49776896380747,-6.09995042141793
2014-05-01,0.19494115179625787,2.131962517808318,20.0,0.180236,True,usable,2014,recession,provisional,False,False,False,False,,False,,seasonal,per_year_detection,1.4786316311352596,1.193455627169027
2014-06-01,0.1991876226093535,1.9265063451901911,20.0,0.180236,True,usable,2014,recession,provisional,False,True,False,False,,False,,seasonal,per_year_detection,0.0008428358948926,-0.0055032226078284
2014-07-01,0.18607816420188988,1.9263089319615307,20.0,0.180236,True,usable,2014,recession,provisional,False,False,False,False,,False,,seasonal,per_year_detection,0.0304412493802459,-0.003966286564204002
2014-08-01,0.16044097843785102,1.926639599119537,20.0,0.180236,True,usable,2014,recession,provisional,False,False,False,False,,False,,seasonal,per_year_detection,0.0,-0.0347050074367667
2014-09-01,0.1404867375393526,1.9269505249546772,20.0,0.180236,True,usable,2014,recession,provisional,False,False,False,False,,True,7,seasonal,per_year_detection,0.0077838373822437,-1.2844323252353849
2014-10-01,0.12730039862674672,1.9359706643942212,20.0,0.180236,True,usable,2014,recession,provisional,False,False,True,False,,True,7,seasonal,per_year_detection,3.932275656916047,-19.220971740208217
2014-11-01,0.1329052668223266,3.728349526701784,20.0,0.180236,True,usable,2015,recovery,ok,False,False,False,False,,True,7,seasonal,per_year_detection,99.43351512146734,-6.648983639067922
2014-12-01,0.16283939514910217,23.733036445772232,20.0,0.180236,True,low,2015,recovery,ok,False,False,False,False,,False,,seasonal,per_year_detection,251.83589489340588,18.888795240456147
2015-01-01,0.6476532561200272,19.858018760837165,20.0,0.180236,True,usable,2015,recovery,ok,True,False,False,True,13,False,,seasonal,per_year_detection,324.452949925632,80.9044124938028
2015-02-01,0.28748574184953174,2.7906218845724853,20.0,0.180236,True,usable,2015,recession,ok,False,False,False,True,13,False,,seasonal,per_year_detection,139.9187902825977,-70.66881507188896
2015-03-01,0.20960310856221048,12.052266797398094,20.0,0.180236,True,usable,2015,recession,ok,False,False,False,False,,False,,seasonal,per_year_detection,136.9570649479423,-18.516410510659398
2015-04-01,0.21525395533189806,1.9287749522095476,20.0,0.180236,True,usable,2015,recession,ok,False,False,False,False,,False,,seasonal,per_year_detection,7.663708477937378,-18.93401090728802
2015-05-01,0.1865864265466055,1.9271923561597863,20.0,0.180236,True,usable,2015,recession,ok,False,False,False,False,,False,,seasonal,per_year_detection,4.7002478929101015,4.415071888943869
2015-06-01,0.17036859962339007,1.9337448302410745,20.0,0.180236,True,usable,2015,recession,ok,False,True,False,False,,False,,seasonal,per_year_detection,0.1539414972731513,0.1475954387704303
2015-07-01,0.16426924166350668,1.92686168900178,20.0,0.180236,True,usable,2015,recession,ok,False,False,False,False,,False,,seasonal,per_year_detection,0.0210708973723195,-0.013336638572130403
2015-08-01,0.149373390178081,1.9333022955868273,20.0,0.180236,True,usable,2015,recession,ok,False,False,False,False,,True,8,seasonal,per_year_detection,0.0,-0.0347050074367667
2015-09-01,0.1366188610860045,1.9765259220020333,20.0,0.180236,True,usable,2015,recession,ok,False,False,False,False,,True,8,seasonal,per_year_detection,0.040356965790754,-1.2518591968268744
2015-10-01,0.12852846339019114,1.9808229499458758,20.0,0.180236,True,usable,2015,recession,ok,False,False,True,False,,True,8,seasonal,per_year_detection,10.023648983638926,-13.129598413485338
2015-11-01,0.13097251775746838,2.1293155354340296,20.0,0.180236,True,usable,2016,recovery,ok,False,False,False,False,,True,8,seasonal,per_year_detection,87.40366881507171,-18.678829945463548
2015-12-01,0.3337508632302039,12.037230489815123,20.0,0.180236,True,usable,2016,recovery,ok,False,False,False,True,14,False,,seasonal,per_year_detection,496.9710461080811,264.0239464551314
2016-01-01,0.5638438177669607,5.80535549187151,20.0,0.180236,True,usable,2016,recovery,ok,True,False,False,True,14,False,,seasonal,per_year_detection,171.72206246901322,-71.82647496281601
2016-02-01,0.5075583849223205,2.5483974981163486,20.0,0.180236,True,usable,2016,recession,ok,False,False,False,True,14,False,,seasonal,per_year_detection,111.7097174020821,-98.87788795240456
2016-03-01,0.2744023420624549,4.262475693496222,20.0,0.180236,True,usable,2016,recession,ok,False,False,False,True,14,False,,seasonal,per_year_detection,155.4734754586017,0.0
2016-04-01,0.21088368629991097,1.9277747251843347,20.0,0.180236,True,usable,2016,recession,ok,False,False,False,False,,False,,seasonal,per_year_detection,4.365542885473319,-22.23217649975208
2016-05-01,0.1810169815873333,1.9288193701859961,20.0,0.180236,True,usable,2016,recession,ok,False,False,False,False,,False,,seasonal,per_year_detection,22.07927615270186,21.794100148735627
2016-06-01,0.18303592862966941,3.2047158730106506,20.0,0.180236,True,usable,2016,recession,ok,False,True,False,False,,False,,seasonal,per_year_detection,0.006346058502721,0.0
2016-07-01,0.16357767594564082,1.9265836653714166,20.0,0.180236,True,usable,2016,recession,ok,False,False,False,False,,False,,seasonal,per_year_detection,2.482399603371185,2.447992067426735
2016-08-01,0.1610819230152201,1.9257199824960272,20.0,0.180236,True,usable,2016,recession,ok,False,False,False,False,,False,,seasonal,per_year_detection,0.0924144769459185,0.0577094695091518
2016-09-01,0.14361498196900124,3.6336306595904992,20.0,0.180236,True,usable,2016,recession,ok,False,False,False,False,,True,9,seasonal,per_year_detection,38.10902330193338,36.81680713931575
2016-10-01,0.13418969872769418,2.0373209708782585,20.0,0.180236,True,usable,2016,recession,ok,False,False,False,False,,True,9,seasonal,per_year_detection,24.516460089241267,1.3632126921170027
2016-11-01,0.1275782362069293,3.855529709045803,20.0,0.180236,True,usable,2016,recession,ok,False,False,True,False,,True,9,seasonal,per_year_detection,77.44511650966764,-28.637382250867617
2016-12-01,0.24491383043420042,8.421098867835134,20.0,0.180236,True,usable,2017,recovery,provisional,False,False,False,False,,False,,seasonal,per_year_detection,279.01953396132853,46.0724343083788
2017-01-01,0.14993002465815336,64.34260078767878,20.0,0.180236,True,low,2017,recovery,provisional,False,False,False,False,,False,,seasonal,per_year_detection,400.3358453148238,156.78730788299458
2017-02-01,0.5090450615894012,9.916050024512142,20.0,0.180236,True,usable,2017,recovery,provisional,True,False,False,True,15,False,,seasonal,per_year_detection,294.05423896876533,83.46663361427866
2017-03-01,0.2569826521285955,10.672165721825019,20.0,0.180236,True,usable,2017,recession,provisional,False,False,False,True,15,False,,seasonal,per_year_detection,192.3599900842834,36.886514625681684
2017-04-01,0.2880933391390119,2.020884674482037,20.0,0.180236,True,usable,2017,recession,provisional,False,False,False,True,15,False,,seasonal,per_year_detection,28.90094199305883,2.3032226078334297
2017-05-01,0.18881671764455804,3.181462239784688,20.0,0.180236,True,usable,2017,recession,provisional,False,False,False,False,,False,,seasonal,per_year_detection,0.0265741199801581,-0.25860188398607453
2017-06-01,0.22168094281455822,2.9078886326172717,20.0,0.180236,True,usable,2017,recession,provisional,False,False,False,False,,False,,seasonal,per_year_detection,0.00019831432821,-0.006147744174511
2017-07-01,0.20976820525255693,1.9254320882042306,20.0,0.180236,True,usable,2017,recession,provisional,False,True,False,False,,False,,seasonal,per_year_detection,0.0287555775904608,-0.005651958353989104
2017-08-01,0.17602888471303227,1.9273321905300875,20.0,0.180236,True,usable,2017,recession,provisional,False,False,False,False,,False,,seasonal,per_year_detection,0.0052057511155133,-0.0294992563212534
2017-09-01,0.1509121970094724,2.2181465530005164,20.0,0.180236,True,usable,2017,recession,provisional,False,False,False,False,,False,,seasonal,per_year_detection,0.1530490827962046,-1.139167079821424
2017-10-01,0.13606180019319272,1.9572731968769228,20.0,0.180236,True,usable,2017,recession,provisional,False,False,False,False,,True,10,seasonal,per_year_detection,21.63445711452633,-1.5187902825979336
2017-11-01,0.09582812216151727,8.635622888089731,20.0,0.180236,True,usable,2017,recession,provisional,False,False,False,False,,True,10,seasonal,per_year_detection,156.9009419930588,50.81844323252355
2017-12-01,0.02505734929138568,15.943437819768302,20.0,0.180236,True,usable,2017,recession,provisional,False,False,True,False,,True,10,seasonal,per_year_detection,141.79672781358437,-91.15037183936536
2018-01-01,0.6385332783404684,36.79962721801988,20.0,0.180236,True,low,2018,recovery,ok,False,False,False,True,16,False,,seasonal,per_year_detection,505.2496777392165,261.7011403073873
2018-02-01,1.1352523474298117,11.289289345279027,20.0,0.180236,True,usable,2018,recovery,ok,True,False,False,True,16,False,,seasonal,per_year_detection,210.58760535448667,0.0
2018-03-01,0.29332436428493747,2.777181333921186,20.0,0.180236,True,usable,2018,recession,ok,False,False,False,True,16,False,,seasonal,per_year_detection,78.34293505205734,-77.13054040654437
2018-04-01,0.2942621751954717,2.189733854065561,20.0,0.180236,True,usable,2018,recession,ok,False,False,False,True,16,False,,seasonal,per_year_detection,9.887704511650863,-16.710014873574536
2018-05-01,0.24985178752912374,1.9288226604064738,20.0,0.180236,True,usable,2018,recession,ok,False,False,False,True,16,False,,seasonal,per_year_detection,0.0407040158651234,-0.2444719881011092
2018-06-01,0.2404086038759771,1.9285248954532443,20.0,0.180236,True,usable,2018,recession,ok,False,False,False,True,16,False,,seasonal,per_year_detection,0.0051065939514083,-0.0012394645513127004
2018-07-01,0.2163478127374521,1.9273223198686544,20.0,0.180236,True,usable,2018,recession,ok,False,True,False,True,16,False,,seasonal,per_year_detection,0.0262766484878372,-0.008130887456612702
2018-08-01,0.17800968763879224,1.9271923561597863,20.0,0.180236,True,usable,2018,recession,ok,False,False,False,False,,False,,seasonal,per_year_detection,0.0149231531978112,-0.019781854238955503
2018-09-01,0.15521799480806422,1.9778469455238195,20.0,0.180236,True,usable,2018,recession,ok,False,False,False,False,,False,,seasonal,per_year_detection,0.6860684184431963,-0.6061477441744322
2018-10-01,0.14179738118942228,1.963309106343216,20.0,0.180236,True,usable,2018,recession,ok,False,False,False,False,,True,11,seasonal,per_year_detection,26.5977193852254,3.444471988101135
2018-11-01,0.12888737165616548,4.1300722861438945,20.0,0.180236,True,usable,2018,recession,ok,False,False,True,False,,True,11,seasonal,per_year_detection,147.72860684184414,41.64610808130888
2018-12-01,0.1413574473943019,4.671262556303898,20.0,0.180236,True,usable,2019,recovery,ok,False,False,False,False,,True,11,seasonal,per_year_detection,104.52736737729283,-128.41973227565688
2019-01-01,0.1703520013150755,27.083892396629498,20.0,0.180236,True,low,2019,recovery,ok,False,False,False,False,,False,,seasonal,per_year_detection,217.93832424392644,-25.610213187902787
2019-02-01,0.1910070232393821,11.082046582941523,20.0,0.180236,True,usable,2019,recovery,ok,False,False,False,False,,False,,seasonal,per_year_detection,108.78705999008412,-101.80054536440255
2019-03-01,0.16840218370184137,2.3331035662699757,20.0,0.180236,True,usable,2019,recovery,ok,False,False,False,False,,False,,seasonal,per_year_detection,102.78239960337116,-52.69107585523055
2019-04-01,0.19394112602546243,1.9360858221109396,20.0,0.180236,True,usable,2019,recovery,ok,True,False,False,False,,False,,seasonal,per_year_detection,60.697917699553614,34.10019831432821
2019-05-01,0.15484867902715058,1.9310452043391428,20.0,0.180236,True,usable,2019,recession,ok,False,False,False,False,,False,,seasonal,per_year_detection,7.962270699057838,7.677094695091605
2019-06-01,0.1618792547739987,1.9321572988605966,20.0,0.180236,True,usable,2019,recession,ok,False,False,False,False,,False,,seasonal,per_year_detection,0.0041150223103581,-0.0022310361923629004
2019-07-01,0.14727013554891225,1.9268551085608248,20.0,0.180236,True,usable,2019,recession,ok,False,False,False,False,,True,12,seasonal,per_year_detection,0.0241943480416296,-0.010213187902820303
2019-08-01,0.13560067458453004,1.981762307892252,20.0,0.180236,True,usable,2019,recession,ok,False,True,False,False,,True,12,seasonal,per_year_detection,0.0087258304412414,-0.0259791769955253
2019-09-01,0.13532476358130086,1.9241489022179377,20.0,0.180236,True,usable,2019,recession,ok,False,False,False,False,,True,12,seasonal,per_year_detection,0.0262270699057806,-1.265989092711848
2019-10-01,0.12549537460264482,1.9255307948185607,20.0,0.180236,True,usable,2019,recession,ok,False,False,False,False,,True,12,seasonal,per_year_detection,10.904362915220457,-12.248884481903808
2019-11-01,0.11730773451391897,2.030538181363533,20.0,0.180236,True,usable,2019,recession,ok,False,False,True,False,,True,12,seasonal,per_year_detection,48.6665840356964,-57.415914724838856
2019-12-01,0.11779047092200413,2.4096966087697536,20.0,0.180236,True,usable,2020,recovery,provisional,False,False,False,False,,True,12,seasonal,per_year_detection,53.96390679226556,-178.98319286068417
2020-01-01,0.5116385044371546,8.302295586827274,20.0,0.180236,True,usable,2020,recovery,provisional,True,False,False,True,17,False,,seasonal,per_year_detection,214.2541398116012,-29.29439762022804
2020-02-01,0.2443656716603915,33.99649920541175,20.0,0.180236,True,low,2020,recession,provisional,False,False,False,True,17,False,,seasonal,per_year_detection,238.5525037183935,27.964898363906826
2020-03-01,0.2124090012594287,1.985325616669573,20.0,0.180236,True,usable,2020,recession,provisional,False,False,False,True,17,False,,seasonal,per_year_detection,77.43118492811088,-78.04229053049083
2020-04-01,0.17515076716167355,2.2997588268389864,20.0,0.180236,True,usable,2020,recession,provisional,False,False,False,False,,False,,seasonal,per_year_detection,37.76772434308361,11.170004957858207
2020-05-01,0.15968962279642335,1.929811371660015,20.0,0.180236,True,usable,2020,recession,provisional,False,False,False,False,,False,,seasonal,per_year_detection,4.670252850768285,4.385076846802052
2020-06-01,0.15049094740373425,1.9236685300281973,20.0,0.180236,True,usable,2020,recession,provisional,False,False,False,False,,False,,seasonal,per_year_detection,0.0002478929102625,-0.0060981655924585
2020-07-01,0.15018528471043854,1.9245157618011983,20.0,0.180236,True,usable,2020,recession,provisional,False,True,False,False,,False,,seasonal,per_year_detection,0.0446703024293182,0.010262766484868298
2020-08-01,0.14414427833482846,1.9240271640602638,20.0,0.180236,True,usable,2020,recession,provisional,False,False,False,False,,True,13,seasonal,per_year_detection,0.0030738720872555,-0.0316311353495112
2020-09-01,0.13139898178202974,1.9336428334062665,20.0,0.180236,True,usable,2020,recession,provisional,False,False,False,False,,True,13,seasonal,per_year_detection,9.239067922657236,7.946851760039608
2020-10-01,0.1322447464755371,4.27255034859886,20.0,0.180236,True,usable,2020,recession,provisional,False,False,False,False,,True,13,seasonal,per_year_detection,58.8328210213186,35.67957362419433
2020-11-01,0.12871238222898537,2.1157713428376836,20.0,0.180236,True,usable,2020,recession,provisional,False,False,False,False,,True,13,seasonal,per_year_detection,57.58458106098147,-48.49791769955379
2020-12-01,0.22384948989968448,15.067729188532924,20.0,0.180236,True,usable,2020,recession,provisional,False,False,False,False,,False,,seasonal,per_year_detection,338.7468021814574,105.79970252850765
2021-01-01,0.08929691632023187,24.2762584270772,20.0,0.180236,True,low,2020,recession,provisional,False,False,True,False,,False,,seasonal,per_year_detection,220.56306395637068,-22.985473475458548
2021-02-01,2.7687761996866587,81.05510461256009,20.0,0.180236,True,low,2021,recovery,provisional,True,False,False,True,18,False,,seasonal,per_year_detection,413.77253346554266,203.184928111056
2021-03-01,0.5011214925537346,5.97798842500436,20.0,0.180236,True,usable,2021,recession,provisional,False,False,False,True,18,False,,seasonal,per_year_detection,183.0012394645512,27.52776400594948
2021-04-01,0.21413336697192117,2.123894897197061,20.0,0.180236,True,usable,2021,recession,provisional,False,False,False,True,18,False,,seasonal,per_year_detection,3.9419434804162887,-22.65577590480911
2021-05-01,0.2138393938438355,1.9224100206954868,20.0,0.180236,True,usable,2021,recession,provisional,False,False,False,True,18,False,,seasonal,per_year_detection,0.0097174020822916,-0.275458601883941
2021-06-01,0.22782824012438316,1.9222800569866187,20.0,0.180236,True,usable,2021,recession,provisional,False,False,False,True,18,False,,seasonal,per_year_detection,0.2805156172532844,0.27416955875056337
2021-07-01,0.2000939479257228,2.3838848291223993,20.0,0.180236,True,usable,2021,recession,provisional,False,True,False,False,,False,,seasonal,per_year_detection,0.0235498264749468,-0.010857709469503103
2021-08-01,0.16123808680576676,1.931941789419309,20.0,0.180236,True,usable,2021,recession,provisional,False,False,False,False,,False,,seasonal,per_year_detection,0.4269211700544297,0.392216162617663
2021-09-01,0.14592358827766058,2.1334546327949435,20.0,0.180236,True,usable,2021,recession,provisional,False,False,False,False,,True,14,seasonal,per_year_detection,1.109072880515512,-0.1831432821021166
2021-10-01,0.14504559709730291,2.683189605535467,20.0,0.180236,True,usable,2021,recession,provisional,False,False,False,False,,True,14,seasonal,per_year_detection,42.36271690629629,19.209469509172028
2021-11-01,0.12563752750184426,3.167827566125206,20.0,0.180236,True,usable,2021,recession,provisional,False,False,True,False,,True,14,seasonal,per_year_detection,74.06554288547329,-32.01695587506197
2021-12-01,0.16875037507819654,13.759369725365296,20.0,0.180236,True,usable,2022,recovery,ok,False,False,False,False,,False,,seasonal,per_year_detection,285.3071888943974,52.360089241447696
2022-01-01,0.19599337399868785,16.04030355574127,20.0,0.180236,True,usable,2022,recovery,ok,False,False,False,False,,False,,seasonal,per_year_detection,243.54853743182923,0.0
2022-02-01,0.26975331886008846,5.204395076514078,20.0,0.180236,True,usable,2022,recovery,ok,True,False,False,False,,False,,seasonal,per_year_detection,101.64546355974204,-108.94214179474463
2022-03-01,0.20551672813351157,2.054667013236557,20.0,0.180236,True,usable,2022,recession,ok,False,False,False,False,,False,,seasonal,per_year_detection,44.47382250867607,-110.99965294992563
2022-04-01,0.17367098499130057,2.029964037890179,20.0,0.180236,True,usable,2022,recession,ok,False,False,False,False,,False,,seasonal,per_year_detection,26.5977193852254,0.0
2022-05-01,0.15858726126632153,1.9535124748709412,20.0,0.180236,True,usable,2022,recession,ok,False,False,False,False,,False,,seasonal,per_year_detection,0.2851760039662326,0.0
2022-06-01,0.16383068428816053,1.952522118507161,20.0,0.180236,True,usable,2022,recession,ok,False,False,False,False,,False,,seasonal,per_year_detection,3.123648983638915,3.117302925136194
2022-07-01,0.17786761549976995,1.953370995390401,20.0,0.180236,True,usable,2022,recession,ok,False,True,False,False,,False,,seasonal,per_year_detection,21.707188894397444,21.672781358452994
2022-08-01,0.15121702066998952,1.9528922683108996,20.0,0.180236,True,usable,2022,recession,ok,False,False,False,False,,False,,seasonal,per_year_detection,0.096380763510135,0.061675756073368296
2022-09-01,0.13734816561975982,1.9532344512405777,20.0,0.180236,True,usable,2022,recession,ok,False,False,False,False,,True,15,seasonal,per_year_detection,8.742687159147081,7.450470996529453
2022-10-01,0.13789344619304106,1.95082600985092,20.0,0.180236,True,usable,2022,recession,ok,False,False,False,False,,True,15,seasonal,per_year_detection,60.13723351512129,36.98398611799702
2022-11-01,0.1331592918772832,3.2288035771277035,20.0,0.180236,True,usable,2022,recession,ok,False,False,False,False,,True,15,seasonal,per_year_detection,177.91888943976184,71.83639067922658
2022-12-01,0.13313527349733237,3.9811667779857927,20.0,0.180236,True,usable,2022,recession,ok,False,False,True,False,,True,15,seasonal,per_year_detection,254.675656916212,21.728557263262275
2023-01-01,0.49404864266668963,31.56216049037446,20.0,0.180236,True,low,2023,recovery,provisional,True,False,False,True,19,False,,seasonal,per_year_detection,218.23624194348025,-25.31229548834898
2023-02-01,0.4794603215351603,51.05331966795095,20.0,0.180236,True,low,2023,recession,provisional,False,False,False,True,19,False,,seasonal,per_year_detection,391.91819533961313,181.33058998512647
2023-03-01,0.304904550765285,2.799661765334895,20.0,0.180236,True,usable,2023,recession,provisional,False,False,False,True,19,False,,seasonal,per_year_detection,138.12057511155163,-17.35290034705008
2023-04-01,0.24305599707359452,2.579794427024555,20.0,0.180236,True,usable,2023,recession,provisional,False,False,False,True,19,False,,seasonal,per_year_detection,61.6160138820028,35.0182944967774
2023-05-01,0.19967085124035833,1.9537592414067666,20.0,0.180236,True,usable,2023,recession,provisional,False,False,False,False,,False,,seasonal,per_year_detection,0.1247397124441836,-0.16043629152204902
2023-06-01,0.20801552205389365,1.950837525622592,20.0,0.180236,True,usable,2023,recession,provisional,False,True,False,False,,False,,seasonal,per_year_detection,0.02117005453643,0.014823996033708998
2023-07-01,0.18367005925854363,1.9508523316147415,20.0,0.180236,True,usable,2023,recession,provisional,False,False,False,False,,False,,seasonal,per_year_detection,0.9326227069904688,0.8982151710460189
2023-08-01,0.1631828814739417,1.95344338024091,20.0,0.180236,True,usable,2023,recession,provisional,False,False,False,False,,False,,seasonal,per_year_detection,0.0104610808130792,-0.024243926623687503
2023-09-01,0.14627802035244677,1.9510925177096117,20.0,0.180236,True,usable,2023,recession,provisional,False,False,False,False,,True,16,seasonal,per_year_detection,0.0498264749627876,-1.2423896876548408
2023-10-01,0.13884287901968198,1.9601455593539323,20.0,0.180236,True,usable,2023,recession,provisional,False,False,False,False,,True,16,seasonal,per_year_detection,11.270451165096487,-11.882796232027777
2023-11-01,0.12716534513391334,3.588638539668543,20.0,0.180236,True,usable,2023,recession,provisional,False,False,True,False,,True,16,seasonal,per_year_detection,106.08249876053526,0.0
2023-12-01,0.142760872334076,6.060123843898779,20.0,0.180236,True,usable,2024,recovery,provisional,False,False,False,False,,True,16,seasonal,per_year_detection,116.84987605354468,-116.09722359940505
2024-01-01,0.1657848147551061,26.547732873579857,20.0,0.180236,True,low,2024,recovery,provisional,False,False,False,False,,False,,seasonal,per_year_detection,572.9106593951412,329.362121963312
2024-02-01,0.8125930362187056,16.021524622364943,20.0,0.180236,True,usable,2024,recovery,provisional,False,False,False,True,20,False,,seasonal,per_year_detection,257.745463559742,47.15785820525534
2024-03-01,1.2728859747306895,28.33113107909361,20.0,0.180236,True,low,2024,recovery,provisional,True,False,False,True,20,False,,seasonal,per_year_detection,321.86192364898346,166.38844819038175
2024-04-01,0.3598611311468376,1.959765538888761,20.0,0.180236,True,usable,2024,recession,provisional,False,False,False,True,20,False,,seasonal,per_year_detection,15.764352999504036,-10.833366385721364
2024-05-01,0.22342265854792134,1.9535684086190617,20.0,0.180236,True,usable,2024,recession,provisional,False,False,False,True,20,False,,seasonal,per_year_detection,0.0291522062468806,-0.256023797719352
2024-06-01,0.23384456396078607,1.9516831122853542,20.0,0.180236,True,usable,2024,recession,provisional,False,True,False,True,20,False,,seasonal,per_year_detection,0.0068418443232465,0.0004957858205254994
2024-07-01,0.19921517947419728,1.950807913638293,20.0,0.180236,True,usable,2024,recession,provisional,False,False,False,False,,False,,seasonal,per_year_detection,0.5756569162120982,0.5412493802676484
2024-08-01,0.18251193455033235,1.9506302417324985,20.0,0.180236,True,usable,2024,recession,provisional,False,False,False,False,,False,,seasonal,per_year_detection,0.0498264749627948,0.015121467526028096
2024-09-01,0.1481431414539679,2.301579963873379,20.0,0.180236,True,usable,2024,recession,provisional,False,False,True,False,,True,17,seasonal,per_year_detection,27.47357461576581,26.18135845314818
2024-10-01,0.1484891514547223,1.9697480678180246,20.0,0.180236,True,usable,2025,recovery,provisional,False,False,False,False,,True,17,seasonal,per_year_detection,61.81908775409005,38.66584035696579
2024-11-01,0.15036834416743444,2.3250852989658837,20.0,0.180236,True,usable,2025,recovery,provisional,False,False,False,False,,False,,seasonal,per_year_detection,113.280366881507,7.197868120971748
2024-12-01,0.18338736084177007,6.022207343114062,20.0,0.180236,True,usable,2025,recovery,provisional,False,False,False,False,,False,,seasonal,per_year_detection,188.83782845810595,-44.109271194843785
2025-01-01,0.34876989322173707,39.13085535861758,20.0,0.180236,True,low,2025,recovery,provisional,False,False,False,True,21,False,,seasonal,per_year_detection,204.7107089737232,-38.83782845810603
2025-02-01,0.4067364466514648,4.25038248813053,20.0,0.180236,True,usable,2025,recovery,provisional,True,False,False,True,21,False,,seasonal,per_year_detection,232.95984134853725,22.372235994050584
2025-03-01,0.3140963566945693,6.550264698237429,20.0,0.180236,True,usable,2025,recession,provisional,False,False,False,True,21,False,,seasonal,per_year_detection,192.75171046108065,37.27823500247894
2025-04-01,0.2917490145007284,5.435304394747492,20.0,0.180236,True,usable,2025,recession,provisional,False,False,False,True,21,False,,seasonal,per_year_detection,48.70520575111533,22.10748636588993
2025-05-01,0.1794556487379421,1.9528659465470781,20.0,0.180236,True,usable,2025,recession,provisional,False,False,False,False,,False,,seasonal,per_year_detection,32.409419930589806,32.12424392662357
2025-06-01,0.2006301929698559,1.9527376279484487,20.0,0.180236,True,usable,2025,recession,provisional,False,False,False,False,,False,,seasonal,per_year_detection,0.0002478929102625,-0.0060981655924585
2025-07-01,0.18881062472919766,2.166756599359723,20.0,0.180236,True,usable,2025,recession,provisional,False,True,False,False,,False,,seasonal,per_year_detection,0.1049082796231443,0.07050074367869438
2025-08-01,0.16764522916469937,1.9519759419078673,20.0,0.180236,True,usable,2025,recession,provisional,False,False,False,False,,False,,seasonal,per_year_detection,0.2145265245413506,0.17982151710458388
2025-09-01,0.14588354410602192,1.9520976800655412,20.0,0.180236,True,usable,2025,recession,provisional,False,False,False,False,,True,18,seasonal,per_year_detection,8.133118492810935,6.840902330193306
2025-10-01,0.1314993723050052,2.044789771362579,20.0,0.180236,True,usable,2025,recession,provisional,False,False,False,False,,True,18,seasonal,per_year_detection,76.5694100148734,53.41616261774914
2025-11-01,0.11168713982391153,41.629422467599554,20.0,0.180236,True,low,2025,recession,provisional,False,False,False,False,,True,18,seasonal,per_year_detection,123.6131879028258,17.53068914229054
2025-12-01,0.0811461680341347,11.607894555014132,20.0,0.180236,True,usable,2025,recession,provisional,False,False,True,False,,True,18,seasonal,per_year_detection,227.0791274169557,-5.867972235994017
