date,extent_pct,invalid_pct,max_invalid_pct,baseline_extent_pct,usable_month,quality_state,hy_year,confidence,phase,phase_status,is_hy_peak,is_hy_mid_dry,is_hy_trough,in_wet_event,wet_event_id,in_low_spell,low_spell_id,regime,route,rainfall_mm,rain_anomaly_mm
2005-01-01,0.03374953300400356,3.7952626255202273,20.0,0.073039,True,usable,2005,medium,rising,provisional,False,False,False,False,,False,,seasonal,per_year_detection,85.28669479606171,-101.0373277074543
2005-02-01,0.08430837702658184,2.87591352954053,20.0,0.073039,True,usable,2005,medium,rising,provisional,False,False,False,False,,False,,seasonal,per_year_detection,116.4359212376932,-2.261012658227841
2005-03-01,0.1193405802163906,5.260772627816955,20.0,0.073039,True,usable,2005,medium,rising,provisional,True,False,False,False,,False,,seasonal,per_year_detection,101.865316455696,14.2693952180028
2005-04-01,0.05956490464354107,4.1353315895427425,20.0,0.073039,True,usable,2005,medium,receding,provisional,False,False,False,False,,False,,seasonal,per_year_detection,1.0319831223627594,-7.186835443037903
2005-05-01,0.04878160267921009,2.780109497038824,20.0,0.073039,True,usable,2005,medium,receding,provisional,False,False,False,False,,True,1,seasonal,per_year_detection,0.0281856540084313,-0.7326300984528403
2005-06-01,0.04469802414740542,2.794684066296864,20.0,0.073039,True,usable,2005,medium,receding,provisional,False,True,False,False,,True,1,seasonal,per_year_detection,48.50914205344567,48.07699015471156
2005-07-01,0.03739269214225432,2.8011454062269956,20.0,0.073039,True,usable,2005,medium,receding,provisional,False,False,False,False,,True,1,seasonal,per_year_detection,0.071533052039353,0.01727144866385081
2005-08-01,0.03314900476212684,2.7838463762479146,20.0,0.073039,True,usable,2005,medium,receding,provisional,False,False,False,False,,True,1,seasonal,per_year_detection,4.57175808720098,4.561181434599016
2005-09-01,0.03242448495582534,2.7921021215238673,20.0,0.073039,True,usable,2005,medium,receding,provisional,False,False,False,False,,True,1,seasonal,per_year_detection,0.3147398030941922,0.0
2005-10-01,0.02487210109444671,2.799176094944939,20.0,0.073039,True,usable,2005,medium,receding,provisional,False,False,True,False,,True,1,seasonal,per_year_detection,2.042616033755195,-10.043234880449969
2005-11-01,0.028002823309308235,2.823308487004239,20.0,0.073039,True,usable,2006,medium,rising,provisional,False,False,False,False,,True,1,seasonal,per_year_detection,19.656146272854954,-19.194120956399438
2005-12-01,0.08307578165491161,29.118935314805977,20.0,0.073039,True,low,2006,medium,rising,provisional,False,False,False,False,,False,,seasonal,per_year_detection,170.8588748241911,57.34759493670886
2006-01-01,0.7029518145170444,58.41869930654516,20.0,0.073039,True,low,2006,medium,rising,provisional,True,False,False,True,1,False,,seasonal,per_year_detection,264.39454289732754,78.07052039381153
2006-02-01,0.2759548088178454,5.4798594333739885,20.0,0.073039,True,usable,2006,medium,receding,provisional,False,False,False,True,1,False,,seasonal,per_year_detection,128.17426160337533,9.477327707454293
2006-03-01,0.6101999769847499,8.974074701788618,20.0,0.073039,True,usable,2006,medium,receding,provisional,False,False,False,True,1,False,,seasonal,per_year_detection,116.92452883262992,29.328607594936713
2006-04-01,0.13188249827870901,2.795387391754742,20.0,0.073039,True,usable,2006,medium,receding,provisional,False,False,False,True,1,False,,seasonal,per_year_detection,12.77760900140629,4.558790436005628
2006-05-01,0.08900720287956347,2.8171044161231733,20.0,0.073039,True,usable,2006,medium,receding,provisional,False,False,False,False,,False,,seasonal,per_year_detection,0.7608157524612716,0.0
2006-06-01,0.06845899908929214,2.8029305572904764,20.0,0.073039,True,usable,2006,medium,receding,provisional,False,True,False,False,,False,,seasonal,per_year_detection,0.0001687763713078,-0.4319831223628055
2006-07-01,0.055282291968354325,2.788865898989397,20.0,0.073039,True,usable,2006,medium,receding,provisional,False,False,False,False,,False,,seasonal,per_year_detection,2.610886075949224,2.5566244725737217
2006-08-01,0.046308830045565685,2.780618482567551,20.0,0.073039,True,usable,2006,medium,receding,provisional,False,False,False,False,,True,2,seasonal,per_year_detection,0.0006469760900136,-0.0099296765119503
2006-09-01,0.03307894495976366,2.7849716969805183,20.0,0.073039,True,usable,2006,medium,receding,provisional,False,False,False,False,,True,2,seasonal,per_year_detection,0.2904641350210123,-0.02427566807317988
2006-10-01,0.01911905623212349,2.801037131123612,20.0,0.073039,True,usable,2006,medium,receding,provisional,False,False,True,False,,True,2,seasonal,per_year_detection,24.229507735583503,12.14365682137834
2006-11-01,0.026302733728016663,4.416365635658793,20.0,0.073039,True,usable,2007,medium,rising,provisional,False,False,False,False,,True,2,seasonal,per_year_detection,48.69541490857929,9.845147679324896
2006-12-01,0.027187617526025158,3.0853194303411753,20.0,0.073039,True,usable,2007,medium,rising,provisional,False,False,False,False,,True,2,seasonal,per_year_detection,84.94801687763696,-28.563263009845286
2007-01-01,0.1273648369494828,10.31258170952914,20.0,0.073039,True,usable,2007,medium,rising,provisional,False,False,False,False,,False,,seasonal,per_year_detection,161.32852320675087,-24.995499296765132
2007-02-01,0.09805301291466081,2.8618072269689185,20.0,0.073039,True,usable,2007,medium,rising,provisional,False,False,False,False,,False,,seasonal,per_year_detection,21.57859353023893,-97.1183403656821
2007-03-01,0.2858799995626491,34.4890815293205,20.0,0.073039,True,low,2007,medium,rising,provisional,True,False,False,True,2,False,,seasonal,per_year_detection,275.41907172995764,187.82315049226443
2007-04-01,0.24219360994471312,2.7728310039780273,20.0,0.073039,True,usable,2007,medium,receding,provisional,False,False,False,True,2,False,,seasonal,per_year_detection,0.1230098452883034,-8.095808720112359
2007-05-01,0.08987607976315287,2.771224460563718,20.0,0.073039,True,usable,2007,medium,receding,provisional,False,False,False,False,,False,,seasonal,per_year_detection,21.512742616033577,20.751926863572304
2007-06-01,0.06687114268551016,2.839307290314481,20.0,0.073039,True,usable,2007,medium,receding,provisional,False,True,False,False,,False,,seasonal,per_year_detection,31.43234880450053,31.00019690576642
2007-07-01,0.058767972913943034,2.7755054915744295,20.0,0.073039,True,usable,2007,medium,receding,provisional,False,False,False,False,,False,,seasonal,per_year_detection,0.0302109704641176,-0.0240506329113846
2007-08-01,0.0475254047521293,2.770985700079333,20.0,0.073039,True,usable,2007,medium,receding,provisional,False,False,False,False,,True,3,seasonal,per_year_detection,0.0006469760900136,-0.0099296765119503
2007-09-01,0.041177943751033556,2.7892249651442085,20.0,0.073039,True,usable,2007,medium,receding,provisional,False,False,False,False,,True,3,seasonal,per_year_detection,0.5628973277073713,0.24815752461317914
2007-10-01,0.02620454170383599,4.065263716229944,20.0,0.073039,True,usable,2007,medium,receding,provisional,False,False,True,False,,True,3,seasonal,per_year_detection,0.4092827004219025,-11.676568213783261
2007-11-01,0.03232922169595448,6.264143204022444,20.0,0.073039,True,usable,2008,medium,rising,provisional,False,False,False,False,,True,3,seasonal,per_year_detection,30.37679324894497,-8.473473980309421
2007-12-01,0.07527193966700543,20.542101607911196,20.0,0.073039,True,low,2008,medium,rising,provisional,False,False,False,False,,False,,seasonal,per_year_detection,112.9884388185652,-0.522841068917046
2008-01-01,0.09413520150486727,9.166958006898549,20.0,0.073039,True,usable,2008,medium,rising,provisional,False,False,False,False,,False,,seasonal,per_year_detection,135.16225035161725,-51.16177215189876
2008-02-01,0.2751062888417283,29.08542648387929,20.0,0.073039,True,low,2008,medium,rising,provisional,True,False,False,True,3,False,,seasonal,per_year_detection,231.3654289732769,112.66849507735586
2008-03-01,0.2015422400029433,2.9578472436703067,20.0,0.073039,True,usable,2008,medium,receding,provisional,False,False,False,True,3,False,,seasonal,per_year_detection,78.67428973277056,-8.921631504922644
2008-04-01,0.13589784342805644,2.77401555211761,20.0,0.073039,True,usable,2008,medium,receding,provisional,False,False,False,True,3,False,,seasonal,per_year_detection,3.598677918424616,-4.620140646976046
2008-05-01,0.07825075738375993,2.7748003152600837,20.0,0.073039,True,usable,2008,medium,receding,provisional,False,False,False,False,,False,,seasonal,per_year_detection,0.0025035161743999,-0.7583122362868717
2008-06-01,0.10048650500590049,8.837221449109194,20.0,0.073039,True,usable,2008,medium,receding,provisional,False,False,False,False,,False,,seasonal,per_year_detection,13.7057383966243,13.273586497890186
2008-07-01,0.056446664794548636,10.112574457873498,20.0,0.073039,True,usable,2008,medium,receding,provisional,False,True,False,False,,False,,seasonal,per_year_detection,0.0187060478199601,-0.0355555555555421
2008-08-01,0.039419219689064484,2.778811121226453,20.0,0.073039,True,usable,2008,medium,receding,provisional,False,False,False,False,,True,4,seasonal,per_year_detection,0.7680450070322744,0.7574683544303105
2008-09-01,0.03714444712943221,2.826720540903178,20.0,0.073039,True,usable,2008,medium,receding,provisional,False,False,False,False,,True,4,seasonal,per_year_detection,3.575274261603266,3.2605344585090736
2008-10-01,0.02839512330035867,2.7872741624268325,20.0,0.073039,True,usable,2008,medium,receding,provisional,False,False,False,False,,True,4,seasonal,per_year_detection,7.6961744022502,-4.3896765119549634
2008-11-01,0.024948181013192648,2.8062583972201174,20.0,0.073039,True,usable,2008,medium,receding,provisional,False,False,True,False,,True,4,seasonal,per_year_detection,36.744838255977314,-2.1054289732770783
2008-12-01,0.03911999912451731,4.01993716675445,20.0,0.073039,True,usable,2009,high,rising,ok,False,False,False,False,,True,4,seasonal,per_year_detection,175.63344585091403,62.12216596343178
2009-01-01,0.1997233191784742,4.673950255752272,20.0,0.073039,True,usable,2009,high,rising,ok,False,False,False,True,4,False,,seasonal,per_year_detection,286.23277074542875,99.90874824191275
2009-02-01,1.1675291954089002,7.186664667988462,20.0,0.073039,True,usable,2009,high,rising,ok,True,False,False,True,4,False,,seasonal,per_year_detection,157.89316455696184,39.1962306610408
2009-03-01,0.26018644104274125,2.777666366500934,20.0,0.073039,True,usable,2009,high,receding,ok,False,False,False,True,4,False,,seasonal,per_year_detection,46.68213783403639,-40.913783403656815
2009-04-01,0.14950234372351873,2.7777052344867643,20.0,0.073039,True,usable,2009,high,receding,ok,False,False,False,True,4,False,,seasonal,per_year_detection,0.7309985935301296,-7.4878199718705325
2009-05-01,0.09530439869203677,2.8626799057936267,20.0,0.073039,True,usable,2009,high,receding,ok,False,False,False,True,4,False,,seasonal,per_year_detection,0.6143741209563048,-0.1464416315049668
2009-06-01,0.049102676259173056,3.670244674526057,20.0,0.073039,True,usable,2009,high,receding,ok,False,False,False,False,,False,,seasonal,per_year_detection,0.4321518987341133,0.0
2009-07-01,0.0617420038422222,2.861667487305577,20.0,0.073039,True,usable,2009,high,receding,ok,False,True,False,False,,False,,seasonal,per_year_detection,0.0192686357243213,-0.0349929676511809
2009-08-01,0.05888083745290732,2.7795514638136924,20.0,0.073039,True,usable,2009,high,receding,ok,False,False,False,False,,False,,seasonal,per_year_detection,0.002559774964836,-0.0080168776371279
2009-09-01,0.03858889681742314,2.7828913343103756,20.0,0.073039,True,usable,2009,high,receding,ok,False,False,False,False,,True,5,seasonal,per_year_detection,0.047454289732741,-0.2672855133614512
2009-10-01,0.03736534750658616,2.799361180591749,20.0,0.073039,True,usable,2009,high,receding,ok,False,False,False,False,,True,5,seasonal,per_year_detection,5.533783403656679,-6.5520675105484845
2009-11-01,0.028368388170554433,2.7837371757162965,20.0,0.073039,True,usable,2009,high,receding,ok,False,False,True,False,,True,5,seasonal,per_year_detection,20.98112517580854,-17.869142053445852
2009-12-01,0.048890469925769904,5.366455606717135,20.0,0.073039,True,usable,2010,high,rising,ok,False,False,False,False,,True,5,seasonal,per_year_detection,97.39974683544284,-16.111533052039405
2010-01-01,0.1615174357272246,9.554455167916084,20.0,0.073039,True,usable,2010,high,rising,ok,True,False,False,True,5,False,,seasonal,per_year_detection,150.77097046413485,-35.55305203938116
2010-02-01,0.12179637249005801,2.7959889201068737,20.0,0.073039,True,usable,2010,high,receding,ok,False,False,False,True,5,False,,seasonal,per_year_detection,87.71735583684934,-30.9795780590717
2010-03-01,0.10121700883866794,9.678936370534506,20.0,0.073039,True,usable,2010,high,receding,ok,False,False,False,True,5,False,,seasonal,per_year_detection,33.654711673698834,-53.94120956399437
2010-04-01,0.08204390843886468,2.9553569162924807,20.0,0.073039,True,usable,2010,high,receding,ok,False,False,False,False,,False,,seasonal,per_year_detection,13.915836849507576,5.697018284106914
2010-05-01,0.06704675683999202,9.335392423493136,20.0,0.073039,True,usable,2010,high,receding,ok,False,True,False,False,,False,,seasonal,per_year_detection,59.11443037974665,58.35361462728538
2010-06-01,0.05129905591858473,4.758513111494983,20.0,0.073039,True,usable,2010,high,receding,ok,False,False,False,False,,False,,seasonal,per_year_detection,0.0420815752461188,-0.39007032348799453
2010-07-01,0.06862367038242552,14.84411873977182,20.0,0.073039,True,usable,2010,high,receding,ok,False,False,False,False,,False,,seasonal,per_year_detection,70.65206751054833,70.59780590717283
2010-08-01,0.045320531909621084,11.717796360664629,20.0,0.073039,True,usable,2010,high,receding,ok,False,False,True,False,,True,6,seasonal,per_year_detection,8.78042194092809,8.769845288326126
2010-09-01,0.03703579386604272,34.023266302283616,20.0,0.073039,True,low,2011,medium,rising,provisional,False,False,False,False,,True,6,seasonal,per_year_detection,22.71881856540067,22.40407876230648
2010-10-01,0.11809830011310886,30.779949434971464,20.0,0.073039,True,low,2011,medium,rising,provisional,False,False,False,False,,False,,seasonal,per_year_detection,82.90002812939503,70.81417721518986
2010-11-01,0.053108277480452507,2.9845828653519875,20.0,0.073039,True,usable,2011,medium,rising,provisional,False,False,False,False,,False,,seasonal,per_year_detection,21.71985935302373,-17.130407876230663
2010-12-01,0.04551695831818483,2.8662381773535457,20.0,0.073039,True,usable,2011,medium,rising,provisional,False,False,False,False,,False,,seasonal,per_year_detection,95.92838255977478,-17.58289732770747
2011-01-01,0.24633391253986076,6.901136742367869,20.0,0.073039,True,usable,2011,medium,rising,provisional,False,False,False,True,6,False,,seasonal,per_year_detection,245.8127426160336,59.4887201125176
2011-02-01,0.564473592127368,28.18275360467716,20.0,0.073039,True,low,2011,medium,rising,provisional,False,False,False,True,6,False,,seasonal,per_year_detection,255.5798312236285,136.88289732770747
2011-03-01,3.728342680952061,63.35971149293581,20.0,0.073039,True,low,2011,medium,rising,provisional,True,False,False,True,6,False,,seasonal,per_year_detection,268.3276511954992,180.73172995780598
2011-04-01,0.4141980197681991,4.524931323508037,20.0,0.073039,True,usable,2011,medium,receding,provisional,False,False,False,True,6,False,,seasonal,per_year_detection,80.91338959212358,72.69457102672291
2011-05-01,0.19661594753783707,4.742751217812658,20.0,0.073039,True,usable,2011,medium,receding,provisional,False,False,False,True,6,False,,seasonal,per_year_detection,0.047735583684928,-0.7130801687763436
2011-06-01,0.13472885120141517,2.7945193400712034,20.0,0.073039,True,usable,2011,medium,receding,provisional,False,True,False,True,6,False,,seasonal,per_year_detection,0.0324331926863404,-0.39971870604777293
2011-07-01,0.12479338579530888,10.58317322345218,20.0,0.073039,True,usable,2011,medium,receding,provisional,False,False,False,True,6,False,,seasonal,per_year_detection,0.0517862165963203,-0.0024753867791818956
2011-08-01,0.09780041046358819,3.4019732091857784,20.0,0.073039,True,usable,2011,medium,receding,provisional,False,False,False,True,6,False,,seasonal,per_year_detection,0.0125457102672179,0.001969057665254001
2011-09-01,0.05214257361924784,3.965381321500783,20.0,0.073039,True,usable,2011,medium,receding,provisional,False,False,True,False,,False,,seasonal,per_year_detection,0.1735302390997973,-0.14120956399439488
2011-10-01,0.06808106218984644,15.787072733717409,20.0,0.073039,True,usable,2012,medium,rising,provisional,False,False,False,False,,False,,seasonal,per_year_detection,27.597862165963253,15.51201125175809
2011-11-01,0.06965154429517094,9.36584734124746,20.0,0.073039,True,usable,2012,medium,rising,provisional,False,False,False,False,,False,,seasonal,per_year_detection,74.74621659634299,35.8959493670886
2011-12-01,0.0906619060501945,16.86428045243298,20.0,0.073039,True,usable,2012,medium,rising,provisional,False,False,False,False,,False,,seasonal,per_year_detection,113.51127988748225,0.0
2012-01-01,0.2064781354851089,30.303168808789334,20.0,0.073039,True,low,2012,medium,rising,provisional,False,False,False,True,7,False,,seasonal,per_year_detection,181.7653727144865,-4.558649789029516
2012-02-01,0.13473921802140712,12.380517729344854,20.0,0.073039,True,usable,2012,medium,rising,provisional,False,False,False,True,7,False,,seasonal,per_year_detection,103.49299578059052,-15.203938115330516
2012-03-01,0.3019034221144441,22.074247070200634,20.0,0.073039,True,low,2012,medium,rising,provisional,True,False,False,True,7,False,,seasonal,per_year_detection,213.4342616033753,125.83834036568209
2012-04-01,0.18328684159074274,7.910503168101762,20.0,0.073039,True,usable,2012,medium,receding,provisional,False,False,False,True,7,False,,seasonal,per_year_detection,6.5992405063289485,-1.6195780590717135
2012-05-01,0.08982800215587206,11.539950338929762,20.0,0.073039,True,usable,2012,medium,receding,provisional,False,False,False,False,,False,,seasonal,per_year_detection,0.0039662447257347,-0.7568495077355369
2012-06-01,0.07623050592949325,9.27148697679087,20.0,0.073039,True,usable,2012,medium,receding,provisional,False,True,False,False,,False,,seasonal,per_year_detection,0.0032630098452853,-0.428888888888828
2012-07-01,0.0691283886375457,8.57418050414776,20.0,0.073039,True,usable,2012,medium,receding,provisional,False,False,False,False,,False,,seasonal,per_year_detection,0.0404219409282508,-0.013839662447251398
2012-08-01,0.058017458139887554,5.467240293974494,20.0,0.073039,True,usable,2012,medium,receding,provisional,False,False,False,False,,False,,seasonal,per_year_detection,0.0052883263009798,-0.005288326300984099
2012-09-01,0.03689587350509789,4.652673735223248,20.0,0.073039,True,usable,2012,medium,receding,provisional,False,False,False,False,,True,7,seasonal,per_year_detection,0.244163150492213,-0.0705766526019792
2012-10-01,0.032718986816790536,6.300318193691426,20.0,0.073039,True,usable,2012,medium,receding,provisional,False,False,True,False,,True,7,seasonal,per_year_detection,16.437805907172812,4.351954992967649
2012-11-01,0.026212281029085023,42.42437877066891,20.0,0.073039,True,low,2013,high,rising,ok,False,False,False,False,,True,7,seasonal,per_year_detection,53.90481012658209,15.0545428973277
2012-12-01,0.01968934533764871,21.051625735870456,20.0,0.073039,True,low,2013,high,rising,ok,False,False,False,False,,True,7,seasonal,per_year_detection,139.13192686357226,25.620646976090015
2013-01-01,0.034634335393416274,33.421862882963254,20.0,0.073039,True,low,2013,high,rising,ok,False,False,False,False,,True,7,seasonal,per_year_detection,100.18855133614608,-86.13547116736993
2013-02-01,0.1094807577544005,13.450912445401354,20.0,0.073039,True,usable,2013,high,rising,ok,False,False,False,False,,False,,seasonal,per_year_detection,138.99637130801668,20.299437412095642
2013-03-01,0.1945817754905184,8.452022126396802,20.0,0.073039,True,usable,2013,high,rising,ok,True,False,False,True,8,False,,seasonal,per_year_detection,87.5959212376932,0.0
2013-04-01,0.08318414154018573,3.3121381887936896,20.0,0.073039,True,usable,2013,high,receding,ok,False,False,False,False,,False,,seasonal,per_year_detection,23.20554149085776,14.9867229254571
2013-05-01,0.08490281952007007,4.043145981436169,20.0,0.073039,True,usable,2013,high,receding,ok,False,False,False,False,,False,,seasonal,per_year_detection,56.91206751054835,56.15125175808708
2013-06-01,0.07921444409690298,4.284709587941789,20.0,0.073039,True,usable,2013,high,receding,ok,False,False,False,False,,False,,seasonal,per_year_detection,30.008832630098272,29.57668073136416
2013-07-01,0.05134274177780298,2.782953338002057,20.0,0.073039,True,usable,2013,high,receding,ok,False,True,False,False,,True,8,seasonal,per_year_detection,0.0200562587904248,-0.0342053445850774
2013-08-01,0.03916931167726513,2.786981727104873,20.0,0.073039,True,usable,2013,high,receding,ok,False,False,False,False,,True,8,seasonal,per_year_detection,0.0011251758087192,-0.0094514767932447
2013-09-01,0.0366094014580395,2.7917930284936947,20.0,0.073039,True,usable,2013,high,receding,ok,False,False,False,False,,True,8,seasonal,per_year_detection,0.5740365682137187,0.25929676511952654
2013-10-01,0.0325113909665242,2.8583877696441067,20.0,0.073039,True,usable,2013,high,receding,ok,False,False,False,False,,True,8,seasonal,per_year_detection,12.085850914205164,0.0
2013-11-01,0.02993453786963711,2.793755861778113,20.0,0.073039,True,usable,2013,high,receding,ok,False,False,True,False,,True,8,seasonal,per_year_detection,53.96154711673681,15.111279887482418
2013-12-01,0.10380210390309445,42.56309676123994,20.0,0.073039,True,low,2014,high,rising,ok,False,False,False,False,,False,,seasonal,per_year_detection,106.6204219409281,-6.890857946554149
2014-01-01,0.1312335436997358,9.0907489918246,20.0,0.073039,True,usable,2014,high,rising,ok,False,False,False,False,,False,,seasonal,per_year_detection,186.324022503516,0.0
2014-02-01,0.8168978959305887,10.035773168729758,20.0,0.073039,True,usable,2014,high,rising,ok,True,False,False,True,9,False,,seasonal,per_year_detection,186.033445850914,67.33651195499297
2014-03-01,0.1885772904191177,4.25130070326438,20.0,0.073039,True,usable,2014,high,receding,ok,False,False,False,True,9,False,,seasonal,per_year_detection,30.69563994374103,-56.900281293952176
2014-04-01,0.10820565810222534,2.801761741430872,20.0,0.073039,True,usable,2014,high,receding,ok,False,False,False,True,9,False,,seasonal,per_year_detection,31.23445850914188,23.01563994374122
2014-05-01,0.08573588812490322,3.0477303863305663,20.0,0.073039,True,usable,2014,high,receding,ok,False,False,False,False,,False,,seasonal,per_year_detection,7.86196905766509,7.101153305203818
2014-06-01,0.07100647105150786,2.7984885017670402,20.0,0.073039,True,usable,2014,high,receding,ok,False,False,False,False,,False,,seasonal,per_year_detection,0.0098734177215133,-0.4222784810126
2014-07-01,0.06862636698109431,2.785110511215626,20.0,0.073039,True,usable,2014,high,receding,ok,False,True,False,False,,False,,seasonal,per_year_detection,12.18911392405045,12.134852320674947
2014-08-01,0.055739920578537674,2.780089137617675,20.0,0.073039,True,usable,2014,high,receding,ok,False,False,False,False,,False,,seasonal,per_year_detection,0.001322081575245,-0.0092545710267189
2014-09-01,0.041920095939209055,2.783898200229021,20.0,0.073039,True,usable,2014,high,receding,ok,False,False,False,False,,True,9,seasonal,per_year_detection,0.009338959212369,-0.3054008438818232
2014-10-01,0.04203705715088324,2.783606690335296,20.0,0.073039,True,usable,2014,high,receding,ok,False,False,False,False,,True,9,seasonal,per_year_detection,0.7992967651194369,-11.286554149085728
2014-11-01,0.028910333206577616,3.67462657721428,20.0,0.073039,True,usable,2014,high,receding,ok,False,False,True,False,,True,9,seasonal,per_year_detection,47.85561181434581,9.005344585091414
2014-12-01,0.09376873666962417,6.388075627698075,20.0,0.073039,True,usable,2015,medium,rising,provisional,False,False,False,False,,False,,seasonal,per_year_detection,120.68984528832613,7.17856540084388
2015-01-01,0.3184574854410838,30.107327835043378,20.0,0.073039,True,low,2015,medium,rising,provisional,True,False,False,True,10,False,,seasonal,per_year_detection,279.96666666666647,93.64264416315046
2015-02-01,0.21482883682530637,3.0666507665757012,20.0,0.073039,True,usable,2015,medium,receding,provisional,False,False,False,True,10,False,,seasonal,per_year_detection,40.54703234880432,-78.14990154711671
2015-03-01,0.16426650784362865,3.26598985904636,20.0,0.073039,True,usable,2015,medium,receding,provisional,False,False,False,True,10,False,,seasonal,per_year_detection,71.31594936708842,-16.279971870604783
2015-04-01,0.09970516256296044,3.2183987866821475,20.0,0.073039,True,usable,2015,medium,receding,provisional,False,False,False,True,10,False,,seasonal,per_year_detection,12.928185654008251,4.709367088607589
2015-05-01,0.07953502407860126,2.850717820440307,20.0,0.073039,True,usable,2015,medium,receding,provisional,False,False,False,False,,False,,seasonal,per_year_detection,0.0820534458508944,-0.6787623066103773
2015-06-01,0.06995579420974814,2.7897987306493186,20.0,0.073039,True,usable,2015,medium,receding,provisional,False,True,False,False,,False,,seasonal,per_year_detection,1.0200843881855617,0.5879324894514484
2015-07-01,0.04502370069765318,2.7825257901579263,20.0,0.073039,True,usable,2015,medium,receding,provisional,False,False,False,False,,True,10,seasonal,per_year_detection,0.2059915611813924,0.1517299578058902
2015-08-01,0.046178596884770454,2.780990504717639,20.0,0.073039,True,usable,2015,medium,receding,provisional,False,False,False,False,,True,10,seasonal,per_year_detection,0.287060478199676,0.2764838255977121
2015-09-01,0.037511695036754195,2.783851928817319,20.0,0.073039,True,usable,2015,medium,receding,provisional,False,False,False,False,,True,10,seasonal,per_year_detection,0.0236568213783216,-0.2910829817158706
2015-10-01,0.034036782056618774,2.782783984635226,20.0,0.073039,True,usable,2015,medium,receding,provisional,False,False,True,False,,True,10,seasonal,per_year_detection,14.51713080168759,2.431279887482427
2015-11-01,0.03406631218737123,2.796425722233345,20.0,0.073039,True,usable,2016,high,rising,ok,False,False,False,False,,True,10,seasonal,per_year_detection,38.85026722925439,0.0
2015-12-01,0.04465809235557482,4.506481060805799,20.0,0.073039,True,usable,2016,high,rising,ok,False,False,False,False,,True,10,seasonal,per_year_detection,97.89991561181417,-15.61136427566808
2016-01-01,0.07947584193249073,3.075300744279359,20.0,0.073039,True,usable,2016,high,rising,ok,False,False,False,False,,False,,seasonal,per_year_detection,154.5237130801686,-31.800309423347414
2016-02-01,0.13229574664402893,4.870893414524978,20.0,0.073039,True,usable,2016,high,rising,ok,True,False,False,False,,False,,seasonal,per_year_detection,74.15251758087183,-44.544416315049205
2016-03-01,0.12465678467690589,2.8579666997976143,20.0,0.073039,True,usable,2016,high,receding,ok,False,False,False,False,,False,,seasonal,per_year_detection,86.13254571026705,-1.4633755274261517
2016-04-01,0.06743374828197925,2.7894628002003587,20.0,0.073039,True,usable,2016,high,receding,ok,False,False,False,False,,False,,seasonal,per_year_detection,2.400843881856395,-5.817974683544267
2016-05-01,0.08846052505358737,2.7950431324516756,20.0,0.073039,True,usable,2016,high,receding,ok,False,False,False,False,,False,,seasonal,per_year_detection,79.60846694796044,78.84765119549917
2016-06-01,0.06460657546141987,2.802682542523751,20.0,0.073039,True,usable,2016,high,receding,ok,False,False,False,False,,False,,seasonal,per_year_detection,0.5973558368494435,0.16520393811533018
2016-07-01,0.04929307733604145,2.7863505850492514,20.0,0.073039,True,usable,2016,high,receding,ok,False,True,False,False,,True,11,seasonal,per_year_detection,11.773248945147548,11.718987341772046
2016-08-01,0.04952314399492635,2.7857499821253535,20.0,0.073039,True,usable,2016,high,receding,ok,False,False,False,False,,True,11,seasonal,per_year_detection,23.14739803094215,23.136821378340187
2016-09-01,0.03626975325801659,2.7821713511442856,20.0,0.073039,True,usable,2016,high,receding,ok,False,False,False,False,,True,11,seasonal,per_year_detection,0.9884388185653292,0.6736990154711371
2016-10-01,0.034542272492565806,2.9757422494321157,20.0,0.073039,True,usable,2016,high,receding,ok,False,False,False,False,,True,11,seasonal,per_year_detection,15.3879324894513,3.3020815752461363
2016-11-01,0.03079362470865367,2.7918864967453336,20.0,0.073039,True,usable,2016,high,receding,ok,False,False,True,False,,True,11,seasonal,per_year_detection,33.533080168776195,-5.317187060478197
2016-12-01,0.06242535728224299,11.730143424163312,20.0,0.073039,True,usable,2017,high,rising,ok,False,False,False,False,,False,,seasonal,per_year_detection,315.3785654008437,201.86728551336142
2017-01-01,1.359566708886303,9.23842512770123,20.0,0.073039,True,usable,2017,high,rising,ok,False,False,False,True,11,False,,seasonal,per_year_detection,291.9113924050631,105.5873699015471
2017-02-01,2.371210516188255,15.264252978319567,20.0,0.073039,True,usable,2017,high,rising,ok,True,False,False,True,11,False,,seasonal,per_year_detection,252.24452883262992,133.5475949367089
2017-03-01,0.6002876705158956,4.8219984137789895,20.0,0.073039,True,usable,2017,high,receding,ok,False,False,False,True,11,False,,seasonal,per_year_detection,147.3029254571025,59.7070042194093
2017-04-01,0.2705902357346106,2.9657244887985335,20.0,0.073039,True,usable,2017,high,receding,ok,False,False,False,True,11,False,,seasonal,per_year_detection,17.644303797468176,9.425485232067514
2017-05-01,0.18301158892859176,2.777531253978763,20.0,0.073039,True,usable,2017,high,receding,ok,False,False,False,True,11,False,,seasonal,per_year_detection,2.2590998593529448,1.4982841068916732
2017-06-01,0.1471854340014379,3.337251534781082,20.0,0.073039,True,usable,2017,high,receding,ok,False,False,False,True,11,False,,seasonal,per_year_detection,0.0063009845288269,-0.4258509142052864
2017-07-01,0.11354848664995568,2.795732576486042,20.0,0.073039,True,usable,2017,high,receding,ok,False,True,False,True,11,False,,seasonal,per_year_detection,0.0209845288326171,-0.0332770745428851
2017-08-01,0.09243749608125118,2.778347481681194,20.0,0.073039,True,usable,2017,high,receding,ok,False,False,False,False,,False,,seasonal,per_year_detection,0.0006469760900136,-0.0099296765119503
2017-09-01,0.07226006220771333,2.7763300481309674,20.0,0.073039,True,usable,2017,high,receding,ok,False,False,False,False,,False,,seasonal,per_year_detection,0.0611533052039252,-0.253586497890267
2017-10-01,0.05335864383568789,2.775535105277919,20.0,0.073039,True,usable,2017,high,receding,ok,False,False,False,False,,False,,seasonal,per_year_detection,21.732348804500525,9.646497890295361
2017-11-01,0.04394578372342267,2.87019993562351,20.0,0.073039,True,usable,2017,high,receding,ok,False,False,True,False,,False,,seasonal,per_year_detection,41.20565400843863,2.3553867791842364
2017-12-01,0.08988650151910142,3.44449941282504,20.0,0.073039,True,usable,2018,high,rising,ok,False,False,False,False,,False,,seasonal,per_year_detection,118.07569620253147,4.564416315049229
2018-01-01,0.28829393473362597,16.764597950202372,20.0,0.073039,True,usable,2018,high,rising,ok,False,False,False,True,12,False,,seasonal,per_year_detection,284.2649789029534,97.94095639943737
2018-02-01,0.7345733078681227,7.551701685765623,20.0,0.073039,True,usable,2018,high,rising,ok,True,False,False,True,12,False,,seasonal,per_year_detection,151.37274261603358,32.67580872011254
2018-03-01,0.22224911608072465,2.7944638143771607,20.0,0.073039,True,usable,2018,high,receding,ok,False,False,False,True,12,False,,seasonal,per_year_detection,33.13175808720094,-54.46416315049226
2018-04-01,0.15851155312735782,2.7834058724085073,20.0,0.073039,True,usable,2018,high,receding,ok,False,False,False,True,12,False,,seasonal,per_year_detection,8.218818565400662,0.0
2018-05-01,0.10546282227049028,2.780863721049574,20.0,0.073039,True,usable,2018,high,receding,ok,False,False,False,True,12,False,,seasonal,per_year_detection,0.0328270042193858,-0.7279887482418859
2018-06-01,0.09476209337308827,2.7804232172101666,20.0,0.073039,True,usable,2018,high,receding,ok,False,False,False,True,12,False,,seasonal,per_year_detection,0.0207594936708696,-0.4113924050632437
2018-07-01,0.07886425497133179,2.7789527117462627,20.0,0.073039,True,usable,2018,high,receding,ok,False,True,False,False,,False,,seasonal,per_year_detection,0.0163431786216492,-0.037918424753853
2018-08-01,0.0622128248959125,2.7756905772212392,20.0,0.073039,True,usable,2018,high,receding,ok,False,False,False,False,,False,,seasonal,per_year_detection,0.052320675105462,0.041744022503498096
2018-09-01,0.052617859140470964,2.7768362573749923,20.0,0.073039,True,usable,2018,high,receding,ok,False,False,False,False,,False,,seasonal,per_year_detection,0.0857665260196452,-0.228973277074547
2018-10-01,0.041490785711762984,2.7883819000229897,20.0,0.073039,True,usable,2018,high,receding,ok,False,False,False,False,,True,12,seasonal,per_year_detection,5.45026722925441,-6.6355836849507535
2018-11-01,0.03510586751664133,2.8989983368388863,20.0,0.073039,True,usable,2018,high,receding,ok,False,False,True,False,,True,12,seasonal,per_year_detection,23.66216596343161,-15.18810126582278
2018-12-01,0.03681874294774281,2.7865023552796355,20.0,0.073039,True,usable,2019,high,rising,ok,False,False,False,False,,True,12,seasonal,per_year_detection,46.50143459915594,-67.0098452883263
2019-01-01,0.07343807798941467,3.3050882765067033,20.0,0.073039,True,usable,2019,high,rising,ok,False,False,False,False,,False,,seasonal,per_year_detection,125.93555555555535,-60.38846694796065
2019-02-01,0.0884686636484982,4.158622767337292,20.0,0.073039,True,usable,2019,high,rising,ok,True,False,False,False,,False,,seasonal,per_year_detection,79.5960618846693,-39.10087201125174
2019-03-01,0.07264064133688114,3.0856896016347948,20.0,0.073039,True,usable,2019,high,receding,ok,False,False,False,False,,False,,seasonal,per_year_detection,61.10827004219392,-26.487651195499282
2019-04-01,0.06451916025528835,3.072609598974744,20.0,0.073039,True,usable,2019,high,receding,ok,False,False,False,False,,False,,seasonal,per_year_detection,6.809254571026558,-1.4095639943741043
2019-05-01,0.045011236246815245,2.7761643964770726,20.0,0.073039,True,usable,2019,high,receding,ok,False,False,False,False,,True,13,seasonal,per_year_detection,0.2441068917017788,-0.5167088607594928
2019-06-01,0.04725107478769511,2.8136396128148933,20.0,0.073039,True,usable,2019,high,receding,ok,False,False,False,False,,True,13,seasonal,per_year_detection,0.0001125175808719,-0.4320393811532414
2019-07-01,0.04424456644447522,2.802415093764111,20.0,0.073039,True,usable,2019,high,receding,ok,False,True,False,False,,True,13,seasonal,per_year_detection,0.0160618846694694,-0.038199718706032795
2019-08-01,0.03672375581247237,2.7971336748323923,20.0,0.073039,True,usable,2019,high,receding,ok,False,False,False,False,,True,13,seasonal,per_year_detection,0.0007876230661034,-0.0097890295358605
2019-09-01,0.03734690726390772,2.8703082107268942,20.0,0.073039,True,usable,2019,high,receding,ok,False,False,False,False,,True,13,seasonal,per_year_detection,1.18475386779172,0.8700140646975278
2019-10-01,0.03566190688485262,2.7781411111850014,20.0,0.073039,True,usable,2019,high,receding,ok,False,False,False,False,,True,13,seasonal,per_year_detection,0.7627848101264576,-11.323066104078706
2019-11-01,0.03020400952633832,2.784719980500857,20.0,0.073039,True,usable,2019,high,receding,ok,False,False,False,False,,True,13,seasonal,per_year_detection,13.309648382559592,-25.540618846694798
2019-12-01,0.029463771417477642,3.291622370273054,20.0,0.073039,True,usable,2019,high,receding,ok,False,False,True,False,,True,13,seasonal,per_year_detection,50.17774964838239,-63.33353023909986
2020-01-01,0.16294670205790485,7.209388558275539,20.0,0.073039,True,usable,2020,high,rising,ok,False,False,False,True,13,False,,seasonal,per_year_detection,159.53305203938095,-26.790970464135057
2020-02-01,0.19315144449956864,5.057953925186272,20.0,0.073039,True,usable,2020,high,rising,ok,False,False,False,True,13,False,,seasonal,per_year_detection,127.94630098452866,9.249367088607627
2020-03-01,0.38111378863008993,2.804898017716065,20.0,0.073039,True,usable,2020,high,rising,ok,True,False,False,True,13,False,,seasonal,per_year_detection,143.59662447257367,56.00070323488046
2020-04-01,0.17301406298968378,2.77909615312254,20.0,0.073039,True,usable,2020,high,receding,ok,False,False,False,True,13,False,,seasonal,per_year_detection,12.974655414908383,4.7558368495077215
2020-05-01,0.10799293770625179,2.7876896797039206,20.0,0.073039,True,usable,2020,high,receding,ok,False,False,False,True,13,False,,seasonal,per_year_detection,53.52064697608984,52.759831223628574
2020-06-01,0.09955959400920353,2.797105911985371,20.0,0.073039,True,usable,2020,high,receding,ok,False,True,False,True,13,False,,seasonal,per_year_detection,8.438818565393169e-05,-0.4320675105484594
2020-07-01,0.0723061407500773,2.785812911245269,20.0,0.073039,True,usable,2020,high,receding,ok,False,False,False,False,,False,,seasonal,per_year_detection,0.0182841068916913,-0.0359774964838109
2020-08-01,0.06427449104542289,2.775633200670728,20.0,0.073039,True,usable,2020,high,receding,ok,False,False,False,False,,False,,seasonal,per_year_detection,0.0021097046413484,-0.0084669479606155
2020-09-01,0.04653985292812543,2.7720628985437665,20.0,0.073039,True,usable,2020,high,receding,ok,False,False,False,False,,True,14,seasonal,per_year_detection,1.115049226441562,0.8003094233473698
2020-10-01,0.0346018630930831,2.8967810107901046,20.0,0.073039,True,usable,2020,high,receding,ok,False,False,True,False,,True,14,seasonal,per_year_detection,6.208748241912655,-5.877102672292509
2020-11-01,0.048898448222048974,12.039891657525441,20.0,0.073039,True,usable,2021,high,rising,ok,False,False,False,False,,True,14,seasonal,per_year_detection,55.2805907172994,16.430323488045005
2020-12-01,0.4034742767209054,13.915925326159314,20.0,0.073039,True,usable,2021,high,rising,ok,False,False,False,True,14,False,,seasonal,per_year_detection,273.0754430379745,159.56416315049222
2021-01-01,0.2490752862996936,3.4587093633588646,20.0,0.073039,True,usable,2021,high,rising,ok,False,False,False,True,14,False,,seasonal,per_year_detection,227.17696202531627,40.852939521800266
2021-02-01,0.993309831820118,9.54436152216731,20.0,0.073039,True,usable,2021,high,rising,ok,False,False,False,True,14,False,,seasonal,per_year_detection,143.81578059071714,25.118846694796105
2021-03-01,1.019775668890236,4.034396057483234,20.0,0.073039,True,usable,2021,high,rising,ok,True,False,False,True,14,False,,seasonal,per_year_detection,196.27940928270024,108.68348804500704
2021-04-01,0.2530000633813861,2.7868975131355747,20.0,0.073039,True,usable,2021,high,receding,ok,False,False,False,True,14,False,,seasonal,per_year_detection,0.0427285513361276,-8.176090014064535
2021-05-01,0.1470908695223247,2.7698964710478573,20.0,0.073039,True,usable,2021,high,receding,ok,False,False,False,True,14,False,,seasonal,per_year_detection,0.0094233473980242,-0.7513924050632474
2021-06-01,0.10894774675056712,2.791075821612307,20.0,0.073039,True,usable,2021,high,receding,ok,False,True,False,True,14,False,,seasonal,per_year_detection,4.1088326300982905,3.6766807313641774
2021-07-01,0.10112733563071846,2.778516835048025,20.0,0.073039,True,usable,2021,high,receding,ok,False,False,False,True,14,False,,seasonal,per_year_detection,0.1715049226441077,0.11724331926860548
2021-08-01,0.07658083527641756,2.7755073424308976,20.0,0.073039,True,usable,2021,high,receding,ok,False,False,False,False,,False,,seasonal,per_year_detection,0.0028691983122338,-0.0077074542897301
2021-09-01,0.057882247809961866,2.77785052671951,20.0,0.073039,True,usable,2021,high,receding,ok,False,False,False,False,,False,,seasonal,per_year_detection,0.6016877637129847,0.2869479606187925
2021-10-01,0.04569112347493372,2.76659917024994,20.0,0.073039,True,usable,2021,high,receding,ok,False,False,True,False,,False,,seasonal,per_year_detection,11.35170182841051,-0.7341490857946535
2021-11-01,0.0533192521849476,2.7748678715211694,20.0,0.073039,True,usable,2022,high,rising,ok,False,False,False,False,,False,,seasonal,per_year_detection,35.124866385372535,-3.7254008438818573
2021-12-01,0.04650433869335323,3.127648517766584,20.0,0.073039,True,usable,2022,high,rising,ok,False,False,False,False,,False,,seasonal,per_year_detection,76.11859353023893,-37.39268635724332
2022-01-01,0.066061682900672,4.327222835585773,20.0,0.073039,True,usable,2022,high,rising,ok,False,False,False,False,,False,,seasonal,per_year_detection,311.46112517580855,125.13710267229254
2022-02-01,0.5547306317223554,2.8235565017709643,20.0,0.073039,True,usable,2022,high,rising,ok,True,False,False,True,15,False,,seasonal,per_year_detection,107.86070323488026,-10.836230661040773
2022-03-01,0.2734172325433451,8.983404869244302,20.0,0.073039,True,usable,2022,high,receding,ok,False,False,False,True,15,False,,seasonal,per_year_detection,80.71220815752444,-6.883713080168761
2022-04-01,0.15520994899267798,2.816588027168574,20.0,0.073039,True,usable,2022,high,receding,ok,False,False,False,True,15,False,,seasonal,per_year_detection,5.709451476793108,-2.5093670886075543
2022-05-01,0.0928343174358858,2.8201000273167907,20.0,0.073039,True,usable,2022,high,receding,ok,False,False,False,False,,False,,seasonal,per_year_detection,1.333361462728419,0.5725457102671473
2022-06-01,0.08197287168018132,2.8249724069690596,20.0,0.073039,True,usable,2022,high,receding,ok,False,False,False,False,,False,,seasonal,per_year_detection,13.719324894514587,13.287172995780473
2022-07-01,0.06422799761672403,2.857984282934061,20.0,0.073039,True,usable,2022,high,receding,ok,False,True,False,False,,False,,seasonal,per_year_detection,0.0542616033755022,0.0
2022-08-01,0.057477603247558864,2.822763409774384,20.0,0.073039,True,usable,2022,high,receding,ok,False,False,False,False,,False,,seasonal,per_year_detection,0.4717862165962932,0.46120956399432933
2022-09-01,0.04724620269144706,2.8192875013272953,20.0,0.073039,True,usable,2022,high,receding,ok,False,False,False,False,,False,,seasonal,per_year_detection,4.8109704641348525,4.49623066104066
2022-10-01,0.05479965553141843,2.8192921284684656,20.0,0.073039,True,usable,2022,high,receding,ok,False,False,False,False,,False,,seasonal,per_year_detection,67.91811533052021,55.83226441631504
2022-11-01,0.04571932990032367,2.8205146191656447,20.0,0.073039,True,usable,2022,high,receding,ok,False,False,True,False,,False,,seasonal,per_year_detection,193.84284106891684,154.99257383966244
2022-12-01,0.2881491406605145,2.82701575250984,20.0,0.073039,True,usable,2023,high,rising,ok,False,False,False,True,16,False,,seasonal,per_year_detection,131.36841068917002,17.857130801687774
2023-01-01,1.3609078307255107,7.066092474230664,20.0,0.073039,True,usable,2023,high,rising,ok,True,False,False,True,16,False,,seasonal,per_year_detection,441.8523488045005,255.52832630098447
2023-02-01,0.8876629220201109,3.0147814394854797,20.0,0.073039,True,usable,2023,high,receding,ok,False,False,False,True,16,False,,seasonal,per_year_detection,118.69693389592103,0.0
2023-03-01,0.4208426881308849,2.8201009527450247,20.0,0.073039,True,usable,2023,high,receding,ok,False,False,False,True,16,False,,seasonal,per_year_detection,32.622194092826824,-54.97372714486638
2023-04-01,0.31683788533564533,3.6425447566244977,20.0,0.073039,True,usable,2023,high,receding,ok,False,False,False,True,16,False,,seasonal,per_year_detection,68.29088607594919,60.07206751054853
2023-05-01,0.16018359810923966,2.827018528794542,20.0,0.073039,True,usable,2023,high,receding,ok,False,False,False,True,16,False,,seasonal,per_year_detection,0.0346272855133358,-0.7261884669479358
2023-06-01,0.12745928848006968,2.915893880107922,20.0,0.073039,True,usable,2023,high,receding,ok,False,False,False,True,16,False,,seasonal,per_year_detection,56.42258790435987,55.99043600562576
2023-07-01,0.14426318666820442,2.819993603069875,20.0,0.073039,True,usable,2023,high,receding,ok,False,True,False,True,16,False,,seasonal,per_year_detection,17.16548523206734,17.11122362869184
2023-08-01,0.1002401407553999,2.8218629681026544,20.0,0.073039,True,usable,2023,high,receding,ok,False,False,False,True,16,False,,seasonal,per_year_detection,0.0105766526019639,0.0
2023-09-01,0.06402218376809246,2.816004081952889,20.0,0.073039,True,usable,2023,high,receding,ok,False,False,False,False,,False,,seasonal,per_year_detection,0.1664135021096576,-0.1483263009845346
2023-10-01,0.054656782223237964,2.817542143677879,20.0,0.073039,True,usable,2023,high,receding,ok,False,False,False,False,,False,,seasonal,per_year_detection,1.3098171589310026,-10.776033755274161
2023-11-01,0.04352960722476668,3.4361242873068947,20.0,0.073039,True,usable,2023,high,receding,ok,False,False,False,False,,True,15,seasonal,per_year_detection,34.34331926863553,-4.506947960618859
2023-12-01,0.04353128405570385,2.8573494391655037,20.0,0.073039,True,usable,2023,high,receding,ok,False,False,False,False,,True,15,seasonal,per_year_detection,39.55999999999983,-73.95127988748241
2024-01-01,0.04140042649722447,5.464232652213834,20.0,0.073039,True,usable,2023,high,receding,ok,False,False,True,False,,True,15,seasonal,per_year_detection,190.5852039381152,4.2611814345991945
2024-02-01,0.1991095983398896,2.8235648306250707,20.0,0.073039,True,usable,2024,high,rising,ok,False,False,False,True,17,False,,seasonal,per_year_detection,99.54801687763695,-19.14891701828408
2024-03-01,0.443090654337045,2.948496716793474,20.0,0.073039,True,usable,2024,high,rising,ok,True,False,False,True,17,False,,seasonal,per_year_detection,155.7028973277073,68.10697609001409
2024-04-01,0.1665576358408379,2.813654419666638,20.0,0.073039,True,usable,2024,high,receding,ok,False,False,False,True,17,False,,seasonal,per_year_detection,0.7818002812938151,-7.437018284106847
2024-05-01,0.11009418028126287,2.8206960030995183,20.0,0.073039,True,usable,2024,high,receding,ok,False,False,False,True,17,False,,seasonal,per_year_detection,8.837355836849328,8.076540084388057
2024-06-01,0.09166977162283188,2.8212123920541177,20.0,0.073039,True,usable,2024,high,receding,ok,False,False,False,False,,False,,seasonal,per_year_detection,1.820478199718585,1.3883263009844717
2024-07-01,0.07413177553729873,2.816758305963639,20.0,0.073039,True,usable,2024,high,receding,ok,False,True,False,False,,False,,seasonal,per_year_detection,0.6813783403655873,0.6271167369900851
2024-08-01,0.05230343461410774,2.8151841525375216,20.0,0.073039,True,usable,2024,high,receding,ok,False,False,False,False,,False,,seasonal,per_year_detection,0.2729957805905855,0.2624191279886216
2024-09-01,0.04488905794074675,2.8166574342861277,20.0,0.073039,True,usable,2024,high,receding,ok,False,False,False,False,,True,16,seasonal,per_year_detection,32.35805907172978,32.043319268635585
2024-10-01,0.039827128210387336,2.812572594061035,20.0,0.073039,True,usable,2024,high,receding,ok,False,False,False,False,,True,16,seasonal,per_year_detection,19.363938115330345,7.278087201125182
2024-11-01,0.037260306578010834,5.816222982747371,20.0,0.073039,True,usable,2024,high,receding,ok,False,False,True,False,,True,16,seasonal,per_year_detection,69.81330520393793,30.963037974683537
2024-12-01,0.06650017423344587,4.6519176603560295,20.0,0.073039,True,usable,2025,medium,rising,provisional,False,False,False,False,,False,,seasonal,per_year_detection,129.19203938115314,15.680759493670891
2025-01-01,0.25970322038801685,3.7655656334895893,20.0,0.073039,True,usable,2025,medium,rising,provisional,False,False,False,True,18,False,,seasonal,per_year_detection,184.35293952180007,-1.9710829817159379
2025-02-01,0.2666638136303789,6.23657469693012,20.0,0.073039,True,usable,2025,medium,rising,provisional,True,False,False,True,18,False,,seasonal,per_year_detection,111.81150492264398,-6.885428973277058
2025-03-01,0.2524892312968601,2.821126327228351,20.0,0.073039,True,usable,2025,medium,receding,provisional,False,False,False,True,18,False,,seasonal,per_year_detection,117.15127988748225,29.555358649789042
2025-04-01,0.23144714176878553,2.820638626549007,20.0,0.073039,True,usable,2025,medium,receding,provisional,False,False,False,True,18,False,,seasonal,per_year_detection,11.507735583684768,3.2889170182841063
2025-05-01,0.11644525586386535,2.824884491286825,20.0,0.073039,True,usable,2025,medium,receding,provisional,False,False,False,True,18,False,,seasonal,per_year_detection,70.80610407876213,70.04528832630086
2025-06-01,0.10021613010492549,2.8225894292663827,20.0,0.073039,True,usable,2025,medium,receding,provisional,False,False,False,True,18,False,,seasonal,per_year_detection,0.0029817158931055,-0.42917018284100783
2025-07-01,0.07823198122363881,2.8271730753096285,20.0,0.073039,True,usable,2025,medium,receding,provisional,False,True,False,False,,False,,seasonal,per_year_detection,0.200168776371256,0.1459071729957538
2025-08-01,0.06267523850415606,2.8197002423196813,20.0,0.073039,True,usable,2025,medium,receding,provisional,False,False,False,False,,False,,seasonal,per_year_detection,0.0861884669478828,0.0756118143459189
2025-09-01,0.04840613392975729,2.821318816301033,20.0,0.073039,True,usable,2025,medium,receding,provisional,False,False,False,False,,True,17,seasonal,per_year_detection,0.1553023909985602,-0.159437412095632
2025-10-01,0.04015881941717868,2.8225699952734677,20.0,0.073039,True,usable,2025,medium,receding,provisional,False,False,False,False,,True,17,seasonal,per_year_detection,23.922447257383787,11.836596343178623
2025-11-01,0.03189852240166859,3.1330576457946013,20.0,0.073039,True,usable,2025,medium,receding,provisional,False,False,True,False,,True,17,seasonal,per_year_detection,40.90300984528814,2.052742616033747
2025-12-01,0.06799602074900388,3.8573505311708196,20.0,0.073039,True,usable,,,unspecified,outside_cycle,False,False,False,False,,False,,seasonal,per_year_detection,121.91108298171572,8.399803094233476
