catchment,hy_year,candidate,status,reason,boundary,boundary_candidates,low_state_start,low_state_end,recovery_start,pulse_months,local_scale_pp,best_loss,effective_support,policy_version,loss_basis
daly_river_nt,2005,existing,unresolved,unstable_quality_sensitivity,,"(Timestamp('2006-01-01 00:00:00'),)",2006-01-01,2006-01-01,,"(Timestamp('2005-12-01 00:00:00'),)",0.00062574057352811,160.98599683045293,14.188425711756944,trough_refinement_candidate_0_2,standardized_huber
daly_river_nt,2005,project_residual_z1,unresolved,unstable_quality_sensitivity,,"(Timestamp('2006-01-01 00:00:00'),)",2006-01-01,2006-01-01,,"(Timestamp('2005-12-01 00:00:00'),)",0.00062574057352811,160.98599683045293,14.188425711756944,experiment_low_state_projection_v1,standardized_huber
daly_river_nt,2005,project_second_difference_z05,unresolved,unstable_quality_sensitivity,,"(Timestamp('2006-01-01 00:00:00'),)",2006-01-01,2006-01-01,,"(Timestamp('2005-12-01 00:00:00'),)",0.0033355069060493404,27.704184673978865,14.188425711756944,experiment_low_state_projection_v1,standardized_huber
daly_river_nt,2005,project_second_difference_z1,unresolved,unstable_quality_sensitivity,,"(Timestamp('2006-01-01 00:00:00'),)",2006-01-01,2006-01-01,,"(Timestamp('2005-12-01 00:00:00'),)",0.0033355069060493404,27.704184673978865,14.188425711756944,experiment_low_state_projection_v1,standardized_huber
daly_river_nt,2005,project_second_difference_z2,unresolved,unstable_quality_sensitivity,,"(Timestamp('2006-01-01 00:00:00'),)",2006-01-01,2006-01-01,,"(Timestamp('2005-12-01 00:00:00'),)",0.0033355069060493404,27.704184673978865,14.188425711756944,experiment_low_state_projection_v1,standardized_huber
daly_river_nt,2008,existing,confirmed,accepted,2008-10-01,"(Timestamp('2008-10-01 00:00:00'),)",2008-10-01,2008-10-01,2008-11-01,(),1.681696882887145e-06,0.0,11.427547420302634,trough_refinement_candidate_0_2,standardized_huber
daly_river_nt,2008,project_residual_z1,confirmed,accepted,2008-10-01,"(Timestamp('2008-10-01 00:00:00'),)",2008-10-01,2008-10-01,2008-11-01,(),1.681696882887145e-06,0.0,11.427547420302634,experiment_low_state_projection_v1,standardized_huber
daly_river_nt,2008,project_second_difference_z05,confirmed,accepted,2008-11-01,"(Timestamp('2008-11-01 00:00:00'),)",2008-10-01,2008-11-01,2008-12-01,(),0.024405736214236765,0.0,11.427547420302634,experiment_low_state_projection_v1,standardized_huber
daly_river_nt,2008,project_second_difference_z1,confirmed,accepted,2008-11-01,"(Timestamp('2008-11-01 00:00:00'),)",2008-10-01,2008-11-01,2008-12-01,(),0.024405736214236765,0.0,11.427547420302634,experiment_low_state_projection_v1,standardized_huber
daly_river_nt,2008,project_second_difference_z2,confirmed,accepted,2008-11-01,"(Timestamp('2008-11-01 00:00:00'),)",2008-08-01,2008-11-01,2008-12-01,(),0.024405736214236765,0.0,11.427547420302634,experiment_low_state_projection_v1,standardized_huber
daly_river_nt,2011,existing,unresolved,unstable_quality_sensitivity,,"(Timestamp('2012-01-01 00:00:00'),)",2012-01-01,2012-01-01,,"(Timestamp('2011-10-01 00:00:00'), Timestamp('2011-12-01 00:00:00'))",1.9334524984556547e-06,78622.22106115925,9.178854641349517,trough_refinement_candidate_0_2,standardized_huber
daly_river_nt,2011,project_residual_z1,unresolved,unstable_quality_sensitivity,,"(Timestamp('2012-01-01 00:00:00'),)",2012-01-01,2012-01-01,,"(Timestamp('2011-10-01 00:00:00'), Timestamp('2011-12-01 00:00:00'))",1.9334524984556547e-06,78622.22106115925,9.178854641349517,experiment_low_state_projection_v1,standardized_huber
daly_river_nt,2011,project_second_difference_z05,unresolved,unstable_quality_sensitivity,,"(Timestamp('2012-01-01 00:00:00'),)",2012-01-01,2012-01-01,,"(Timestamp('2011-12-01 00:00:00'),)",0.0037240258772875635,40.5743404525035,9.178854641349517,experiment_low_state_projection_v1,standardized_huber
daly_river_nt,2011,project_second_difference_z1,unresolved,unstable_quality_sensitivity,,"(Timestamp('2012-01-01 00:00:00'),)",2012-01-01,2012-01-01,,"(Timestamp('2011-12-01 00:00:00'),)",0.0037240258772875635,40.5743404525035,9.178854641349517,experiment_low_state_projection_v1,standardized_huber
daly_river_nt,2011,project_second_difference_z2,unresolved,unstable_quality_sensitivity,,"(Timestamp('2012-01-01 00:00:00'),)",2012-01-01,2012-01-01,,"(Timestamp('2011-12-01 00:00:00'),)",0.0037240258772875635,40.5743404525035,9.178854641349517,experiment_low_state_projection_v1,standardized_huber
daly_river_nt,2012,existing,provisional,low_quality_peak,2013-02-01,"(Timestamp('2012-09-01 00:00:00'), Timestamp('2012-10-01 00:00:00'), Timestamp('2012-11-01 00:00:00'), Timestamp('2012-12-01 00:00:00'), Timestamp('2013-01-01 00:00:00'), Timestamp('2013-02-01 00:00:00'))",2012-11-01,2013-02-01,,"(Timestamp('2012-10-01 00:00:00'),)",0.03893803944165536,6.197784044800484,8.658869661205998,trough_refinement_candidate_0_2,standardized_huber
daly_river_nt,2012,project_residual_z1,unresolved,unstable_quality_sensitivity,,"(Timestamp('2012-11-01 00:00:00'),)",2012-11-01,2012-11-01,,"(Timestamp('2012-10-01 00:00:00'),)",1.81078201472923e-06,118229.2433517636,11.395532917010769,experiment_low_state_projection_v1,standardized_huber
daly_river_nt,2012,project_second_difference_z05,unresolved,experimental_no_supported_departure,,(),2012-11-01,2012-11-01,,(),0.059024942444497845,1.0662324228058477,11.395532917010769,experiment_low_state_projection_v1,standardized_huber
daly_river_nt,2012,project_second_difference_z1,unresolved,unstable_quality_sensitivity,,"(Timestamp('2013-01-01 00:00:00'),)",2012-09-01,2013-01-01,,(),0.059024942444497845,1.0662324228058477,11.395532917010769,experiment_low_state_projection_v1,standardized_huber
daly_river_nt,2012,project_second_difference_z2,unresolved,unstable_quality_sensitivity,,"(Timestamp('2013-01-01 00:00:00'),)",2012-05-01,2013-01-01,,(),0.059024942444497845,1.0662324228058477,11.395532917010769,experiment_low_state_projection_v1,standardized_huber
daly_river_nt,2014,existing,provisional,essential_low_quality_recovery,2014-12-01,"(Timestamp('2014-10-01 00:00:00'), Timestamp('2014-11-01 00:00:00'), Timestamp('2014-12-01 00:00:00'))",2014-12-01,2014-12-01,,"(Timestamp('2014-06-01 00:00:00'),)",0.004451815337515917,8.966543925073266,9.54770168228973,trough_refinement_candidate_0_2,standardized_huber
daly_river_nt,2014,project_residual_z1,unresolved,unstable_quality_sensitivity,,"(Timestamp('2014-10-01 00:00:00'),)",2014-10-01,2014-10-01,,"(Timestamp('2014-06-01 00:00:00'),)",1.6811172735710935e-06,27230.688337375996,11.111791130223637,experiment_low_state_projection_v1,standardized_huber
daly_river_nt,2014,project_second_difference_z05,unresolved,experimental_no_supported_departure,,(),2014-10-01,2014-10-01,,(),0.011022353825344685,2.6509378608655343,11.111791130223637,experiment_low_state_projection_v1,standardized_huber
daly_river_nt,2014,project_second_difference_z1,unresolved,unstable_quality_sensitivity,,"(Timestamp('2014-11-01 00:00:00'),)",2014-10-01,2014-11-01,,(),0.011022353825344685,2.6509378608655343,11.111791130223637,experiment_low_state_projection_v1,standardized_huber
daly_river_nt,2014,project_second_difference_z2,unresolved,unstable_quality_sensitivity,,"(Timestamp('2014-11-01 00:00:00'),)",2014-09-01,2014-11-01,,(),0.011022353825344685,2.6509378608655343,11.111791130223637,experiment_low_state_projection_v1,standardized_huber
daly_river_nt,2016,existing,provisional,essential_low_quality_recovery,2016-12-01,"(Timestamp('2016-11-01 00:00:00'), Timestamp('2016-12-01 00:00:00'))",2016-11-01,2016-12-01,,"(Timestamp('2016-06-01 00:00:00'),)",1.7033591509853823e-06,86872.4830891964,11.585225774929178,trough_refinement_candidate_0_2,standardized_huber
daly_river_nt,2016,project_residual_z1,provisional,essential_low_quality_recovery,2016-12-01,"(Timestamp('2016-11-01 00:00:00'), Timestamp('2016-12-01 00:00:00'))",2016-11-01,2016-12-01,,"(Timestamp('2016-06-01 00:00:00'),)",1.7033591509853823e-06,86872.4830891964,11.585225774929178,experiment_low_state_projection_v1,standardized_huber
daly_river_nt,2016,project_second_difference_z05,unresolved,experimental_no_supported_departure,,(),2016-11-01,2016-11-01,,(),0.014715037354117087,2.6521892313422697,12.84263926680727,experiment_low_state_projection_v1,standardized_huber
daly_river_nt,2016,project_second_difference_z1,provisional,essential_low_quality_recovery,2016-12-01,"(Timestamp('2016-10-01 00:00:00'), Timestamp('2016-11-01 00:00:00'), Timestamp('2016-12-01 00:00:00'))",2016-10-01,2016-12-01,,(),0.014715037354117087,8.376796800091904,11.585225774929178,experiment_low_state_projection_v1,standardized_huber
daly_river_nt,2016,project_second_difference_z2,provisional,essential_low_quality_recovery,2016-12-01,"(Timestamp('2016-10-01 00:00:00'), Timestamp('2016-11-01 00:00:00'), Timestamp('2016-12-01 00:00:00'))",2016-10-01,2016-12-01,,(),0.014715037354117087,8.376796800091904,11.585225774929178,experiment_low_state_projection_v1,standardized_huber
daly_river_nt,2018,existing,unresolved,unstable_quality_sensitivity,,"(Timestamp('2018-11-01 00:00:00'),)",2018-11-01,2018-11-01,,(),1.6819402539837427e-06,727.3601124319009,12.251235033609602,trough_refinement_candidate_0_2,standardized_huber
daly_river_nt,2018,project_residual_z1,unresolved,unstable_quality_sensitivity,,"(Timestamp('2018-11-01 00:00:00'),)",2018-11-01,2018-11-01,,(),1.6819402539837427e-06,727.3601124319009,12.251235033609602,experiment_low_state_projection_v1,standardized_huber
daly_river_nt,2018,project_second_difference_z05,unresolved,unstable_peak_sensitivity,,(),2018-11-01,2018-11-01,,(),0.01490309404527498,0.5363679285056246,14.208543139725792,experiment_low_state_projection_v1,standardized_huber
daly_river_nt,2018,project_second_difference_z1,unresolved,unstable_quality_sensitivity,,"(Timestamp('2018-12-01 00:00:00'),)",2018-10-01,2018-12-01,,(),0.014313649392667932,0.0010465119086384461,12.251235033609602,experiment_low_state_projection_v1,standardized_huber
daly_river_nt,2018,project_second_difference_z2,unresolved,unstable_quality_sensitivity,,"(Timestamp('2018-12-01 00:00:00'),)",2018-09-01,2018-12-01,,(),0.014313649392667932,0.0010465119086384461,12.251235033609602,experiment_low_state_projection_v1,standardized_huber
daly_river_nt,2019,existing,provisional,interval_peak,2019-11-01,"(Timestamp('2019-11-01 00:00:00'),)",2019-11-01,2019-11-01,2019-12-01,"(Timestamp('2019-04-01 00:00:00'), Timestamp('2019-06-01 00:00:00'))",1.6779806957622109e-06,25525.678990872766,9.736998841842391,trough_refinement_candidate_0_2,standardized_huber
daly_river_nt,2019,project_residual_z1,provisional,interval_peak,2019-11-01,"(Timestamp('2019-11-01 00:00:00'),)",2019-11-01,2019-11-01,2019-12-01,"(Timestamp('2019-04-01 00:00:00'), Timestamp('2019-06-01 00:00:00'))",1.6779806957622109e-06,25525.678990872766,9.736998841842391,experiment_low_state_projection_v1,standardized_huber
daly_river_nt,2019,project_second_difference_z05,provisional,interval_peak,2019-12-01,"(Timestamp('2019-12-01 00:00:00'),)",2019-11-01,2019-12-01,2020-01-01,(),0.012953725552478763,1.0232279707283487,9.736998841842391,experiment_low_state_projection_v1,standardized_huber
daly_river_nt,2019,project_second_difference_z1,provisional,interval_peak,2019-12-01,"(Timestamp('2019-12-01 00:00:00'),)",2019-10-01,2019-12-01,2020-01-01,(),0.012953725552478763,1.0232279707283487,9.736998841842391,experiment_low_state_projection_v1,standardized_huber
daly_river_nt,2019,project_second_difference_z2,provisional,interval_peak,2019-12-01,"(Timestamp('2019-12-01 00:00:00'),)",2019-08-01,2019-12-01,2020-01-01,(),0.012953725552478763,1.0232279707283487,9.736998841842391,experiment_low_state_projection_v1,standardized_huber
daly_river_nt,2020,existing,unresolved,unstable_quality_sensitivity,,"(Timestamp('2021-01-01 00:00:00'),)",2021-01-01,2021-01-01,,"(Timestamp('2020-10-01 00:00:00'), Timestamp('2020-12-01 00:00:00'))",1.6822518639330944e-06,65247.35899264363,12.1699304118369,trough_refinement_candidate_0_2,standardized_huber
daly_river_nt,2020,project_residual_z1,unresolved,unstable_quality_sensitivity,,"(Timestamp('2021-01-01 00:00:00'),)",2021-01-01,2021-01-01,,"(Timestamp('2020-10-01 00:00:00'), Timestamp('2020-12-01 00:00:00'))",1.6822518639330944e-06,65247.35899264363,12.1699304118369,experiment_low_state_projection_v1,standardized_huber
daly_river_nt,2020,project_second_difference_z05,unresolved,unstable_quality_sensitivity,,"(Timestamp('2021-01-01 00:00:00'),)",2021-01-01,2021-01-01,,"(Timestamp('2020-12-01 00:00:00'),)",0.007647256280037181,12.968005625564434,12.1699304118369,experiment_low_state_projection_v1,standardized_huber
daly_river_nt,2020,project_second_difference_z1,unresolved,unstable_quality_sensitivity,,"(Timestamp('2021-01-01 00:00:00'),)",2021-01-01,2021-01-01,,"(Timestamp('2020-12-01 00:00:00'),)",0.007647256280037181,12.968005625564434,12.1699304118369,experiment_low_state_projection_v1,standardized_huber
daly_river_nt,2020,project_second_difference_z2,unresolved,unstable_quality_sensitivity,,"(Timestamp('2021-01-01 00:00:00'),)",2021-01-01,2021-01-01,,"(Timestamp('2020-12-01 00:00:00'),)",0.007647256280037181,12.968005625564434,12.1699304118369,experiment_low_state_projection_v1,standardized_huber
fitzroy_river_wa,2005,existing,provisional,low_quality_peak,2005-11-01,"(Timestamp('2005-10-01 00:00:00'), Timestamp('2005-11-01 00:00:00'))",2005-10-01,2005-11-01,,(),9.520978800798064e-07,4296.140511566211,8.710295237333566,trough_refinement_candidate_0_2,standardized_huber
fitzroy_river_wa,2005,project_residual_z1,provisional,low_quality_peak,2005-11-01,"(Timestamp('2005-10-01 00:00:00'), Timestamp('2005-11-01 00:00:00'))",2005-10-01,2005-11-01,,(),9.520978800798064e-07,4296.140511566211,8.710295237333566,experiment_low_state_projection_v1,standardized_huber
fitzroy_river_wa,2005,project_second_difference_z05,provisional,low_quality_peak,2005-11-01,"(Timestamp('2005-10-01 00:00:00'), Timestamp('2005-11-01 00:00:00'))",2005-10-01,2005-11-01,,(),0.00408006997130033,0.14305725269480396,8.710295237333566,experiment_low_state_projection_v1,standardized_huber
fitzroy_river_wa,2005,project_second_difference_z1,provisional,low_quality_peak,2005-11-01,"(Timestamp('2005-10-01 00:00:00'), Timestamp('2005-11-01 00:00:00'))",2005-10-01,2005-11-01,,(),0.00408006997130033,0.0,8.710295237333566,experiment_low_state_projection_v1,standardized_huber
fitzroy_river_wa,2005,project_second_difference_z2,provisional,low_quality_peak,2005-11-01,"(Timestamp('2005-10-01 00:00:00'), Timestamp('2005-11-01 00:00:00'))",2005-09-01,2005-11-01,,(),0.00408006997130033,0.0,8.710295237333566,experiment_low_state_projection_v1,standardized_huber
fitzroy_river_wa,2006,existing,provisional,low_quality_peak,2006-10-01,"(Timestamp('2006-10-01 00:00:00'),)",2006-10-01,2006-10-01,2006-11-01,"(Timestamp('2006-03-01 00:00:00'),)",9.526924555941472e-07,466647.5775862839,13.523912954516444,trough_refinement_candidate_0_2,standardized_huber
fitzroy_river_wa,2006,project_residual_z1,provisional,low_quality_peak,2006-10-01,"(Timestamp('2006-10-01 00:00:00'),)",2006-10-01,2006-10-01,2006-11-01,"(Timestamp('2006-03-01 00:00:00'),)",9.526924555941472e-07,466647.5775862839,13.523912954516444,experiment_low_state_projection_v1,standardized_huber
fitzroy_river_wa,2006,project_second_difference_z05,unresolved,experimental_no_supported_departure,,(),2006-10-01,2006-10-01,,"(Timestamp('2006-03-01 00:00:00'),)",0.010253449734268902,40.18205572531821,13.523912954516444,experiment_low_state_projection_v1,standardized_huber
fitzroy_river_wa,2006,project_second_difference_z1,provisional,low_quality_peak,2006-12-01,"(Timestamp('2006-12-01 00:00:00'),)",2006-10-01,2006-12-01,2007-01-01,"(Timestamp('2006-03-01 00:00:00'),)",0.010253449734268902,40.18205572531821,13.523912954516444,experiment_low_state_projection_v1,standardized_huber
fitzroy_river_wa,2006,project_second_difference_z2,provisional,low_quality_peak,2006-12-01,"(Timestamp('2006-12-01 00:00:00'),)",2006-09-01,2006-12-01,2007-01-01,"(Timestamp('2006-03-01 00:00:00'),)",0.010253449734268902,40.18205572531821,13.523912954516444,experiment_low_state_projection_v1,standardized_huber
fitzroy_river_wa,2007,existing,provisional,low_quality_peak,2007-11-01,"(Timestamp('2007-10-01 00:00:00'), Timestamp('2007-11-01 00:00:00'))",2007-10-01,2007-11-01,,(),9.58557687059008e-07,8109.4861928181745,8.384624326387728,trough_refinement_candidate_0_2,standardized_huber
fitzroy_river_wa,2007,project_residual_z1,provisional,low_quality_peak,2007-11-01,"(Timestamp('2007-10-01 00:00:00'), Timestamp('2007-11-01 00:00:00'))",2007-10-01,2007-11-01,,(),9.58557687059008e-07,8109.4861928181745,8.384624326387728,experiment_low_state_projection_v1,standardized_huber
fitzroy_river_wa,2007,project_second_difference_z05,provisional,low_quality_peak,2007-11-01,"(Timestamp('2007-10-01 00:00:00'), Timestamp('2007-11-01 00:00:00'))",2007-10-01,2007-11-01,,(),0.0073350967463206955,0.1652748430267264,8.384624326387728,experiment_low_state_projection_v1,standardized_huber
fitzroy_river_wa,2007,project_second_difference_z1,provisional,low_quality_peak,2007-11-01,"(Timestamp('2007-10-01 00:00:00'), Timestamp('2007-11-01 00:00:00'))",2007-10-01,2007-11-01,,(),0.0073350967463206955,0.0,8.384624326387728,experiment_low_state_projection_v1,standardized_huber
fitzroy_river_wa,2007,project_second_difference_z2,provisional,low_quality_peak,2007-11-01,"(Timestamp('2007-10-01 00:00:00'), Timestamp('2007-11-01 00:00:00'))",2007-10-01,2007-11-01,,(),0.0073350967463206955,0.0,8.384624326387728,experiment_low_state_projection_v1,standardized_huber
fitzroy_river_wa,2008,existing,provisional,low_quality_peak,2008-11-01,"(Timestamp('2008-11-01 00:00:00'),)",2008-11-01,2008-11-01,2008-12-01,"(Timestamp('2008-06-01 00:00:00'),)",9.536353097739829e-07,28588.07939732552,12.163784981858182,trough_refinement_candidate_0_2,standardized_huber
fitzroy_river_wa,2008,project_residual_z1,provisional,low_quality_peak,2008-11-01,"(Timestamp('2008-11-01 00:00:00'),)",2008-11-01,2008-11-01,2008-12-01,"(Timestamp('2008-06-01 00:00:00'),)",9.536353097739829e-07,28588.07939732552,12.163784981858182,experiment_low_state_projection_v1,standardized_huber
fitzroy_river_wa,2008,project_second_difference_z05,unresolved,experimental_no_supported_departure,,(),2008-11-01,2008-11-01,,(),0.010151450004607333,1.1286532290436178,12.163784981858182,experiment_low_state_projection_v1,standardized_huber
fitzroy_river_wa,2008,project_second_difference_z1,provisional,low_quality_peak,2008-11-01,"(Timestamp('2008-11-01 00:00:00'), Timestamp('2008-12-01 00:00:00'))",2008-10-01,2008-11-01,2008-12-01,(),0.010151450004607333,1.1286532290436178,12.163784981858182,experiment_low_state_projection_v1,standardized_huber
fitzroy_river_wa,2008,project_second_difference_z2,provisional,low_quality_peak,2008-12-01,"(Timestamp('2008-12-01 00:00:00'),)",2008-08-01,2008-12-01,2009-01-01,(),0.010151450004607333,1.1286532290436178,12.163784981858182,experiment_low_state_projection_v1,standardized_huber
fitzroy_river_wa,2009,existing,confirmed,accepted,2009-11-01,"(Timestamp('2009-11-01 00:00:00'),)",2009-11-01,2009-11-01,2009-12-01,(),9.523857441758698e-07,17192.933838562807,11.51796919734333,trough_refinement_candidate_0_2,standardized_huber
fitzroy_river_wa,2009,project_residual_z1,confirmed,accepted,2009-11-01,"(Timestamp('2009-11-01 00:00:00'),)",2009-11-01,2009-11-01,2009-12-01,(),9.523857441758698e-07,17192.933838562807,11.51796919734333,experiment_low_state_projection_v1,standardized_huber
fitzroy_river_wa,2009,project_second_difference_z05,confirmed,accepted,2009-11-01,"(Timestamp('2009-11-01 00:00:00'), Timestamp('2009-12-01 00:00:00'))",2009-10-01,2009-11-01,2009-12-01,(),0.020197754068397047,0.10404232907309084,11.51796919734333,experiment_low_state_projection_v1,standardized_huber
fitzroy_river_wa,2009,project_second_difference_z1,confirmed,accepted,2009-11-01,"(Timestamp('2009-11-01 00:00:00'), Timestamp('2009-12-01 00:00:00'))",2009-09-01,2009-11-01,2009-12-01,(),0.020197754068397047,0.10404232907309084,11.51796919734333,experiment_low_state_projection_v1,standardized_huber
fitzroy_river_wa,2009,project_second_difference_z2,confirmed,accepted,2009-12-01,"(Timestamp('2009-12-01 00:00:00'),)",2009-06-01,2009-12-01,2010-01-01,(),0.020197754068397047,0.10404232907309084,11.51796919734333,experiment_low_state_projection_v1,standardized_huber
fitzroy_river_wa,2010,existing,unresolved,unstable_quality_sensitivity,,"(Timestamp('2010-09-01 00:00:00'),)",2010-09-01,2010-09-01,,"(Timestamp('2010-07-01 00:00:00'),)",1.0231883016098405e-06,88217.96902394173,12.652618033697838,trough_refinement_candidate_0_2,standardized_huber
fitzroy_river_wa,2010,project_residual_z1,unresolved,unstable_quality_sensitivity,,"(Timestamp('2010-09-01 00:00:00'),)",2010-09-01,2010-09-01,,"(Timestamp('2010-07-01 00:00:00'),)",1.0231883016098405e-06,88217.96902394173,12.652618033697838,experiment_low_state_projection_v1,standardized_huber
fitzroy_river_wa,2010,project_second_difference_z05,unresolved,experimental_no_supported_departure,,(),2010-09-01,2010-09-01,,(),0.009058303746314812,7.213395034712589,12.652618033697838,experiment_low_state_projection_v1,standardized_huber
fitzroy_river_wa,2010,project_second_difference_z1,unresolved,unstable_quality_sensitivity,,"(Timestamp('2010-09-01 00:00:00'),)",2010-08-01,2010-09-01,,(),0.009058303746314812,7.213395034712589,12.652618033697838,experiment_low_state_projection_v1,standardized_huber
fitzroy_river_wa,2010,project_second_difference_z2,unresolved,unstable_quality_sensitivity,,"(Timestamp('2010-12-01 00:00:00'),)",2010-08-01,2010-12-01,,"(Timestamp('2010-10-01 00:00:00'),)",0.009058303746314812,7.213395034712589,12.652618033697838,experiment_low_state_projection_v1,standardized_huber
fitzroy_river_wa,2011,existing,provisional,low_quality_peak,2011-12-01,"(Timestamp('2011-09-01 00:00:00'), Timestamp('2011-10-01 00:00:00'), Timestamp('2011-11-01 00:00:00'), Timestamp('2011-12-01 00:00:00'))",2011-09-01,2011-12-01,,(),1.0349598251364999e-06,47926.13367728295,8.646103583441356,trough_refinement_candidate_0_2,standardized_huber
fitzroy_river_wa,2011,project_residual_z1,provisional,low_quality_peak,2011-12-01,"(Timestamp('2011-09-01 00:00:00'), Timestamp('2011-10-01 00:00:00'), Timestamp('2011-11-01 00:00:00'), Timestamp('2011-12-01 00:00:00'))",2011-09-01,2011-12-01,,(),1.0349598251364999e-06,47926.13367728295,8.646103583441356,experiment_low_state_projection_v1,standardized_huber
fitzroy_river_wa,2011,project_second_difference_z05,provisional,low_quality_peak,2011-12-01,"(Timestamp('2011-09-01 00:00:00'), Timestamp('2011-10-01 00:00:00'), Timestamp('2011-11-01 00:00:00'), Timestamp('2011-12-01 00:00:00'))",2011-09-01,2011-12-01,,(),0.022090735404704045,0.6796592506997148,8.646103583441356,experiment_low_state_projection_v1,standardized_huber
fitzroy_river_wa,2011,project_second_difference_z1,provisional,low_quality_peak,2011-12-01,"(Timestamp('2011-09-01 00:00:00'), Timestamp('2011-10-01 00:00:00'), Timestamp('2011-11-01 00:00:00'), Timestamp('2011-12-01 00:00:00'))",2011-09-01,2011-12-01,,(),0.022090735404704045,0.6796592506997148,8.646103583441356,experiment_low_state_projection_v1,standardized_huber
fitzroy_river_wa,2011,project_second_difference_z2,provisional,low_quality_peak,2011-12-01,"(Timestamp('2011-09-01 00:00:00'), Timestamp('2011-10-01 00:00:00'), Timestamp('2011-11-01 00:00:00'), Timestamp('2011-12-01 00:00:00'))",2011-09-01,2011-12-01,,(),0.022090735404704045,1.912366754492705,8.646103583441356,experiment_low_state_projection_v1,standardized_huber
fitzroy_river_wa,2012,existing,unresolved,unstable_quality_sensitivity,,"(Timestamp('2012-12-01 00:00:00'),)",2012-12-01,2012-12-01,,(),1.0199971356440437e-06,0.0,11.054085977576394,trough_refinement_candidate_0_2,standardized_huber
fitzroy_river_wa,2012,project_residual_z1,unresolved,unstable_quality_sensitivity,,"(Timestamp('2012-12-01 00:00:00'),)",2012-12-01,2012-12-01,,(),1.0199971356440437e-06,0.0,11.054085977576394,experiment_low_state_projection_v1,standardized_huber
fitzroy_river_wa,2012,project_second_difference_z05,unresolved,unstable_quality_sensitivity,,"(Timestamp('2012-12-01 00:00:00'),)",2012-12-01,2012-12-01,,(),0.006357860984255124,0.0,11.054085977576394,experiment_low_state_projection_v1,standardized_huber
fitzroy_river_wa,2012,project_second_difference_z1,unresolved,unstable_quality_sensitivity,,"(Timestamp('2012-12-01 00:00:00'),)",2012-12-01,2012-12-01,,(),0.006357860984255124,0.0,11.054085977576394,experiment_low_state_projection_v1,standardized_huber
fitzroy_river_wa,2012,project_second_difference_z2,unresolved,unstable_quality_sensitivity,,"(Timestamp('2012-12-01 00:00:00'),)",2012-11-01,2012-12-01,,(),0.006357860984255124,0.0,11.054085977576394,experiment_low_state_projection_v1,standardized_huber
fitzroy_river_wa,2013,existing,provisional,essential_low_quality_recovery,2013-11-01,"(Timestamp('2013-11-01 00:00:00'),)",2013-11-01,2013-11-01,,"(Timestamp('2013-05-01 00:00:00'),)",9.60775441380504e-07,2306.988762067554,8.658941123904087,trough_refinement_candidate_0_2,standardized_huber
fitzroy_river_wa,2013,project_residual_z1,provisional,essential_low_quality_recovery,2013-11-01,"(Timestamp('2013-11-01 00:00:00'),)",2013-11-01,2013-11-01,,"(Timestamp('2013-05-01 00:00:00'),)",9.60775441380504e-07,2306.988762067554,8.658941123904087,experiment_low_state_projection_v1,standardized_huber
fitzroy_river_wa,2013,project_second_difference_z05,unresolved,experimental_no_supported_departure,,(),2013-11-01,2013-11-01,,(),0.005403968466346641,0.024357026787555656,11.042044934686144,experiment_low_state_projection_v1,standardized_huber
fitzroy_river_wa,2013,project_second_difference_z1,provisional,essential_low_quality_recovery,2013-11-01,"(Timestamp('2013-11-01 00:00:00'),)",2013-10-01,2013-11-01,,(),0.005403968466346641,0.024357026787555656,8.658941123904087,experiment_low_state_projection_v1,standardized_huber
fitzroy_river_wa,2013,project_second_difference_z2,provisional,essential_low_quality_recovery,2013-11-01,"(Timestamp('2013-11-01 00:00:00'),)",2013-08-01,2013-11-01,,(),0.005403968466346641,0.024357026787555656,8.658941123904087,experiment_low_state_projection_v1,standardized_huber
fitzroy_river_wa,2014,existing,provisional,essential_low_quality_recovery,2014-11-01,"(Timestamp('2014-11-01 00:00:00'),)",2014-11-01,2014-11-01,2014-12-01,(),9.533116647813782e-07,158.66463640171202,11.257622109191239,trough_refinement_candidate_0_2,standardized_huber
fitzroy_river_wa,2014,project_residual_z1,provisional,essential_low_quality_recovery,2014-11-01,"(Timestamp('2014-11-01 00:00:00'),)",2014-11-01,2014-11-01,2014-12-01,(),9.533116647813782e-07,158.66463640171202,11.257622109191239,experiment_low_state_projection_v1,standardized_huber
fitzroy_river_wa,2014,project_second_difference_z05,unresolved,experimental_no_supported_departure,,(),2014-11-01,2014-11-01,,(),0.013833817716400895,1.7373146516658518e-05,11.257622109191239,experiment_low_state_projection_v1,standardized_huber
fitzroy_river_wa,2014,project_second_difference_z1,provisional,essential_low_quality_recovery,2014-11-01,"(Timestamp('2014-11-01 00:00:00'),)",2014-09-01,2014-11-01,2014-12-01,(),0.013833817716400895,1.7373146516658518e-05,11.257622109191239,experiment_low_state_projection_v1,standardized_huber
fitzroy_river_wa,2014,project_second_difference_z2,provisional,essential_low_quality_recovery,2014-11-01,"(Timestamp('2014-11-01 00:00:00'),)",2014-08-01,2014-11-01,2014-12-01,(),0.013833817716400895,1.7373146516658518e-05,11.257622109191239,experiment_low_state_projection_v1,standardized_huber
fitzroy_river_wa,2015,existing,provisional,interval_peak,2015-10-01,"(Timestamp('2015-10-01 00:00:00'),)",2015-10-01,2015-10-01,2015-11-01,(),9.536447160110636e-07,1581.7591586820126,13.283218630513911,trough_refinement_candidate_0_2,standardized_huber
fitzroy_river_wa,2015,project_residual_z1,provisional,interval_peak,2015-10-01,"(Timestamp('2015-10-01 00:00:00'),)",2015-10-01,2015-10-01,2015-11-01,(),9.536447160110636e-07,1581.7591586820126,13.283218630513911,experiment_low_state_projection_v1,standardized_huber
fitzroy_river_wa,2015,project_second_difference_z05,unresolved,unstable_peak_sensitivity,,"(Timestamp('2015-11-01 00:00:00'), Timestamp('2015-12-01 00:00:00'))",2015-09-01,2015-11-01,,(),0.00827022460474332,0.004739571264375826,13.283218630513911,experiment_low_state_projection_v1,standardized_huber
fitzroy_river_wa,2015,project_second_difference_z1,provisional,interval_peak,2015-11-01,"(Timestamp('2015-11-01 00:00:00'), Timestamp('2015-12-01 00:00:00'))",2015-09-01,2015-11-01,2015-12-01,(),0.010304027636974297,0.004739571264375826,13.283218630513911,experiment_low_state_projection_v1,standardized_huber
fitzroy_river_wa,2015,project_second_difference_z2,provisional,interval_peak,2015-12-01,"(Timestamp('2015-12-01 00:00:00'),)",2015-07-01,2015-12-01,2016-01-01,(),0.010304027636974297,0.004739571264375826,13.283218630513911,experiment_low_state_projection_v1,standardized_huber
fitzroy_river_wa,2016,existing,provisional,interval_peak,2016-11-01,"(Timestamp('2016-11-01 00:00:00'),)",2016-11-01,2016-11-01,2016-12-01,"(Timestamp('2016-05-01 00:00:00'),)",9.521129371230234e-07,29185.631337240193,11.384001226303463,trough_refinement_candidate_0_2,standardized_huber
fitzroy_river_wa,2016,project_residual_z1,provisional,interval_peak,2016-11-01,"(Timestamp('2016-11-01 00:00:00'),)",2016-11-01,2016-11-01,2016-12-01,"(Timestamp('2016-05-01 00:00:00'),)",9.521129371230234e-07,29185.631337240193,11.384001226303463,experiment_low_state_projection_v1,standardized_huber
fitzroy_river_wa,2016,project_second_difference_z05,unresolved,unstable_peak_sensitivity,,(),2016-11-01,2016-11-01,,(),0.016245374650214462,0.40717286195079877,12.335292292158213,experiment_low_state_projection_v1,standardized_huber
fitzroy_river_wa,2016,project_second_difference_z1,provisional,interval_peak,2016-11-01,"(Timestamp('2016-11-01 00:00:00'),)",2016-09-01,2016-11-01,2016-12-01,(),0.016245374650214462,0.40717286195079877,11.384001226303463,experiment_low_state_projection_v1,standardized_huber
fitzroy_river_wa,2016,project_second_difference_z2,unresolved,unstable_peak_sensitivity,,"(Timestamp('2016-12-01 00:00:00'),)",2016-07-01,2016-12-01,,(),0.016245374650214462,0.40717286195079877,12.335292292158213,experiment_low_state_projection_v1,standardized_huber
fitzroy_river_wa,2017,existing,confirmed,accepted,2017-11-01,"(Timestamp('2017-11-01 00:00:00'),)",2017-11-01,2017-11-01,2017-12-01,(),9.537127259143977e-07,0.0,12.290762971343504,trough_refinement_candidate_0_2,standardized_huber
fitzroy_river_wa,2017,project_residual_z1,confirmed,accepted,2017-11-01,"(Timestamp('2017-11-01 00:00:00'),)",2017-11-01,2017-11-01,2017-12-01,(),9.537127259143977e-07,0.0,12.290762971343504,experiment_low_state_projection_v1,standardized_huber
fitzroy_river_wa,2017,project_second_difference_z05,unresolved,experimental_no_supported_departure,,(),2017-11-01,2017-11-01,,(),0.030551842112239967,0.0,12.290762971343504,experiment_low_state_projection_v1,standardized_huber
fitzroy_river_wa,2017,project_second_difference_z1,confirmed,accepted,2017-11-01,"(Timestamp('2017-11-01 00:00:00'), Timestamp('2017-12-01 00:00:00'))",2017-09-01,2017-11-01,2017-12-01,(),0.030551842112239967,0.0,12.290762971343504,experiment_low_state_projection_v1,standardized_huber
fitzroy_river_wa,2017,project_second_difference_z2,confirmed,accepted,2017-12-01,"(Timestamp('2017-12-01 00:00:00'),)",2017-08-01,2017-12-01,2018-01-01,(),0.030551842112239967,0.0,12.290762971343504,experiment_low_state_projection_v1,standardized_huber
fitzroy_river_wa,2018,existing,confirmed,accepted,2018-11-01,"(Timestamp('2018-11-01 00:00:00'),)",2018-11-01,2018-11-01,2018-12-01,(),9.519544677131838e-07,0.0,12.570400685068611,trough_refinement_candidate_0_2,standardized_huber
fitzroy_river_wa,2018,project_residual_z1,confirmed,accepted,2018-11-01,"(Timestamp('2018-11-01 00:00:00'),)",2018-11-01,2018-11-01,2018-12-01,(),9.519544677131838e-07,0.0,12.570400685068611,experiment_low_state_projection_v1,standardized_huber
fitzroy_river_wa,2018,project_second_difference_z05,unresolved,experimental_no_supported_departure,,(),2018-11-01,2018-11-01,,(),0.00519839565554408,0.0,12.570400685068611,experiment_low_state_projection_v1,standardized_huber
fitzroy_river_wa,2018,project_second_difference_z1,confirmed,accepted,2018-12-01,"(Timestamp('2018-12-01 00:00:00'),)",2018-11-01,2018-12-01,2019-01-01,(),0.00519839565554408,0.0,12.570400685068611,experiment_low_state_projection_v1,standardized_huber
fitzroy_river_wa,2018,project_second_difference_z2,confirmed,accepted,2018-12-01,"(Timestamp('2018-12-01 00:00:00'),)",2018-10-01,2018-12-01,2019-01-01,(),0.00519839565554408,0.0,12.570400685068611,experiment_low_state_projection_v1,standardized_huber
fitzroy_river_wa,2019,existing,confirmed,accepted,2019-12-01,"(Timestamp('2019-12-01 00:00:00'),)",2019-12-01,2019-12-01,2020-01-01,"(Timestamp('2019-06-01 00:00:00'), Timestamp('2019-09-01 00:00:00'))",9.524980591055259e-07,3924.998925349473,13.516966930803006,trough_refinement_candidate_0_2,standardized_huber
fitzroy_river_wa,2019,project_residual_z1,confirmed,accepted,2019-12-01,"(Timestamp('2019-12-01 00:00:00'),)",2019-12-01,2019-12-01,2020-01-01,"(Timestamp('2019-06-01 00:00:00'), Timestamp('2019-09-01 00:00:00'))",9.524980591055259e-07,3924.998925349473,13.516966930803006,experiment_low_state_projection_v1,standardized_huber
fitzroy_river_wa,2019,project_second_difference_z05,unresolved,experimental_no_supported_departure,,(),2019-12-01,2019-12-01,,(),0.0040677085036995965,0.07938313474731507,13.516966930803006,experiment_low_state_projection_v1,standardized_huber
fitzroy_river_wa,2019,project_second_difference_z1,confirmed,accepted,2019-12-01,"(Timestamp('2019-12-01 00:00:00'),)",2019-11-01,2019-12-01,2020-01-01,(),0.0040677085036995965,0.07938313474731507,13.516966930803006,experiment_low_state_projection_v1,standardized_huber
fitzroy_river_wa,2019,project_second_difference_z2,confirmed,accepted,2019-12-01,"(Timestamp('2019-12-01 00:00:00'),)",2019-08-01,2019-12-01,2020-01-01,(),0.0040677085036995965,0.07938313474731507,13.516966930803006,experiment_low_state_projection_v1,standardized_huber
fitzroy_river_wa,2020,existing,confirmed,accepted,2020-10-01,"(Timestamp('2020-10-01 00:00:00'),)",2020-10-01,2020-10-01,2020-11-01,(),9.521346396836406e-07,187753.38842139856,12.346076362895284,trough_refinement_candidate_0_2,standardized_huber
fitzroy_river_wa,2020,project_residual_z1,confirmed,accepted,2020-10-01,"(Timestamp('2020-10-01 00:00:00'),)",2020-10-01,2020-10-01,2020-11-01,(),9.521346396836406e-07,187753.38842139856,12.346076362895284,experiment_low_state_projection_v1,standardized_huber
fitzroy_river_wa,2020,project_second_difference_z05,unresolved,experimental_no_supported_departure,,(),2020-10-01,2020-10-01,,(),0.023025587493382363,6.290939275383846,12.346076362895284,experiment_low_state_projection_v1,standardized_huber
fitzroy_river_wa,2020,project_second_difference_z1,confirmed,accepted,2020-11-01,"(Timestamp('2020-11-01 00:00:00'),)",2020-09-01,2020-11-01,2020-12-01,(),0.023025587493382363,6.290939275383846,12.346076362895284,experiment_low_state_projection_v1,standardized_huber
fitzroy_river_wa,2020,project_second_difference_z2,confirmed,accepted,2020-11-01,"(Timestamp('2020-11-01 00:00:00'),)",2020-07-01,2020-11-01,2020-12-01,(),0.023025587493382363,6.290939275383846,12.346076362895284,experiment_low_state_projection_v1,standardized_huber
fitzroy_river_wa,2021,existing,confirmed,accepted,2021-10-01,"(Timestamp('2021-10-01 00:00:00'),)",2021-10-01,2021-10-01,2021-11-01,(),9.519173069606923e-07,9326.137183984647,11.634659645356283,trough_refinement_candidate_0_2,standardized_huber
fitzroy_river_wa,2021,project_residual_z1,confirmed,accepted,2021-10-01,"(Timestamp('2021-10-01 00:00:00'),)",2021-10-01,2021-10-01,2021-11-01,(),9.519173069606923e-07,9326.137183984647,11.634659645356283,experiment_low_state_projection_v1,standardized_huber
fitzroy_river_wa,2021,project_second_difference_z05,confirmed,accepted,2021-12-01,"(Timestamp('2021-12-01 00:00:00'), Timestamp('2022-01-01 00:00:00'))",2021-10-01,2021-12-01,2022-01-01,(),0.016580325104215594,0.04098860087329342,11.634659645356283,experiment_low_state_projection_v1,standardized_huber
fitzroy_river_wa,2021,project_second_difference_z1,confirmed,accepted,2021-12-01,"(Timestamp('2021-12-01 00:00:00'), Timestamp('2022-01-01 00:00:00'))",2021-09-01,2021-12-01,2022-01-01,(),0.016580325104215594,0.04098860087329342,11.634659645356283,experiment_low_state_projection_v1,standardized_huber
fitzroy_river_wa,2021,project_second_difference_z2,confirmed,accepted,2022-01-01,"(Timestamp('2022-01-01 00:00:00'),)",2021-08-01,2022-01-01,2022-02-01,(),0.016580325104215594,0.04098860087329342,11.634659645356283,experiment_low_state_projection_v1,standardized_huber
fitzroy_river_wa,2022,existing,confirmed,accepted,2022-11-01,"(Timestamp('2022-11-01 00:00:00'),)",2022-11-01,2022-11-01,2022-12-01,"(Timestamp('2022-10-01 00:00:00'),)",9.523135694095357e-07,10365.595115029722,11.556984279991202,trough_refinement_candidate_0_2,standardized_huber
fitzroy_river_wa,2022,project_residual_z1,confirmed,accepted,2022-11-01,"(Timestamp('2022-11-01 00:00:00'),)",2022-11-01,2022-11-01,2022-12-01,"(Timestamp('2022-10-01 00:00:00'),)",9.523135694095357e-07,10365.595115029722,11.556984279991202,experiment_low_state_projection_v1,standardized_huber
fitzroy_river_wa,2022,project_second_difference_z05,confirmed,accepted,2022-11-01,"(Timestamp('2022-11-01 00:00:00'),)",2022-08-01,2022-11-01,2022-12-01,(),0.024108912160899307,0.02384821574724997,11.556984279991202,experiment_low_state_projection_v1,standardized_huber
fitzroy_river_wa,2022,project_second_difference_z1,confirmed,accepted,2022-11-01,"(Timestamp('2022-11-01 00:00:00'),)",2022-07-01,2022-11-01,2022-12-01,(),0.024108912160899307,0.02384821574724997,11.556984279991202,experiment_low_state_projection_v1,standardized_huber
fitzroy_river_wa,2022,project_second_difference_z2,confirmed,accepted,2022-11-01,"(Timestamp('2022-11-01 00:00:00'),)",2022-05-01,2022-11-01,2022-12-01,(),0.024108912160899307,0.02384821574724997,11.556984279991202,experiment_low_state_projection_v1,standardized_huber
fitzroy_river_wa,2023,existing,confirmed,accepted,2024-01-01,"(Timestamp('2024-01-01 00:00:00'),)",2024-01-01,2024-01-01,2024-02-01,(),9.526487374046143e-07,23031.844062171993,14.489083972451038,trough_refinement_candidate_0_2,standardized_huber
fitzroy_river_wa,2023,project_residual_z1,confirmed,accepted,2024-01-01,"(Timestamp('2024-01-01 00:00:00'),)",2024-01-01,2024-01-01,2024-02-01,(),9.526487374046143e-07,23031.844062171993,14.489083972451038,experiment_low_state_projection_v1,standardized_huber
fitzroy_river_wa,2023,project_second_difference_z05,confirmed,accepted,2024-01-01,"(Timestamp('2024-01-01 00:00:00'),)",2023-11-01,2024-01-01,2024-02-01,(),0.023241936552454618,0.12693399546417133,14.489083972451038,experiment_low_state_projection_v1,standardized_huber
fitzroy_river_wa,2023,project_second_difference_z1,confirmed,accepted,2024-01-01,"(Timestamp('2024-01-01 00:00:00'),)",2023-09-01,2024-01-01,2024-02-01,(),0.023241936552454618,0.12693399546417133,14.489083972451038,experiment_low_state_projection_v1,standardized_huber
fitzroy_river_wa,2023,project_second_difference_z2,confirmed,accepted,2024-01-01,"(Timestamp('2024-01-01 00:00:00'),)",2023-09-01,2024-01-01,2024-02-01,(),0.023241936552454618,0.12693399546417133,14.489083972451038,experiment_low_state_projection_v1,standardized_huber
fitzroy_river_wa,2024,existing,provisional,interval_peak,2024-11-01,"(Timestamp('2024-11-01 00:00:00'),)",2024-11-01,2024-11-01,2024-12-01,(),9.522936406582988e-07,0.0,10.63101061704945,trough_refinement_candidate_0_2,standardized_huber
fitzroy_river_wa,2024,project_residual_z1,provisional,interval_peak,2024-11-01,"(Timestamp('2024-11-01 00:00:00'),)",2024-11-01,2024-11-01,2024-12-01,(),9.522936406582988e-07,0.0,10.63101061704945,experiment_low_state_projection_v1,standardized_huber
fitzroy_river_wa,2024,project_second_difference_z05,unresolved,unstable_peak_sensitivity,,(),2024-11-01,2024-11-01,,(),0.010924206347892864,0.0,11.56864487008015,experiment_low_state_projection_v1,standardized_huber
fitzroy_river_wa,2024,project_second_difference_z1,provisional,interval_peak,2024-11-01,"(Timestamp('2024-11-01 00:00:00'),)",2024-09-01,2024-11-01,2024-12-01,(),0.014302676170859778,0.0,10.63101061704945,experiment_low_state_projection_v1,standardized_huber
fitzroy_river_wa,2024,project_second_difference_z2,provisional,interval_peak,2024-11-01,"(Timestamp('2024-11-01 00:00:00'),)",2024-08-01,2024-11-01,2024-12-01,(),0.014302676170859778,0.0,10.63101061704945,experiment_low_state_projection_v1,standardized_huber
fitzroy_river_wa,2025,existing,awaiting_next_peak,open_span,,(),,,,(),0.0,,0.0,trough_refinement_candidate_0_2,unavailable
fitzroy_river_wa,2025,project_residual_z1,awaiting_next_peak,open_span,,(),,,,(),0.0,,0.0,experiment_low_state_projection_v1,unavailable
fitzroy_river_wa,2025,project_second_difference_z05,awaiting_next_peak,open_span,,(),,,,(),0.0,,0.0,experiment_low_state_projection_v1,unavailable
fitzroy_river_wa,2025,project_second_difference_z1,awaiting_next_peak,open_span,,(),,,,(),0.0,,0.0,experiment_low_state_projection_v1,unavailable
fitzroy_river_wa,2025,project_second_difference_z2,awaiting_next_peak,open_span,,(),,,,(),0.0,,0.0,experiment_low_state_projection_v1,unavailable
