catchment,hy_year,scenario,injected_floor_pp,published_boundary,published_refinement_reason,status,reason,boundary,boundary_candidates,low_state_start,low_state_end,recovery_start,pulse_months,local_scale_pp,best_loss,effective_support,policy_version,loss_basis
daly_river_nt,2005,existing,0.0,2005-09-01,unstable_quality_sensitivity,unresolved,unstable_quality_sensitivity,,"(Timestamp('2006-01-01 00:00:00'),)",2006-01-01,2006-01-01,,"(Timestamp('2005-12-01 00:00:00'),)",0.00062574057352811,160.98599683045293,14.188425711756944,trough_refinement_candidate_0_2,standardized_huber
daly_river_nt,2005,record_floor_sensitivity_only,0.0222601039762857,2005-09-01,unstable_quality_sensitivity,unresolved,unstable_quality_sensitivity,,"(Timestamp('2006-01-01 00:00:00'),)",2006-01-01,2006-01-01,,"(Timestamp('2005-12-01 00:00:00'),)",0.0222601039762857,2.9239986369898423,14.188425711756944,trough_refinement_candidate_0_2,standardized_huber
daly_river_nt,2008,existing,0.0,2008-10-01,accepted,confirmed,accepted,2008-10-01,"(Timestamp('2008-10-01 00:00:00'),)",2008-10-01,2008-10-01,2008-11-01,(),1.681696882887145e-06,0.0,11.427547420302634,trough_refinement_candidate_0_2,standardized_huber
daly_river_nt,2008,record_floor_sensitivity_only,0.0222601039762857,2008-10-01,accepted,confirmed,accepted,2008-10-01,"(Timestamp('2008-10-01 00:00:00'), Timestamp('2008-11-01 00:00:00'))",2008-10-01,2008-10-01,2008-11-01,(),0.0222601039762857,0.0,11.427547420302634,trough_refinement_candidate_0_2,standardized_huber
daly_river_nt,2011,existing,0.0,2011-09-01,unstable_quality_sensitivity,unresolved,unstable_quality_sensitivity,,"(Timestamp('2012-01-01 00:00:00'),)",2012-01-01,2012-01-01,,"(Timestamp('2011-10-01 00:00:00'), Timestamp('2011-12-01 00:00:00'))",1.9334524984556547e-06,78622.22106115925,9.178854641349517,trough_refinement_candidate_0_2,standardized_huber
daly_river_nt,2011,record_floor_sensitivity_only,0.0222601039762857,2011-09-01,unstable_quality_sensitivity,unresolved,unstable_quality_sensitivity,,"(Timestamp('2011-12-01 00:00:00'), Timestamp('2012-01-01 00:00:00'))",2012-01-01,2012-01-01,,"(Timestamp('2011-12-01 00:00:00'),)",0.0222601039762857,6.64900299636191,9.178854641349517,trough_refinement_candidate_0_2,standardized_huber
daly_river_nt,2012,existing,0.0,2013-02-01,low_quality_peak,provisional,low_quality_peak,2013-02-01,"(Timestamp('2012-09-01 00:00:00'), Timestamp('2012-10-01 00:00:00'), Timestamp('2012-11-01 00:00:00'), Timestamp('2012-12-01 00:00:00'), Timestamp('2013-01-01 00:00:00'), Timestamp('2013-02-01 00:00:00'))",2012-11-01,2013-02-01,,"(Timestamp('2012-10-01 00:00:00'),)",0.03893803944165536,6.197784044800484,8.658869661205998,trough_refinement_candidate_0_2,standardized_huber
daly_river_nt,2012,record_floor_sensitivity_only,0.0222601039762857,2013-02-01,low_quality_peak,provisional,low_quality_peak,2013-02-01,"(Timestamp('2012-09-01 00:00:00'), Timestamp('2012-10-01 00:00:00'), Timestamp('2012-11-01 00:00:00'), Timestamp('2012-12-01 00:00:00'), Timestamp('2013-01-01 00:00:00'), Timestamp('2013-02-01 00:00:00'))",2012-11-01,2013-02-01,,(),0.03893803944165536,6.197784044800484,8.658869661205998,trough_refinement_candidate_0_2,standardized_huber
daly_river_nt,2014,existing,0.0,2014-12-01,essential_low_quality_recovery,provisional,essential_low_quality_recovery,2014-12-01,"(Timestamp('2014-10-01 00:00:00'), Timestamp('2014-11-01 00:00:00'), Timestamp('2014-12-01 00:00:00'))",2014-12-01,2014-12-01,,"(Timestamp('2014-06-01 00:00:00'),)",0.004451815337515917,8.966543925073266,9.54770168228973,trough_refinement_candidate_0_2,standardized_huber
daly_river_nt,2014,record_floor_sensitivity_only,0.0222601039762857,2014-12-01,essential_low_quality_recovery,provisional,essential_low_quality_recovery,2014-12-01,"(Timestamp('2014-09-01 00:00:00'), Timestamp('2014-10-01 00:00:00'), Timestamp('2014-11-01 00:00:00'), Timestamp('2014-12-01 00:00:00'))",2014-12-01,2014-12-01,,(),0.0222601039762857,0.7511950487259093,9.54770168228973,trough_refinement_candidate_0_2,standardized_huber
daly_river_nt,2016,existing,0.0,2016-12-01,essential_low_quality_recovery,provisional,essential_low_quality_recovery,2016-12-01,"(Timestamp('2016-11-01 00:00:00'), Timestamp('2016-12-01 00:00:00'))",2016-11-01,2016-12-01,,"(Timestamp('2016-06-01 00:00:00'),)",1.7033591509853823e-06,86872.4830891964,11.585225774929178,trough_refinement_candidate_0_2,standardized_huber
daly_river_nt,2016,record_floor_sensitivity_only,0.0222601039762857,2016-12-01,essential_low_quality_recovery,provisional,essential_low_quality_recovery,2016-12-01,"(Timestamp('2016-08-01 00:00:00'), Timestamp('2016-09-01 00:00:00'), Timestamp('2016-10-01 00:00:00'), Timestamp('2016-11-01 00:00:00'), Timestamp('2016-12-01 00:00:00'))",2016-09-01,2016-12-01,,(),0.0222601039762857,5.1135675588554514,11.585225774929178,trough_refinement_candidate_0_2,standardized_huber
daly_river_nt,2018,existing,0.0,2018-11-01,unstable_quality_sensitivity,unresolved,unstable_quality_sensitivity,,"(Timestamp('2018-11-01 00:00:00'),)",2018-11-01,2018-11-01,,(),1.6819402539837427e-06,727.3601124319009,12.251235033609602,trough_refinement_candidate_0_2,standardized_huber
daly_river_nt,2018,record_floor_sensitivity_only,0.0222601039762857,2018-11-01,unstable_quality_sensitivity,provisional,interval_peak,2019-01-01,"(Timestamp('2018-09-01 00:00:00'), Timestamp('2018-10-01 00:00:00'), Timestamp('2018-11-01 00:00:00'), Timestamp('2018-12-01 00:00:00'), Timestamp('2019-01-01 00:00:00'))",2019-01-01,2019-01-01,,(),0.0222601039762857,0.0754351095343473,10.632894423405311,trough_refinement_candidate_0_2,standardized_huber
daly_river_nt,2019,existing,0.0,2019-11-01,interval_peak,provisional,interval_peak,2019-11-01,"(Timestamp('2019-11-01 00:00:00'),)",2019-11-01,2019-11-01,2019-12-01,"(Timestamp('2019-04-01 00:00:00'), Timestamp('2019-06-01 00:00:00'))",1.6779806957622109e-06,25525.678990872766,9.736998841842391,trough_refinement_candidate_0_2,standardized_huber
daly_river_nt,2019,record_floor_sensitivity_only,0.0222601039762857,2019-11-01,interval_peak,provisional,interval_peak,2019-11-01,"(Timestamp('2019-08-01 00:00:00'), Timestamp('2019-09-01 00:00:00'), Timestamp('2019-10-01 00:00:00'), Timestamp('2019-11-01 00:00:00'), Timestamp('2019-12-01 00:00:00'))",2019-11-01,2019-11-01,2019-12-01,(),0.0222601039762857,0.3465033273057423,9.736998841842391,trough_refinement_candidate_0_2,standardized_huber
daly_river_nt,2020,existing,0.0,2020-11-01,unstable_quality_sensitivity,unresolved,unstable_quality_sensitivity,,"(Timestamp('2021-01-01 00:00:00'),)",2021-01-01,2021-01-01,,"(Timestamp('2020-10-01 00:00:00'), Timestamp('2020-12-01 00:00:00'))",1.6822518639330944e-06,65247.35899264363,12.1699304118369,trough_refinement_candidate_0_2,standardized_huber
daly_river_nt,2020,record_floor_sensitivity_only,0.0222601039762857,2020-11-01,unstable_quality_sensitivity,unresolved,unstable_quality_sensitivity,,"(Timestamp('2021-01-01 00:00:00'),)",2021-01-01,2021-01-01,,"(Timestamp('2020-12-01 00:00:00'),)",0.0222601039762857,3.7911337607517694,12.1699304118369,trough_refinement_candidate_0_2,standardized_huber
fitzroy_river_wa,2005,existing,0.0,2005-11-01,low_quality_peak,provisional,low_quality_peak,2005-11-01,"(Timestamp('2005-10-01 00:00:00'), Timestamp('2005-11-01 00:00:00'))",2005-10-01,2005-11-01,,(),9.520978800798064e-07,4296.140511566211,8.710295237333566,trough_refinement_candidate_0_2,standardized_huber
fitzroy_river_wa,2005,record_floor_sensitivity_only,0.0148253438173371,2005-11-01,low_quality_peak,provisional,low_quality_peak,2005-11-01,"(Timestamp('2005-07-01 00:00:00'), Timestamp('2005-08-01 00:00:00'), Timestamp('2005-09-01 00:00:00'), Timestamp('2005-10-01 00:00:00'), Timestamp('2005-11-01 00:00:00'))",2005-10-01,2005-11-01,,(),0.0148253438173371,0.01083516563758044,8.710295237333566,trough_refinement_candidate_0_2,standardized_huber
fitzroy_river_wa,2006,existing,0.0,2006-10-01,low_quality_peak,provisional,low_quality_peak,2006-10-01,"(Timestamp('2006-10-01 00:00:00'),)",2006-10-01,2006-10-01,2006-11-01,"(Timestamp('2006-03-01 00:00:00'),)",9.526924555941472e-07,466647.5775862839,13.523912954516444,trough_refinement_candidate_0_2,standardized_huber
fitzroy_river_wa,2006,record_floor_sensitivity_only,0.0148253438173371,2006-10-01,low_quality_peak,provisional,low_quality_peak,2006-10-01,"(Timestamp('2006-09-01 00:00:00'), Timestamp('2006-10-01 00:00:00'), Timestamp('2006-11-01 00:00:00'), Timestamp('2006-12-01 00:00:00'))",2006-10-01,2006-10-01,2006-11-01,"(Timestamp('2006-03-01 00:00:00'),)",0.0148253438173371,26.897659717273548,13.523912954516444,trough_refinement_candidate_0_2,standardized_huber
fitzroy_river_wa,2007,existing,0.0,2007-11-01,low_quality_peak,provisional,low_quality_peak,2007-11-01,"(Timestamp('2007-10-01 00:00:00'), Timestamp('2007-11-01 00:00:00'))",2007-10-01,2007-11-01,,(),9.58557687059008e-07,8109.4861928181745,8.384624326387728,trough_refinement_candidate_0_2,standardized_huber
fitzroy_river_wa,2007,record_floor_sensitivity_only,0.0148253438173371,2007-11-01,low_quality_peak,provisional,low_quality_peak,2007-11-01,"(Timestamp('2007-09-01 00:00:00'), Timestamp('2007-10-01 00:00:00'), Timestamp('2007-11-01 00:00:00'))",2007-10-01,2007-11-01,,(),0.0148253438173371,0.040458418101915375,8.384624326387728,trough_refinement_candidate_0_2,standardized_huber
fitzroy_river_wa,2008,existing,0.0,2008-11-01,low_quality_peak,provisional,low_quality_peak,2008-11-01,"(Timestamp('2008-11-01 00:00:00'),)",2008-11-01,2008-11-01,2008-12-01,"(Timestamp('2008-06-01 00:00:00'),)",9.536353097739829e-07,28588.07939732552,12.163784981858182,trough_refinement_candidate_0_2,standardized_huber
fitzroy_river_wa,2008,record_floor_sensitivity_only,0.0148253438173371,2008-11-01,low_quality_peak,provisional,low_quality_peak,2008-11-01,"(Timestamp('2008-08-01 00:00:00'), Timestamp('2008-09-01 00:00:00'), Timestamp('2008-10-01 00:00:00'), Timestamp('2008-11-01 00:00:00'), Timestamp('2008-12-01 00:00:00'))",2008-11-01,2008-11-01,2008-12-01,(),0.0148253438173371,0.5291845312044826,12.163784981858182,trough_refinement_candidate_0_2,standardized_huber
fitzroy_river_wa,2009,existing,0.0,2009-11-01,accepted,confirmed,accepted,2009-11-01,"(Timestamp('2009-11-01 00:00:00'),)",2009-11-01,2009-11-01,2009-12-01,(),9.523857441758698e-07,17192.933838562807,11.51796919734333,trough_refinement_candidate_0_2,standardized_huber
fitzroy_river_wa,2009,record_floor_sensitivity_only,0.0148253438173371,2009-11-01,accepted,confirmed,accepted,2009-11-01,"(Timestamp('2009-09-01 00:00:00'), Timestamp('2009-10-01 00:00:00'), Timestamp('2009-11-01 00:00:00'), Timestamp('2009-12-01 00:00:00'))",2009-11-01,2009-11-01,2009-12-01,(),0.0148253438173371,0.19311085088794383,11.51796919734333,trough_refinement_candidate_0_2,standardized_huber
fitzroy_river_wa,2010,existing,0.0,2010-08-01,unstable_quality_sensitivity,unresolved,unstable_quality_sensitivity,,"(Timestamp('2010-09-01 00:00:00'),)",2010-09-01,2010-09-01,,"(Timestamp('2010-07-01 00:00:00'),)",1.0231883016098405e-06,88217.96902394173,12.652618033697838,trough_refinement_candidate_0_2,standardized_huber
fitzroy_river_wa,2010,record_floor_sensitivity_only,0.0148253438173371,2010-08-01,unstable_quality_sensitivity,unresolved,unstable_quality_sensitivity,,"(Timestamp('2010-08-01 00:00:00'), Timestamp('2010-09-01 00:00:00'), Timestamp('2010-10-01 00:00:00'), Timestamp('2010-11-01 00:00:00'), Timestamp('2010-12-01 00:00:00'))",2010-09-01,2010-09-01,,(),0.0148253438173371,3.8410583201656867,12.652618033697838,trough_refinement_candidate_0_2,standardized_huber
fitzroy_river_wa,2011,existing,0.0,2011-12-01,low_quality_peak,provisional,low_quality_peak,2011-12-01,"(Timestamp('2011-09-01 00:00:00'), Timestamp('2011-10-01 00:00:00'), Timestamp('2011-11-01 00:00:00'), Timestamp('2011-12-01 00:00:00'))",2011-09-01,2011-12-01,,(),1.0349598251364999e-06,47926.13367728295,8.646103583441356,trough_refinement_candidate_0_2,standardized_huber
fitzroy_river_wa,2011,record_floor_sensitivity_only,0.0148253438173371,2011-12-01,low_quality_peak,provisional,low_quality_peak,2011-12-01,"(Timestamp('2011-09-01 00:00:00'), Timestamp('2011-10-01 00:00:00'), Timestamp('2011-11-01 00:00:00'), Timestamp('2011-12-01 00:00:00'))",2011-09-01,2011-12-01,,(),0.0148253438173371,1.5051231381127161,8.646103583441356,trough_refinement_candidate_0_2,standardized_huber
fitzroy_river_wa,2012,existing,0.0,2012-10-01,unstable_quality_sensitivity,unresolved,unstable_quality_sensitivity,,"(Timestamp('2012-12-01 00:00:00'),)",2012-12-01,2012-12-01,,(),1.0199971356440437e-06,0.0,11.054085977576394,trough_refinement_candidate_0_2,standardized_huber
fitzroy_river_wa,2012,record_floor_sensitivity_only,0.0148253438173371,2012-10-01,unstable_quality_sensitivity,unresolved,unstable_quality_sensitivity,,"(Timestamp('2012-09-01 00:00:00'), Timestamp('2012-10-01 00:00:00'), Timestamp('2012-11-01 00:00:00'), Timestamp('2012-12-01 00:00:00'), Timestamp('2013-01-01 00:00:00'))",2012-12-01,2012-12-01,,(),0.0148253438173371,0.0,11.054085977576394,trough_refinement_candidate_0_2,standardized_huber
fitzroy_river_wa,2013,existing,0.0,2013-11-01,essential_low_quality_recovery,provisional,essential_low_quality_recovery,2013-11-01,"(Timestamp('2013-11-01 00:00:00'),)",2013-11-01,2013-11-01,,"(Timestamp('2013-05-01 00:00:00'),)",9.60775441380504e-07,2306.988762067554,8.658941123904087,trough_refinement_candidate_0_2,standardized_huber
fitzroy_river_wa,2013,record_floor_sensitivity_only,0.0148253438173371,2013-11-01,essential_low_quality_recovery,provisional,essential_low_quality_recovery,2013-11-01,"(Timestamp('2013-08-01 00:00:00'), Timestamp('2013-09-01 00:00:00'), Timestamp('2013-10-01 00:00:00'), Timestamp('2013-11-01 00:00:00'))",2013-11-01,2013-11-01,,(),0.0148253438173371,0.0032362371432041854,8.658941123904087,trough_refinement_candidate_0_2,standardized_huber
fitzroy_river_wa,2014,existing,0.0,2014-11-01,essential_low_quality_recovery,provisional,essential_low_quality_recovery,2014-11-01,"(Timestamp('2014-11-01 00:00:00'),)",2014-11-01,2014-11-01,2014-12-01,(),9.533116647813782e-07,158.66463640171202,11.257622109191239,trough_refinement_candidate_0_2,standardized_huber
fitzroy_river_wa,2014,record_floor_sensitivity_only,0.0148253438173371,2014-11-01,essential_low_quality_recovery,provisional,essential_low_quality_recovery,2014-11-01,"(Timestamp('2014-09-01 00:00:00'), Timestamp('2014-10-01 00:00:00'), Timestamp('2014-11-01 00:00:00'))",2014-11-01,2014-11-01,2014-12-01,(),0.0148253438173371,1.512700784178785e-05,11.257622109191239,trough_refinement_candidate_0_2,standardized_huber
fitzroy_river_wa,2015,existing,0.0,2015-10-01,interval_peak,provisional,interval_peak,2015-10-01,"(Timestamp('2015-10-01 00:00:00'),)",2015-10-01,2015-10-01,2015-11-01,(),9.536447160110636e-07,1581.7591586820126,13.283218630513911,trough_refinement_candidate_0_2,standardized_huber
fitzroy_river_wa,2015,record_floor_sensitivity_only,0.0148253438173371,2015-10-01,interval_peak,provisional,interval_peak,2015-10-01,"(Timestamp('2015-07-01 00:00:00'), Timestamp('2015-08-01 00:00:00'), Timestamp('2015-09-01 00:00:00'), Timestamp('2015-10-01 00:00:00'), Timestamp('2015-11-01 00:00:00'), Timestamp('2015-12-01 00:00:00'))",2015-10-01,2015-10-01,2015-11-01,(),0.0148253438173371,0.001474905240013358,13.283218630513911,trough_refinement_candidate_0_2,standardized_huber
fitzroy_river_wa,2016,existing,0.0,2016-11-01,interval_peak,provisional,interval_peak,2016-11-01,"(Timestamp('2016-11-01 00:00:00'),)",2016-11-01,2016-11-01,2016-12-01,"(Timestamp('2016-05-01 00:00:00'),)",9.521129371230234e-07,29185.631337240193,11.384001226303463,trough_refinement_candidate_0_2,standardized_huber
fitzroy_river_wa,2016,record_floor_sensitivity_only,0.0148253438173371,2016-11-01,interval_peak,provisional,interval_peak,2016-11-01,"(Timestamp('2016-08-01 00:00:00'), Timestamp('2016-09-01 00:00:00'), Timestamp('2016-10-01 00:00:00'), Timestamp('2016-11-01 00:00:00'))",2016-11-01,2016-11-01,2016-12-01,(),0.0148253438173371,0.48890979664870066,11.384001226303463,trough_refinement_candidate_0_2,standardized_huber
fitzroy_river_wa,2017,existing,0.0,2017-11-01,accepted,confirmed,accepted,2017-11-01,"(Timestamp('2017-11-01 00:00:00'),)",2017-11-01,2017-11-01,2017-12-01,(),9.537127259143977e-07,0.0,12.290762971343504,trough_refinement_candidate_0_2,standardized_huber
fitzroy_river_wa,2017,record_floor_sensitivity_only,0.0148253438173371,2017-11-01,accepted,confirmed,accepted,2017-11-01,"(Timestamp('2017-10-01 00:00:00'), Timestamp('2017-11-01 00:00:00'))",2017-11-01,2017-11-01,2017-12-01,(),0.0148253438173371,0.0,12.290762971343504,trough_refinement_candidate_0_2,standardized_huber
fitzroy_river_wa,2018,existing,0.0,2018-11-01,accepted,confirmed,accepted,2018-11-01,"(Timestamp('2018-11-01 00:00:00'),)",2018-11-01,2018-11-01,2018-12-01,(),9.519544677131838e-07,0.0,12.570400685068611,trough_refinement_candidate_0_2,standardized_huber
fitzroy_river_wa,2018,record_floor_sensitivity_only,0.0148253438173371,2018-11-01,accepted,confirmed,accepted,2018-11-01,"(Timestamp('2018-09-01 00:00:00'), Timestamp('2018-10-01 00:00:00'), Timestamp('2018-11-01 00:00:00'), Timestamp('2018-12-01 00:00:00'))",2018-11-01,2018-11-01,2018-12-01,(),0.0148253438173371,0.0,12.570400685068611,trough_refinement_candidate_0_2,standardized_huber
fitzroy_river_wa,2019,existing,0.0,2019-12-01,accepted,confirmed,accepted,2019-12-01,"(Timestamp('2019-12-01 00:00:00'),)",2019-12-01,2019-12-01,2020-01-01,"(Timestamp('2019-06-01 00:00:00'), Timestamp('2019-09-01 00:00:00'))",9.524980591055259e-07,3924.998925349473,13.516966930803006,trough_refinement_candidate_0_2,standardized_huber
fitzroy_river_wa,2019,record_floor_sensitivity_only,0.0148253438173371,2019-12-01,accepted,unresolved,boundary_set_too_broad,,"(Timestamp('2019-06-01 00:00:00'), Timestamp('2019-07-01 00:00:00'), Timestamp('2019-08-01 00:00:00'), Timestamp('2019-09-01 00:00:00'), Timestamp('2019-10-01 00:00:00'), Timestamp('2019-11-01 00:00:00'), Timestamp('2019-12-01 00:00:00'))",2019-12-01,2019-12-01,,(),0.0148253438173371,0.005976106707476872,13.516966930803006,trough_refinement_candidate_0_2,standardized_huber
fitzroy_river_wa,2020,existing,0.0,2020-10-01,accepted,confirmed,accepted,2020-10-01,"(Timestamp('2020-10-01 00:00:00'),)",2020-10-01,2020-10-01,2020-11-01,(),9.521346396836406e-07,187753.38842139856,12.346076362895284,trough_refinement_candidate_0_2,standardized_huber
fitzroy_river_wa,2020,record_floor_sensitivity_only,0.0148253438173371,2020-10-01,accepted,confirmed,accepted,2020-10-01,"(Timestamp('2020-09-01 00:00:00'), Timestamp('2020-10-01 00:00:00'), Timestamp('2020-11-01 00:00:00'))",2020-10-01,2020-10-01,2020-11-01,(),0.0148253438173371,10.585322722873507,12.346076362895284,trough_refinement_candidate_0_2,standardized_huber
fitzroy_river_wa,2021,existing,0.0,2021-10-01,accepted,confirmed,accepted,2021-10-01,"(Timestamp('2021-10-01 00:00:00'),)",2021-10-01,2021-10-01,2021-11-01,(),9.519173069606923e-07,9326.137183984647,11.634659645356283,trough_refinement_candidate_0_2,standardized_huber
fitzroy_river_wa,2021,record_floor_sensitivity_only,0.0148253438173371,2021-10-01,accepted,confirmed,accepted,2021-10-01,"(Timestamp('2021-09-01 00:00:00'), Timestamp('2021-10-01 00:00:00'), Timestamp('2021-11-01 00:00:00'), Timestamp('2021-12-01 00:00:00'), Timestamp('2022-01-01 00:00:00'))",2021-10-01,2021-10-01,2021-11-01,(),0.0148253438173371,0.05126720368488731,11.634659645356283,trough_refinement_candidate_0_2,standardized_huber
fitzroy_river_wa,2022,existing,0.0,2022-11-01,accepted,confirmed,accepted,2022-11-01,"(Timestamp('2022-11-01 00:00:00'),)",2022-11-01,2022-11-01,2022-12-01,"(Timestamp('2022-10-01 00:00:00'),)",9.523135694095357e-07,10365.595115029722,11.556984279991202,trough_refinement_candidate_0_2,standardized_huber
fitzroy_river_wa,2022,record_floor_sensitivity_only,0.0148253438173371,2022-11-01,accepted,confirmed,accepted,2022-11-01,"(Timestamp('2022-07-01 00:00:00'), Timestamp('2022-08-01 00:00:00'), Timestamp('2022-09-01 00:00:00'), Timestamp('2022-10-01 00:00:00'), Timestamp('2022-11-01 00:00:00'))",2022-11-01,2022-11-01,2022-12-01,(),0.0148253438173371,0.06306691295249844,11.556984279991202,trough_refinement_candidate_0_2,standardized_huber
fitzroy_river_wa,2023,existing,0.0,2024-01-01,accepted,confirmed,accepted,2024-01-01,"(Timestamp('2024-01-01 00:00:00'),)",2024-01-01,2024-01-01,2024-02-01,(),9.526487374046143e-07,23031.844062171993,14.489083972451038,trough_refinement_candidate_0_2,standardized_huber
fitzroy_river_wa,2023,record_floor_sensitivity_only,0.0148253438173371,2024-01-01,accepted,confirmed,accepted,2024-01-01,"(Timestamp('2023-10-01 00:00:00'), Timestamp('2023-11-01 00:00:00'), Timestamp('2023-12-01 00:00:00'), Timestamp('2024-01-01 00:00:00'))",2024-01-01,2024-01-01,2024-02-01,(),0.0148253438173371,0.31197013802880247,14.489083972451038,trough_refinement_candidate_0_2,standardized_huber
fitzroy_river_wa,2024,existing,0.0,2024-11-01,interval_peak,provisional,interval_peak,2024-11-01,"(Timestamp('2024-11-01 00:00:00'),)",2024-11-01,2024-11-01,2024-12-01,(),9.522936406582988e-07,0.0,10.63101061704945,trough_refinement_candidate_0_2,standardized_huber
fitzroy_river_wa,2024,record_floor_sensitivity_only,0.0148253438173371,2024-11-01,interval_peak,provisional,interval_peak,2024-11-01,"(Timestamp('2024-08-01 00:00:00'), Timestamp('2024-09-01 00:00:00'), Timestamp('2024-10-01 00:00:00'), Timestamp('2024-11-01 00:00:00'))",2024-11-01,2024-11-01,2024-12-01,(),0.0148253438173371,0.0,10.63101061704945,trough_refinement_candidate_0_2,standardized_huber
fitzroy_river_wa,2025,existing,0.0,2025-11-01,open_span,awaiting_next_peak,open_span,,(),,,,(),0.0,,0.0,trough_refinement_candidate_0_2,unavailable
fitzroy_river_wa,2025,record_floor_sensitivity_only,0.0148253438173371,2025-11-01,open_span,awaiting_next_peak,open_span,,(),,,,(),0.0,,0.0,trough_refinement_candidate_0_2,unavailable
